sequence.start,Desorb.Start.Time,CreationTime,eithertime,status,Tube,markes_n,GC_n,either_n,markes_GC,create_desorb,verdict,FileName,sample,user,FullName,id,fuzzy_n,desorb.Start.diff,rowSum,nameBlank,Mixup,kBlank,Cluster
2017-08-25T07:22:12Z,2017-08-25T14:28:17Z,2017-08-25T14:23:23Z,2017-08-25T14:23:23Z,Desorbed NA,1,1,NA,1,NA,294,NA,Blank_08252017.qgd,NA,Blank,C:/GCMSsolution/Data/Project1/Campbell RMBL Data/Other species - Campbell/Blank_08252017.qgd,bf3978ae-d01b-4a56-bb25-1051fc9841b9,1,34639,NA,NA,NA,NA,NA
2017-08-25T07:22:12Z,2017-08-25T15:01:55Z,2017-08-25T15:05:50Z,2017-08-25T15:01:55Z,Leak-test failure High Pressure Leak Failure,2,2,NA,2,NA,234.5,NA,HVleafJul30redo_08252017.qgd,NA,NA,C:/GCMSsolution/Data/Project1/Campbell RMBL Data/Other species - Campbell/HVleafJul30redo_08252017.qgd,bf3978ae-d01b-4a56-bb25-1051fc9841b9,1,2018.5,NA,NA,NA,NA,NA
2017-08-25T07:22:12Z,2017-08-25T15:35:34Z,2017-08-25T15:42:02Z,2017-08-25T15:35:34Z,Desorbed NA,3,3,NA,3,NA,388,NA,AMleafAug5_08252017.qgd,NA,NA,C:/GCMSsolution/Data/Project1/Campbell RMBL Data/Other species - Campbell/AMleafAug5_08252017.qgd,bf3978ae-d01b-4a56-bb25-1051fc9841b9,1,2018.5,NA,NA,NA,NA,NA
2017-08-25T07:22:12Z,2017-08-25T16:11:50Z,2017-08-25T16:18:44Z,2017-08-25T16:11:50Z,Desorbed NA,4,4,NA,4,NA,414,NA,ESleafJul30_08252017.qgd,NA,NA,C:/GCMSsolution/Data/Project1/Campbell RMBL Data/Other species - Campbell/ESleafJul30_08252017.qgd,bf3978ae-d01b-4a56-bb25-1051fc9841b9,1,2176,NA,NA,NA,NA,NA
2017-08-25T07:22:12Z,2017-08-25T16:48:38Z,2017-08-25T16:55:44Z,2017-08-25T16:48:38Z,Desorbed NA,5,5,NA,5,NA,426,NA,GBleafAug5_08252017.qgd,NA,NA,C:/GCMSsolution/Data/Project1/Campbell RMBL Data/Other species - Campbell/GBleafAug5_08252017.qgd,bf3978ae-d01b-4a56-bb25-1051fc9841b9,1,2208,NA,NA,NA,NA,NA
2017-08-25T07:22:12Z,2017-08-25T17:25:30Z,2017-08-25T17:32:34Z,2017-08-25T17:25:30Z,Desorbed NA,6,6,NA,6,NA,424,NA,ACleafAug5_08252017.qgd,NA,NA,C:/GCMSsolution/Data/Project1/Campbell RMBL Data/Other species - Campbell/ACleafAug5_08252017.qgd,bf3978ae-d01b-4a56-bb25-1051fc9841b9,1,2212,NA,NA,NA,NA,NA
2017-08-25T07:22:12Z,2017-08-25T18:02:31Z,2017-08-25T17:50:32Z,2017-08-25T17:50:32Z,Desorbed NA,7,7,NA,7,NA,719,NA,STD3uL0.01_07252017anal.qgd,NA,Martin,C:/GCMSsolution/Data/Project1/Campbell RMBL Data/Ipomopsis/STD3uL0.01_07252017anal.qgd,bf3978ae-d01b-4a56-bb25-1051fc9841b9,2,2221,NA,NA,NA,NA,NA
2017-08-25T07:22:12Z,2017-08-25T18:02:31Z,2017-08-25T18:09:33Z,2017-08-25T18:02:31Z,Desorbed NA,7,7,NA,7,NA,422,NA,Blank2_08252017.qgd,NA,Blank,C:/GCMSsolution/Data/Project1/Campbell RMBL Data/Other species - Campbell/Blank2_08252017.qgd,bf3978ae-d01b-4a56-bb25-1051fc9841b9,2,0,NA,NA,NA,NA,NA
2017-08-25T07:22:12Z,2017-08-25T18:39:37Z,2017-08-25T18:46:41Z,2017-08-25T18:39:37Z,Desorbed NA,8,8,NA,8,NA,424,NA,Lupine1Aug3L_08252017.qgd,NA,NA,C:/GCMSsolution/Data/Project1/Campbell RMBL Data/Other species - Campbell/Lupine1Aug3L_08252017.qgd,bf3978ae-d01b-4a56-bb25-1051fc9841b9,1,2226,407340100,FALSE,TRUE,TRUE,2
2017-08-25T07:22:12Z,2017-08-25T19:16:47Z,2017-08-25T19:23:53Z,2017-08-25T19:16:47Z,Desorbed NA,9,9,NA,9,NA,426,NA,Lupine2Aug3L_08252017.qgd,NA,NA,C:/GCMSsolution/Data/Project1/Campbell RMBL Data/Other species - Campbell/Lupine2Aug3L_08252017.qgd,bf3978ae-d01b-4a56-bb25-1051fc9841b9,1,2230,534248886,FALSE,TRUE,TRUE,2
2017-08-25T07:22:12Z,2017-08-25T19:54:14Z,2017-08-25T20:01:18Z,2017-08-25T19:54:14Z,Desorbed NA,10,10,NA,10,NA,424,NA,LupineR1Aug20_08252017.qgd,NA,NA,C:/GCMSsolution/Data/Project1/Campbell RMBL Data/Other species - Campbell/LupineR1Aug20_08252017.qgd,bf3978ae-d01b-4a56-bb25-1051fc9841b9,1,2247,309655604,FALSE,TRUE,TRUE,2
2017-08-25T07:22:12Z,NA,NA,NA,NA NA,11,11,NA,11,NA,NA,NA,NA,NA,NA,NA,bf3978ae-d01b-4a56-bb25-1051fc9841b9,1,NA,NA,NA,NA,NA,NA
2017-08-25T14:26:21Z,NA,NA,NA,Leak-test failure High Pressure Leak Failure,2,1,NA,1,NA,NA,NA,NA,NA,NA,NA,5566bfb7-2c2e-4e15-a0a6-628b8e21f7bb,1,NA,NA,NA,NA,NA,NA
2017-08-25T14:26:21Z,2017-08-25T21:54:01Z,2017-08-25T22:00:31Z,2017-08-25T21:54:01Z,Desorbed NA,3,2,NA,2,NA,390,NA,LupineR2Aug20redo_08252017.qgd,NA,NA,C:/GCMSsolution/Data/Project1/Campbell RMBL Data/Other species - Campbell/LupineR2Aug20redo_08252017.qgd,5566bfb7-2c2e-4e15-a0a6-628b8e21f7bb,1,NA,262082968,FALSE,TRUE,TRUE,2
2017-08-25T14:26:21Z,2017-08-25T22:31:35Z,2017-08-25T22:38:41Z,2017-08-25T22:31:35Z,Desorbed NA,4,3,NA,3,NA,426,NA,LupineR3Aug20_08252017.qgd,NA,NA,C:/GCMSsolution/Data/Project1/Campbell RMBL Data/Other species - Campbell/LupineR3Aug20_08252017.qgd,5566bfb7-2c2e-4e15-a0a6-628b8e21f7bb,1,2254,255559175,FALSE,TRUE,TRUE,2
2017-08-25T14:26:21Z,2017-08-25T23:10:07Z,2017-08-25T23:17:10Z,2017-08-25T23:10:07Z,Desorbed NA,5,4,NA,4,NA,423,NA,LupineR4Aug20_08252017.qgd,NA,NA,C:/GCMSsolution/Data/Project1/Campbell RMBL Data/Other species - Campbell/LupineR4Aug20_08252017.qgd,5566bfb7-2c2e-4e15-a0a6-628b8e21f7bb,1,2312,299516729,FALSE,TRUE,TRUE,2
2017-08-25T14:26:21Z,2017-08-25T23:48:47Z,2017-08-25T23:55:54Z,2017-08-25T23:48:47Z,Desorbed NA,6,5,NA,5,NA,427,NA,Lupine3Aug3_08252017.qgd,NA,NA,C:/GCMSsolution/Data/Project1/Campbell RMBL Data/Other species - Campbell/Lupine3Aug3_08252017.qgd,5566bfb7-2c2e-4e15-a0a6-628b8e21f7bb,1,2320,320152258,FALSE,TRUE,TRUE,2
2017-08-25T14:26:21Z,2017-08-26T00:27:45Z,2017-08-26T00:34:47Z,2017-08-26T00:27:45Z,Desorbed NA,7,6,NA,6,NA,422,NA,Lupine4Aug3_08252017.qgd,NA,NA,C:/GCMSsolution/Data/Project1/Campbell RMBL Data/Other species - Campbell/Lupine4Aug3_08252017.qgd,5566bfb7-2c2e-4e15-a0a6-628b8e21f7bb,1,2338,363002139,FALSE,TRUE,TRUE,2
2017-08-26T07:48:32Z,2017-08-26T14:53:26Z,2017-08-26T14:49:28Z,2017-08-26T14:49:28Z,Desorbed NA,1,1,NA,1,NA,238,NA,Blank_08262017.qgd,NA,Blank,C:/GCMSsolution/Data/Project1/Campbell RMBL Data/Other species - Campbell/Blank_08262017.qgd,2a728d80-1a6e-44e0-9cc6-a4c6eca1c7d9,1,51941,NA,NA,NA,NA,NA
2017-08-26T07:48:32Z,2017-08-26T15:26:36Z,2017-08-26T15:30:51Z,2017-08-26T15:26:36Z,Leak-test failure High Pressure Leak Failure,2,2,NA,2,NA,255,NA,HVleafJul30redo3_08262017.qgd,NA,NA,C:/GCMSsolution/Data/Project1/Campbell RMBL Data/Other species - Campbell/HVleafJul30redo3_08262017.qgd,2a728d80-1a6e-44e0-9cc6-a4c6eca1c7d9,1,1990,NA,NA,NA,NA,NA
2017-08-26T07:48:32Z,2017-08-26T15:59:46Z,2017-08-26T16:06:17Z,2017-08-26T15:59:46Z,Desorbed NA,3,3,NA,3,NA,391,NA,AirAug3_08262017.qgd,NA,NA,C:/GCMSsolution/Data/Project1/Campbell RMBL Data/Other species - Campbell/AirAug3_08262017.qgd,2a728d80-1a6e-44e0-9cc6-a4c6eca1c7d9,1,1990,NA,NA,NA,NA,NA
2017-08-26T07:48:32Z,2017-08-26T16:36:15Z,2017-08-26T16:43:20Z,2017-08-26T16:36:15Z,Desorbed NA,4,4,NA,4,NA,425,NA,Lupine5Aug3L_08262017.qgd,NA,NA,C:/GCMSsolution/Data/Project1/Campbell RMBL Data/Other species - Campbell/Lupine5Aug3L_08262017.qgd,2a728d80-1a6e-44e0-9cc6-a4c6eca1c7d9,1,2189,246343902,FALSE,TRUE,TRUE,2
2017-08-26T07:48:32Z,2017-08-26T17:14:53Z,2017-08-26T17:21:53Z,2017-08-26T17:14:53Z,Desorbed NA,5,5,NA,5,NA,420,NA,AirAug20_08262017.qgd,NA,NA,C:/GCMSsolution/Data/Project1/Campbell RMBL Data/Other species - Campbell/AirAug20_08262017.qgd,2a728d80-1a6e-44e0-9cc6-a4c6eca1c7d9,1,2318,NA,NA,NA,NA,NA
2017-08-26T07:48:32Z,2017-08-26T17:52:02Z,2017-08-26T17:59:01Z,2017-08-26T17:52:02Z,Desorbed NA,6,6,NA,6,NA,419,NA,AirAug9_08262017.qgd,NA,NA,C:/GCMSsolution/Data/Project1/Campbell RMBL Data/Other species - Campbell/AirAug9_08262017.qgd,2a728d80-1a6e-44e0-9cc6-a4c6eca1c7d9,1,2229,NA,NA,NA,NA,NA
2017-08-26T07:48:32Z,2017-08-26T18:29:17Z,2017-08-26T18:36:21Z,2017-08-26T18:29:17Z,Desorbed NA,7,7,NA,7,NA,424,NA,AMAug9_08262017.qgd,NA,NA,C:/GCMSsolution/Data/Project1/Campbell RMBL Data/Other species - Campbell/AMAug9_08262017.qgd,2a728d80-1a6e-44e0-9cc6-a4c6eca1c7d9,1,2235,NA,NA,NA,NA,NA
2017-08-26T07:48:32Z,2017-08-26T19:06:41Z,2017-08-26T19:13:45Z,2017-08-26T19:06:41Z,Desorbed NA,8,8,NA,8,NA,424,NA,GBAug9_08262017.qgd,NA,NA,C:/GCMSsolution/Data/Project1/Campbell RMBL Data/Other species - Campbell/GBAug9_08262017.qgd,2a728d80-1a6e-44e0-9cc6-a4c6eca1c7d9,1,2244,NA,NA,NA,NA,NA
2017-08-26T07:48:32Z,2017-08-26T19:44:15Z,2017-08-26T19:51:18Z,2017-08-26T19:44:15Z,Desorbed NA,9,9,NA,9,NA,423,NA,HVAug9_08262017.qgd,NA,NA,C:/GCMSsolution/Data/Project1/Campbell RMBL Data/Other species - Campbell/HVAug9_08262017.qgd,2a728d80-1a6e-44e0-9cc6-a4c6eca1c7d9,1,2254,NA,NA,NA,NA,NA
2017-08-26T07:48:32Z,2017-08-26T20:22:10Z,2017-08-26T20:29:21Z,2017-08-26T20:22:10Z,Desorbed NA,10,10,NA,10,NA,431,NA,CRAug9_08262017.qgd,NA,NA,C:/GCMSsolution/Data/Project1/Campbell RMBL Data/Other species - Campbell/CRAug9_08262017.qgd,2a728d80-1a6e-44e0-9cc6-a4c6eca1c7d9,1,2275,NA,NA,NA,NA,NA
2017-08-26T07:48:32Z,2017-08-26T21:01:35Z,2017-08-26T21:07:45Z,2017-08-26T21:01:35Z,Desorbed NA,11,11,NA,11,NA,370,NA,ACAug9_08262017.qgd,NA,NA,C:/GCMSsolution/Data/Project1/Campbell RMBL Data/Other species - Campbell/ACAug9_08262017.qgd,2a728d80-1a6e-44e0-9cc6-a4c6eca1c7d9,1,2365,NA,NA,NA,NA,NA
2017-08-26T07:48:32Z,2017-08-26T21:39:41Z,2017-08-26T21:46:51Z,2017-08-26T21:39:41Z,Desorbed NA,12,12,NA,12,NA,430,NA,ESAug9_08262017.qgd,NA,NA,C:/GCMSsolution/Data/Project1/Campbell RMBL Data/Other species - Campbell/ESAug9_08262017.qgd,2a728d80-1a6e-44e0-9cc6-a4c6eca1c7d9,1,2286,NA,NA,NA,NA,NA
2017-08-26T07:48:32Z,2017-08-26T22:19:06Z,2017-08-26T22:26:10Z,2017-08-26T22:19:06Z,Desorbed NA,13,13,NA,13,NA,424,NA,AirAug25_08262017.qgd,NA,NA,C:/GCMSsolution/Data/Project1/Campbell RMBL Data/Other species - Campbell/AirAug25_08262017.qgd,2a728d80-1a6e-44e0-9cc6-a4c6eca1c7d9,1,2365,NA,NA,NA,NA,NA
2017-08-26T07:48:32Z,2017-08-26T22:58:36Z,2017-08-26T23:05:42Z,2017-08-26T22:58:36Z,Desorbed NA,14,14,NA,14,NA,426,NA,HM1Aug25_08262017.qgd,NA,NA,C:/GCMSsolution/Data/Project1/Campbell RMBL Data/Other species - Campbell/HM1Aug25_08262017.qgd,2a728d80-1a6e-44e0-9cc6-a4c6eca1c7d9,1,2370,NA,NA,NA,NA,NA
2017-08-26T07:48:32Z,2017-08-26T23:38:18Z,2017-08-26T23:45:23Z,2017-08-26T23:38:18Z,Desorbed NA,15,15,NA,15,NA,425,NA,HM2Aug25_08262017.qgd,NA,NA,C:/GCMSsolution/Data/Project1/Campbell RMBL Data/Other species - Campbell/HM2Aug25_08262017.qgd,2a728d80-1a6e-44e0-9cc6-a4c6eca1c7d9,1,2382,NA,NA,NA,NA,NA
2017-08-26T07:48:32Z,2017-08-27T00:18:02Z,2017-08-27T00:25:10Z,2017-08-27T00:18:02Z,Desorbed NA,16,16,NA,16,NA,428,NA,Blank2_08262017.qgd,NA,Blank,C:/GCMSsolution/Data/Project1/Campbell RMBL Data/Other species - Campbell/Blank2_08262017.qgd,2a728d80-1a6e-44e0-9cc6-a4c6eca1c7d9,1,2384,NA,NA,NA,NA,NA
2018-08-20T08:33:56Z,2018-08-20T15:38:53Z,2018-08-20T15:37:17Z,2018-08-20T15:37:17Z,Desorbed NA,1,1,NA,1,NA,96,NA,Blank_08202018.qgd,NA,Blank,C:/GCMSsolution/Data/Project1/Campbell RMBL Data/Lupinus argenteus/Blank_08202018.qgd,d411aaf6-db84-426d-a90c-107814d8bc4a,1,142695,323974268,TRUE,FALSE,TRUE,2
2018-08-20T08:33:56Z,2018-08-20T16:09:27Z,2018-08-20T16:19:30Z,2018-08-20T16:09:27Z,Desorbed NA,2,2,NA,2,NA,603,NA,AirBellNAug16_08202018.qgd,NA,NA,C:/GCMSsolution/Data/Project1/Campbell RMBL Data/Lupinus argenteus/AirBellNAug16_08202018.qgd,d411aaf6-db84-426d-a90c-107814d8bc4a,1,1834,69893678,FALSE,TRUE,TRUE,2
2018-08-20T08:33:56Z,2018-08-20T16:45:02Z,2018-08-20T16:55:09Z,2018-08-20T16:45:02Z,Desorbed NA,3,3,NA,3,NA,607,NA,BellNLeaf38Aug16_08202018.qgd,NA,NA,C:/GCMSsolution/Data/Project1/Campbell RMBL Data/Lupinus argenteus/BellNLeaf38Aug16_08202018.qgd,d411aaf6-db84-426d-a90c-107814d8bc4a,1,2135,76209750,FALSE,TRUE,TRUE,2
2018-08-20T08:33:56Z,2018-08-20T17:20:46Z,2018-08-20T17:30:52Z,2018-08-20T17:20:46Z,Desorbed NA,4,4,NA,4,NA,606,NA,BellNLeaf40Aug16_08202018.qgd,NA,NA,C:/GCMSsolution/Data/Project1/Campbell RMBL Data/Lupinus argenteus/BellNLeaf40Aug16_08202018.qgd,d411aaf6-db84-426d-a90c-107814d8bc4a,1,2144,38232514,FALSE,TRUE,TRUE,2
2018-08-20T08:33:56Z,2018-08-20T17:56:40Z,2018-08-20T18:06:44Z,2018-08-20T17:56:40Z,Desorbed NA,5,5,NA,5,NA,604,NA,BellNFlr40Aug16_08202018.qgd,NA,NA,C:/GCMSsolution/Data/Project1/Campbell RMBL Data/Lupinus argenteus/BellNFlr40Aug16_08202018.qgd,d411aaf6-db84-426d-a90c-107814d8bc4a,1,2154,83207532,FALSE,TRUE,TRUE,2
2018-08-20T08:33:56Z,2018-08-20T18:32:47Z,2018-08-20T18:42:53Z,2018-08-20T18:32:47Z,Desorbed NA,6,6,NA,6,NA,606,NA,BellNFlr35Aug16_08202018.qgd,NA,NA,C:/GCMSsolution/Data/Project1/Campbell RMBL Data/Lupinus argenteus/BellNFlr35Aug16_08202018.qgd,d411aaf6-db84-426d-a90c-107814d8bc4a,1,2167,109308775,FALSE,TRUE,TRUE,2
2018-08-20T08:33:56Z,2018-08-20T19:09:16Z,2018-08-20T19:19:19Z,2018-08-20T19:09:16Z,Desorbed NA,7,7,NA,7,NA,603,NA,BellNFlr30Aug16_08202018.qgd,NA,NA,C:/GCMSsolution/Data/Project1/Campbell RMBL Data/Lupinus argenteus/BellNFlr30Aug16_08202018.qgd,d411aaf6-db84-426d-a90c-107814d8bc4a,1,2189,120118764,FALSE,TRUE,TRUE,2
2018-08-20T08:33:56Z,2018-08-20T19:46:03Z,2018-08-20T19:56:07Z,2018-08-20T19:46:03Z,Desorbed NA,8,8,NA,8,NA,604,NA,BellNFlr38Aug16_08202018.qgd,NA,NA,C:/GCMSsolution/Data/Project1/Campbell RMBL Data/Lupinus argenteus/BellNFlr38Aug16_08202018.qgd,d411aaf6-db84-426d-a90c-107814d8bc4a,1,2207,91163699,FALSE,TRUE,TRUE,2
2018-08-20T08:33:56Z,2018-08-20T20:23:09Z,2018-08-20T20:33:12Z,2018-08-20T20:23:09Z,Desorbed NA,9,9,NA,9,NA,603,NA,BellNFlr31Aug16_08202018.qgd,NA,NA,C:/GCMSsolution/Data/Project1/Campbell RMBL Data/Lupinus argenteus/BellNFlr31Aug16_08202018.qgd,d411aaf6-db84-426d-a90c-107814d8bc4a,1,2226,43371296,FALSE,TRUE,TRUE,2
2018-08-20T08:33:56Z,2018-08-20T21:00:33Z,2018-08-20T21:10:26Z,2018-08-20T21:00:33Z,Desorbed NA,10,10,NA,10,NA,593,NA,BellNFlr34Aug16_08202018.qgd,NA,NA,C:/GCMSsolution/Data/Project1/Campbell RMBL Data/Lupinus argenteus/BellNFlr34Aug16_08202018.qgd,d411aaf6-db84-426d-a90c-107814d8bc4a,1,2244,62908427,FALSE,TRUE,TRUE,2
2018-08-20T08:33:56Z,2018-08-20T21:38:04Z,2018-08-20T21:47:05Z,2018-08-20T21:38:04Z,Desorbed NA,11,11,NA,11,NA,541,NA,BellNFlr33Aug16_08202018.qgd,NA,NA,C:/GCMSsolution/Data/Project1/Campbell RMBL Data/Lupinus argenteus/BellNFlr33Aug16_08202018.qgd,d411aaf6-db84-426d-a90c-107814d8bc4a,1,2251,71407237,FALSE,TRUE,TRUE,2
2018-08-20T08:33:56Z,2018-08-20T22:14:07Z,2018-08-20T22:24:10Z,2018-08-20T22:14:07Z,Desorbed NA,12,12,NA,12,NA,603,NA,BellNFlr42Aug16_08202018.qgd,NA,NA,C:/GCMSsolution/Data/Project1/Campbell RMBL Data/Lupinus argenteus/BellNFlr42Aug16_08202018.qgd,d411aaf6-db84-426d-a90c-107814d8bc4a,1,2163,60811245,FALSE,TRUE,TRUE,2
2018-08-20T08:33:56Z,2018-08-20T22:51:25Z,2018-08-20T23:01:27Z,2018-08-20T22:51:25Z,Desorbed NA,13,13,NA,13,NA,602,NA,BellNFlr39Aug16_08202018.qgd,NA,NA,C:/GCMSsolution/Data/Project1/Campbell RMBL Data/Lupinus argenteus/BellNFlr39Aug16_08202018.qgd,d411aaf6-db84-426d-a90c-107814d8bc4a,1,2238,71181434,FALSE,TRUE,TRUE,2
2018-08-20T08:33:56Z,2018-08-20T23:28:59Z,2018-08-20T23:39:02Z,2018-08-20T23:28:59Z,Desorbed NA,14,14,NA,14,NA,603,NA,BellNFlr32Aug16_08202018.qgd,NA,NA,C:/GCMSsolution/Data/Project1/Campbell RMBL Data/Lupinus argenteus/BellNFlr32Aug16_08202018.qgd,d411aaf6-db84-426d-a90c-107814d8bc4a,1,2254,134085336,FALSE,TRUE,TRUE,2
2018-08-20T08:33:56Z,2018-08-21T00:06:36Z,2018-08-21T00:16:41Z,2018-08-21T00:06:36Z,Desorbed NA,15,15,NA,15,NA,605,NA,BellNBeetleAug16_08202018.qgd,NA,NA,C:/GCMSsolution/Data/Project1/Campbell RMBL Data/Lupinus argenteus/BellNBeetleAug16_08202018.qgd,d411aaf6-db84-426d-a90c-107814d8bc4a,1,2257,67065877,FALSE,TRUE,TRUE,2
2018-08-20T08:33:56Z,2018-08-21T00:44:10Z,2018-08-21T00:54:11Z,2018-08-21T00:44:10Z,Desorbed NA,16,16,NA,16,NA,601,NA,AirBellNAug18_08202018.qgd,NA,NA,C:/GCMSsolution/Data/Project1/Campbell RMBL Data/Lupinus argenteus/AirBellNAug18_08202018.qgd,d411aaf6-db84-426d-a90c-107814d8bc4a,1,2254,53428368,FALSE,TRUE,TRUE,2
2018-08-20T08:33:56Z,2018-08-21T01:21:34Z,2018-08-21T01:31:41Z,2018-08-21T01:21:34Z,Desorbed NA,17,17,NA,17,NA,607,NA,BellNFlr29Aug18_08202018.qgd,NA,NA,C:/GCMSsolution/Data/Project1/Campbell RMBL Data/Lupinus argenteus/BellNFlr29Aug18_08202018.qgd,d411aaf6-db84-426d-a90c-107814d8bc4a,1,2244,74297839,FALSE,TRUE,TRUE,2
2018-08-20T08:33:56Z,2018-08-21T01:58:55Z,2018-08-21T02:08:58Z,2018-08-21T01:58:55Z,Desorbed NA,18,18,NA,18,NA,603,NA,BellNFlr27Aug18_08202018.qgd,NA,NA,C:/GCMSsolution/Data/Project1/Campbell RMBL Data/Lupinus argenteus/BellNFlr27Aug18_08202018.qgd,d411aaf6-db84-426d-a90c-107814d8bc4a,1,2241,70567854,FALSE,TRUE,TRUE,2
2018-08-20T08:33:56Z,2018-08-21T02:36:02Z,2018-08-21T02:45:58Z,2018-08-21T02:36:02Z,Desorbed NA,19,19,NA,19,NA,596,NA,BellNFlr44Aug18_08202018.qgd,NA,NA,C:/GCMSsolution/Data/Project1/Campbell RMBL Data/Lupinus argenteus/BellNFlr44Aug18_08202018.qgd,d411aaf6-db84-426d-a90c-107814d8bc4a,1,2227,100185167,FALSE,TRUE,TRUE,2
2018-08-20T08:33:56Z,2018-08-21T12:52:26Z,NA,2018-08-21T12:52:26Z,Leak-test failure High Pressure Leak Failure,20,20,NA,20,NA,NA,NA,NA,NA,NA,NA,d411aaf6-db84-426d-a90c-107814d8bc4a,1,36984,NA,NA,NA,NA,NA
2018-08-21T16:05:06Z,2018-08-21T23:08:50Z,2018-08-21T23:09:34Z,2018-08-21T23:08:50Z,Desorbed NA,1,1,NA,1,NA,44,NA,Blank_08212018.qgd,NA,Blank,C:/GCMSsolution/Data/Project1/Campbell RMBL Data/Lupinus argenteus/Blank_08212018.qgd,2e43b46b-71c5-4665-8059-da737c3a4a10,1,36984,164567224,TRUE,FALSE,TRUE,2
2018-08-21T16:05:06Z,2018-08-21T23:39:15Z,2018-08-21T23:49:24Z,2018-08-21T23:39:15Z,Desorbed NA,2,2,NA,2,NA,609,NA,BellNFlr45Aug18retry_08212018.qgd,NA,NA,C:/GCMSsolution/Data/Project1/Campbell RMBL Data/Lupinus argenteus/BellNFlr45Aug18retry_08212018.qgd,2e43b46b-71c5-4665-8059-da737c3a4a10,1,1825,118894078,FALSE,TRUE,TRUE,2
2018-08-21T16:05:06Z,2018-08-22T00:15:17Z,2018-08-22T00:25:28Z,2018-08-22T00:15:17Z,Desorbed NA,3,3,NA,3,NA,611,NA,BellNFlr46Aug18_08212018.qgd,NA,NA,C:/GCMSsolution/Data/Project1/Campbell RMBL Data/Lupinus argenteus/BellNFlr46Aug18_08212018.qgd,2e43b46b-71c5-4665-8059-da737c3a4a10,1,2162,90780177,FALSE,TRUE,TRUE,2
2018-08-21T16:05:06Z,2018-08-22T00:51:25Z,2018-08-22T01:01:27Z,2018-08-22T00:51:25Z,Desorbed NA,4,4,NA,4,NA,602,NA,BellNFlr48Aug18_08212018.qgd,NA,NA,C:/GCMSsolution/Data/Project1/Campbell RMBL Data/Lupinus argenteus/BellNFlr48Aug18_08212018.qgd,2e43b46b-71c5-4665-8059-da737c3a4a10,1,2168,86904735,FALSE,TRUE,TRUE,2
2018-08-21T16:05:06Z,2018-08-22T01:27:17Z,2018-08-22T01:37:25Z,2018-08-22T01:27:17Z,Desorbed NA,5,5,NA,5,NA,608,NA,BellNBeetleAug18_08212018.qgd,NA,NA,C:/GCMSsolution/Data/Project1/Campbell RMBL Data/Lupinus argenteus/BellNBeetleAug18_08212018.qgd,2e43b46b-71c5-4665-8059-da737c3a4a10,1,2152,99748572,FALSE,TRUE,TRUE,2
NA,NA,2018-08-21T03:23:20Z,2018-08-21T03:23:20Z,NA NA,NA,NA,NA,NA,NA,NA,NA,BellNFlr45Aug18_08202018.qgd,NA,NA,C:/GCMSsolution/Data/Project1/Campbell RMBL Data/Lupinus argenteus/BellNFlr45Aug18_08202018.qgd,NA,NA,NA,31353899,FALSE,TRUE,TRUE,2
2019-08-28T08:45:49Z,2019-08-28T15:50:42Z,2019-08-28T15:44:38Z,2019-08-28T15:44:38Z,Desorbed NA,1,1,NA,1,NA,364,NA,Blank_08282019.qgd,NA,Blank,C:/GCMSsolution/Data/Project1/Campbell RMBL Data/Lupinus argenteus/Blank_08282019.qgd,cffb1e93-951d-4d26-a300-f7e37b497793,1,36767,227880126,TRUE,FALSE,TRUE,6
2019-08-28T08:45:49Z,2019-08-28T16:21:05Z,2019-08-28T16:26:24Z,2019-08-28T16:21:05Z,Desorbed NA,2,2,NA,2,NA,319,NA,ERB1_08282019.qgd,NA,NA,C:/GCMSsolution/Data/Project1/Campbell RMBL Data/Lupinus argenteus/ERB1_08282019.qgd,cffb1e93-951d-4d26-a300-f7e37b497793,1,1823,295391244,FALSE,TRUE,TRUE,6
2019-08-28T08:45:49Z,2019-08-28T16:56:35Z,2019-08-28T17:01:51Z,2019-08-28T16:56:35Z,Desorbed NA,3,3,NA,3,NA,316,NA,ERB2_08282019.qgd,NA,NA,C:/GCMSsolution/Data/Project1/Campbell RMBL Data/Lupinus argenteus/ERB2_08282019.qgd,cffb1e93-951d-4d26-a300-f7e37b497793,1,2130,317139516,FALSE,TRUE,TRUE,6
2019-08-28T08:45:49Z,2019-08-28T17:32:12Z,2019-08-28T17:37:30Z,2019-08-28T17:32:12Z,Desorbed NA,4,4,NA,4,NA,318,NA,ERB3_08282019.qgd,NA,NA,C:/GCMSsolution/Data/Project1/Campbell RMBL Data/Lupinus argenteus/ERB3_08282019.qgd,cffb1e93-951d-4d26-a300-f7e37b497793,1,2137,321210783,FALSE,TRUE,TRUE,6
2019-08-28T08:45:49Z,2019-08-28T18:08:12Z,2019-08-28T18:13:31Z,2019-08-28T18:08:12Z,Desorbed NA,5,5,NA,5,NA,319,NA,ERB4_08282019.qgd,NA,NA,C:/GCMSsolution/Data/Project1/Campbell RMBL Data/Lupinus argenteus/ERB4_08282019.qgd,cffb1e93-951d-4d26-a300-f7e37b497793,1,2160,260984412,FALSE,TRUE,TRUE,6
2019-08-28T08:45:49Z,2019-08-28T18:44:39Z,2019-08-28T18:49:45Z,2019-08-28T18:44:39Z,Desorbed NA,6,6,NA,6,NA,306,NA,ERB5_08282019.qgd,NA,NA,C:/GCMSsolution/Data/Project1/Campbell RMBL Data/Lupinus argenteus/ERB5_08282019.qgd,cffb1e93-951d-4d26-a300-f7e37b497793,1,2187,298732862,FALSE,TRUE,TRUE,6
2019-08-28T08:45:49Z,2019-08-28T19:21:13Z,2019-08-28T19:26:32Z,2019-08-28T19:21:13Z,Desorbed NA,7,7,NA,7,NA,319,NA,ERB6_08282019.qgd,NA,NA,C:/GCMSsolution/Data/Project1/Campbell RMBL Data/Lupinus argenteus/ERB6_08282019.qgd,cffb1e93-951d-4d26-a300-f7e37b497793,1,2194,259316290,FALSE,TRUE,TRUE,6
2019-08-28T08:45:49Z,2019-08-28T19:58:24Z,2019-08-28T20:03:35Z,2019-08-28T19:58:24Z,Desorbed NA,8,8,NA,8,NA,311,NA,ERB7_08282019.qgd,NA,NA,C:/GCMSsolution/Data/Project1/Campbell RMBL Data/Lupinus argenteus/ERB7_08282019.qgd,cffb1e93-951d-4d26-a300-f7e37b497793,1,2231,298763853,FALSE,TRUE,TRUE,6
2019-08-28T08:45:49Z,2019-08-28T20:34:51Z,2019-08-28T20:40:05Z,2019-08-28T20:34:51Z,Desorbed NA,9,9,NA,9,NA,314,NA,ERB8_08282019.qgd,NA,NA,C:/GCMSsolution/Data/Project1/Campbell RMBL Data/Lupinus argenteus/ERB8_08282019.qgd,cffb1e93-951d-4d26-a300-f7e37b497793,1,2187,279390326,FALSE,TRUE,TRUE,6
2019-08-28T08:45:49Z,2019-08-28T21:11:39Z,2019-08-28T21:16:56Z,2019-08-28T21:11:39Z,Desorbed NA,10,10,NA,10,NA,317,NA,ERBAIR1_08282019.qgd,NA,NA,C:/GCMSsolution/Data/Project1/Campbell RMBL Data/Lupinus argenteus/ERBAIR1_08282019.qgd,cffb1e93-951d-4d26-a300-f7e37b497793,1,2208,278465712,FALSE,TRUE,TRUE,6
2019-08-28T08:45:49Z,2019-08-28T21:49:38Z,2019-08-28T21:53:51Z,2019-08-28T21:49:38Z,Desorbed NA,11,11,NA,11,NA,253,NA,ERBAIR2_08282019.qgd,NA,NA,C:/GCMSsolution/Data/Project1/Campbell RMBL Data/Lupinus argenteus/ERBAIR2_08282019.qgd,cffb1e93-951d-4d26-a300-f7e37b497793,1,2279,272472779,FALSE,TRUE,TRUE,6
2019-08-28T08:45:49Z,2019-08-28T22:15:09Z,NA,2019-08-28T22:15:09Z,NA NA,12,12,NA,12,NA,NA,NA,NA,NA,NA,NA,cffb1e93-951d-4d26-a300-f7e37b497793,1,1531,NA,NA,NA,NA,NA
2019-08-28T15:36:06Z,2019-08-28T22:40:40Z,2019-08-28T22:34:02Z,2019-08-28T22:34:02Z,Desorbed NA,12,1,NA,1,NA,398,NA,ERB9_08282019.qgd,NA,NA,C:/GCMSsolution/Data/Project1/Campbell RMBL Data/Lupinus argenteus/ERB9_08282019.qgd,ebaecfe7-7059-4c39-bc8f-785c21c6bbde,1,1531,288998401,FALSE,TRUE,TRUE,6
2019-08-28T15:36:06Z,2019-08-28T23:11:06Z,2019-08-28T23:16:13Z,2019-08-28T23:11:06Z,Desorbed NA,13,2,NA,2,NA,307,NA,LERB1_08282019.qgd,NA,NA,C:/GCMSsolution/Data/Project1/Campbell RMBL Data/Lupinus argenteus/LERB1_08282019.qgd,ebaecfe7-7059-4c39-bc8f-785c21c6bbde,1,1826,336983828,FALSE,TRUE,TRUE,6
2019-08-28T15:36:06Z,2019-08-28T23:48:42Z,2019-08-28T23:53:52Z,2019-08-28T23:48:42Z,Desorbed NA,14,3,NA,3,NA,310,NA,LERBAIR1_08282019.qgd,NA,NA,C:/GCMSsolution/Data/Project1/Campbell RMBL Data/Lupinus argenteus/LERBAIR1_08282019.qgd,ebaecfe7-7059-4c39-bc8f-785c21c6bbde,1,2256,295441772,FALSE,TRUE,TRUE,6
2019-08-28T15:36:06Z,2019-08-29T00:26:28Z,2019-08-29T00:31:34Z,2019-08-29T00:26:28Z,Desorbed NA,15,4,NA,4,NA,306,NA,LERB2_08282019.qgd,NA,NA,C:/GCMSsolution/Data/Project1/Campbell RMBL Data/Lupinus argenteus/LERB2_08282019.qgd,ebaecfe7-7059-4c39-bc8f-785c21c6bbde,1,2266,290386790,FALSE,TRUE,TRUE,6
2019-08-28T15:36:06Z,2019-08-29T01:04:07Z,2019-08-29T01:09:21Z,2019-08-29T01:04:07Z,Desorbed NA,16,5,NA,5,NA,314,NA,LERB3_08282019.qgd,NA,NA,C:/GCMSsolution/Data/Project1/Campbell RMBL Data/Lupinus argenteus/LERB3_08282019.qgd,ebaecfe7-7059-4c39-bc8f-785c21c6bbde,1,2259,281444383,FALSE,TRUE,TRUE,6
2019-08-28T15:36:06Z,2019-08-29T01:41:26Z,2019-08-29T01:46:45Z,2019-08-29T01:41:26Z,Desorbed NA,17,6,NA,6,NA,319,NA,BVB1_08282019.qgd,NA,NA,C:/GCMSsolution/Data/Project1/Campbell RMBL Data/Lupinus argenteus/BVB1_08282019.qgd,ebaecfe7-7059-4c39-bc8f-785c21c6bbde,1,2239,278598109,FALSE,TRUE,TRUE,6
2019-08-28T15:36:06Z,2019-08-29T02:18:32Z,2019-08-29T02:23:38Z,2019-08-29T02:18:32Z,Desorbed NA,18,7,NA,7,NA,306,NA,BVB2_08282019.qgd,NA,NA,C:/GCMSsolution/Data/Project1/Campbell RMBL Data/Lupinus argenteus/BVB2_08282019.qgd,ebaecfe7-7059-4c39-bc8f-785c21c6bbde,1,2226,302591926,FALSE,TRUE,TRUE,6
2019-08-28T15:36:06Z,2019-08-29T02:54:57Z,2019-08-29T03:00:13Z,2019-08-29T02:54:57Z,Desorbed NA,19,8,NA,8,NA,316,NA,BVB3_08282019.qgd,NA,NA,C:/GCMSsolution/Data/Project1/Campbell RMBL Data/Lupinus argenteus/BVB3_08282019.qgd,ebaecfe7-7059-4c39-bc8f-785c21c6bbde,1,2185,258804306,FALSE,TRUE,TRUE,6
2019-08-28T15:36:06Z,2019-08-29T03:31:43Z,2019-08-29T03:36:56Z,2019-08-29T03:31:43Z,Desorbed NA,20,9,NA,9,NA,313,NA,BVB4_08282019.qgd,NA,NA,C:/GCMSsolution/Data/Project1/Campbell RMBL Data/Lupinus argenteus/BVB4_08282019.qgd,ebaecfe7-7059-4c39-bc8f-785c21c6bbde,1,2206,265873609,FALSE,TRUE,TRUE,6
2019-08-28T22:00:39Z,2019-08-29T05:05:34Z,NA,2019-08-29T05:05:34Z,Desorbed NA,1,1,NA,1,NA,NA,NA,NA,NA,NA,NA,9be50aa8-4f31-45cb-ad34-b18d82cc8bb7,1,5631,NA,NA,NA,NA,NA
2019-08-28T22:00:39Z,2019-08-29T05:35:59Z,2019-08-29T05:41:19Z,2019-08-29T05:35:59Z,Desorbed NA,2,2,NA,2,NA,320,NA,bbair1_08282019.qgd,NA,NA,C:/GCMSsolution/Data/Project1/Campbell RMBL Data/Lupinus argenteus/bbair1_08282019.qgd,9be50aa8-4f31-45cb-ad34-b18d82cc8bb7,1,1825,223516777,FALSE,TRUE,TRUE,6
2019-08-28T22:00:39Z,2019-08-29T06:11:46Z,2019-08-29T06:17:02Z,2019-08-29T06:11:46Z,Desorbed NA,3,3,NA,3,NA,316,NA,marair1_08282019.qgd,NA,NA,C:/GCMSsolution/Data/Project1/Campbell RMBL Data/Lupinus argenteus/marair1_08282019.qgd,9be50aa8-4f31-45cb-ad34-b18d82cc8bb7,1,2147,271401372,FALSE,TRUE,TRUE,6
2019-08-28T22:00:39Z,2019-08-29T06:47:35Z,2019-08-29T06:52:42Z,2019-08-29T06:47:35Z,Desorbed NA,4,4,NA,4,NA,307,NA,marair2_08282019.qgd,NA,NA,C:/GCMSsolution/Data/Project1/Campbell RMBL Data/Lupinus argenteus/marair2_08282019.qgd,9be50aa8-4f31-45cb-ad34-b18d82cc8bb7,1,2149,274754284,FALSE,TRUE,TRUE,6
2019-08-28T22:00:39Z,2019-08-29T07:23:16Z,2019-08-29T07:28:35Z,2019-08-29T07:23:16Z,Desorbed NA,5,5,NA,5,NA,319,NA,mar1_08282019.qgd,NA,NA,C:/GCMSsolution/Data/Project1/Campbell RMBL Data/Lupinus argenteus/mar1_08282019.qgd,9be50aa8-4f31-45cb-ad34-b18d82cc8bb7,1,2141,313926289,FALSE,TRUE,TRUE,6
2019-08-28T22:00:39Z,2019-08-29T07:58:59Z,2019-08-29T08:04:18Z,2019-08-29T07:58:59Z,Desorbed NA,6,6,NA,6,NA,319,NA,mar2_08282019.qgd,NA,NA,C:/GCMSsolution/Data/Project1/Campbell RMBL Data/Lupinus argenteus/mar2_08282019.qgd,9be50aa8-4f31-45cb-ad34-b18d82cc8bb7,1,2143,256815305,FALSE,TRUE,TRUE,6
2019-08-28T22:00:39Z,2019-08-29T08:34:51Z,2019-08-29T08:40:10Z,2019-08-29T08:34:51Z,Desorbed NA,7,7,NA,7,NA,319,NA,mar3_08282019.qgd,NA,NA,C:/GCMSsolution/Data/Project1/Campbell RMBL Data/Lupinus argenteus/mar3_08282019.qgd,9be50aa8-4f31-45cb-ad34-b18d82cc8bb7,1,2152,275678566,FALSE,TRUE,TRUE,6
2019-08-28T22:00:39Z,2019-08-29T09:10:35Z,2019-08-29T09:15:53Z,2019-08-29T09:10:35Z,Desorbed NA,8,8,NA,8,NA,318,NA,mar4_08282019.qgd,NA,NA,C:/GCMSsolution/Data/Project1/Campbell RMBL Data/Lupinus argenteus/mar4_08282019.qgd,9be50aa8-4f31-45cb-ad34-b18d82cc8bb7,1,2144,250624637,FALSE,TRUE,TRUE,6
2019-08-28T22:00:39Z,2019-08-29T09:46:19Z,2019-08-29T09:51:36Z,2019-08-29T09:46:19Z,Desorbed NA,9,9,NA,9,NA,317,NA,mar5_08282019.qgd,NA,NA,C:/GCMSsolution/Data/Project1/Campbell RMBL Data/Lupinus argenteus/mar5_08282019.qgd,9be50aa8-4f31-45cb-ad34-b18d82cc8bb7,1,2144,239006273,FALSE,TRUE,TRUE,6
2019-08-28T22:00:39Z,2019-08-29T10:22:08Z,2019-08-29T10:27:14Z,2019-08-29T10:22:08Z,Desorbed NA,10,10,NA,10,NA,306,NA,mar6_08282019.qgd,NA,NA,C:/GCMSsolution/Data/Project1/Campbell RMBL Data/Lupinus argenteus/mar6_08282019.qgd,9be50aa8-4f31-45cb-ad34-b18d82cc8bb7,1,2149,226559190,FALSE,TRUE,TRUE,6
2019-08-28T22:00:39Z,2019-08-29T10:58:26Z,2019-08-29T11:02:41Z,2019-08-29T10:58:26Z,Desorbed NA,11,11,NA,11,NA,255,NA,mar7_08282019.qgd,NA,NA,C:/GCMSsolution/Data/Project1/Campbell RMBL Data/Lupinus argenteus/mar7_08282019.qgd,9be50aa8-4f31-45cb-ad34-b18d82cc8bb7,1,2178,253899006,FALSE,TRUE,TRUE,6
2019-08-28T22:00:39Z,2019-08-29T11:33:09Z,2019-08-29T11:38:27Z,2019-08-29T11:33:09Z,Desorbed NA,12,12,NA,12,NA,318,NA,mar8_08282019.qgd,NA,NA,C:/GCMSsolution/Data/Project1/Campbell RMBL Data/Lupinus argenteus/mar8_08282019.qgd,9be50aa8-4f31-45cb-ad34-b18d82cc8bb7,1,2083,218040372,FALSE,TRUE,TRUE,6
2019-08-28T22:00:39Z,2019-08-29T12:08:49Z,2019-08-29T12:14:10Z,2019-08-29T12:08:49Z,Desorbed NA,13,13,NA,13,NA,321,NA,mar9_08282019.qgd,NA,NA,C:/GCMSsolution/Data/Project1/Campbell RMBL Data/Lupinus argenteus/mar9_08282019.qgd,9be50aa8-4f31-45cb-ad34-b18d82cc8bb7,1,2140,221090741,FALSE,TRUE,TRUE,6
2019-08-28T22:00:39Z,2019-08-29T12:44:28Z,2019-08-29T12:49:45Z,2019-08-29T12:44:28Z,Desorbed NA,14,14,NA,14,NA,317,NA,mar10_08282019.qgd,NA,NA,C:/GCMSsolution/Data/Project1/Campbell RMBL Data/Lupinus argenteus/mar10_08282019.qgd,9be50aa8-4f31-45cb-ad34-b18d82cc8bb7,1,2139,286761410,FALSE,TRUE,TRUE,6
2019-08-28T22:00:39Z,2019-08-29T13:19:57Z,2019-08-29T13:25:07Z,2019-08-29T13:19:57Z,Desorbed NA,15,15,NA,15,NA,310,NA,4011_08282019.qgd,NA,NA,C:/GCMSsolution/Data/Project1/Campbell RMBL Data/Lupinus argenteus/4011_08282019.qgd,9be50aa8-4f31-45cb-ad34-b18d82cc8bb7,1,2129,273906487,FALSE,TRUE,TRUE,6
2019-08-28T22:00:39Z,2019-08-29T13:55:34Z,2019-08-29T14:00:55Z,2019-08-29T13:55:34Z,Desorbed NA,16,16,NA,16,NA,321,NA,4012_08282019.qgd,NA,NA,C:/GCMSsolution/Data/Project1/Campbell RMBL Data/Lupinus argenteus/4012_08282019.qgd,9be50aa8-4f31-45cb-ad34-b18d82cc8bb7,1,2137,252825341,FALSE,TRUE,TRUE,6
2019-08-28T22:00:39Z,2019-08-29T14:31:20Z,2019-08-29T14:36:29Z,2019-08-29T14:31:20Z,Desorbed NA,17,17,NA,17,NA,309,NA,4013_08282019.qgd,NA,NA,C:/GCMSsolution/Data/Project1/Campbell RMBL Data/Lupinus argenteus/4013_08282019.qgd,9be50aa8-4f31-45cb-ad34-b18d82cc8bb7,1,2146,275938563,FALSE,TRUE,TRUE,6
2019-08-28T22:00:39Z,2019-08-29T15:06:49Z,2019-08-29T15:12:04Z,2019-08-29T15:06:49Z,Desorbed NA,18,18,NA,18,NA,315,NA,4014_08282019.qgd,NA,NA,C:/GCMSsolution/Data/Project1/Campbell RMBL Data/Lupinus argenteus/4014_08282019.qgd,9be50aa8-4f31-45cb-ad34-b18d82cc8bb7,1,2129,279498344,FALSE,TRUE,TRUE,6
2019-08-28T22:00:39Z,2019-08-29T15:42:40Z,2019-08-29T15:48:00Z,2019-08-29T15:42:40Z,Desorbed NA,19,19,NA,19,NA,320,NA,4015_08282019.qgd,NA,NA,C:/GCMSsolution/Data/Project1/Campbell RMBL Data/Lupinus argenteus/4015_08282019.qgd,9be50aa8-4f31-45cb-ad34-b18d82cc8bb7,1,2151,280436413,FALSE,TRUE,TRUE,6
2019-08-28T22:00:39Z,2019-08-29T16:18:31Z,2019-08-29T16:23:48Z,2019-08-29T16:18:31Z,Desorbed NA,20,20,NA,20,NA,317,NA,4016_08282019.qgd,NA,NA,C:/GCMSsolution/Data/Project1/Campbell RMBL Data/Lupinus argenteus/4016_08282019.qgd,9be50aa8-4f31-45cb-ad34-b18d82cc8bb7,1,2151,261172480,FALSE,TRUE,TRUE,6
2019-08-29T10:24:18Z,2019-08-29T17:29:11Z,2019-08-29T17:23:07Z,2019-08-29T17:23:07Z,Desorbed NA,1,1,NA,1,NA,364,NA,Blank_08292019am.qgd,NA,Blank,C:/GCMSsolution/Data/Project1/Campbell RMBL Data/Lupinus argenteus/Blank_08292019am.qgd,22389d36-133d-4a55-920c-4596e17eee76,1,4240,228359884,TRUE,FALSE,TRUE,6
2019-08-29T10:24:18Z,2019-08-29T17:59:37Z,2019-08-29T18:04:56Z,2019-08-29T17:59:37Z,Desorbed NA,2,2,NA,2,NA,319,NA,4017_08292019am.qgd,NA,NA,C:/GCMSsolution/Data/Project1/Campbell RMBL Data/Lupinus argenteus/4017_08292019am.qgd,22389d36-133d-4a55-920c-4596e17eee76,1,1826,242269649,FALSE,TRUE,TRUE,6
2019-08-29T10:24:18Z,2019-08-29T18:35:54Z,2019-08-29T18:41:01Z,2019-08-29T18:35:54Z,Desorbed NA,3,3,NA,3,NA,307,NA,401air1_08292019am.qgd,NA,NA,C:/GCMSsolution/Data/Project1/Campbell RMBL Data/Lupinus argenteus/401air1_08292019am.qgd,22389d36-133d-4a55-920c-4596e17eee76,1,2177,251130576,FALSE,TRUE,TRUE,6
2019-08-29T10:24:18Z,2019-08-29T19:12:28Z,2019-08-29T19:17:44Z,2019-08-29T19:12:28Z,Desorbed NA,4,4,NA,4,NA,316,NA,401air2_08292019am.qgd,NA,NA,C:/GCMSsolution/Data/Project1/Campbell RMBL Data/Lupinus argenteus/401air2_08292019am.qgd,22389d36-133d-4a55-920c-4596e17eee76,1,2194,262272796,FALSE,TRUE,TRUE,6
2019-08-29T10:24:18Z,2019-08-29T19:49:25Z,2019-08-29T19:54:40Z,2019-08-29T19:49:25Z,Desorbed NA,5,5,NA,5,NA,315,NA,beetles_lerb_08292019am.qgd,NA,NA,C:/GCMSsolution/Data/Project1/Campbell RMBL Data/Lupinus argenteus/beetles_lerb_08292019am.qgd,22389d36-133d-4a55-920c-4596e17eee76,1,2217,285128316,FALSE,TRUE,TRUE,6
2019-08-29T10:24:18Z,2019-08-29T20:26:24Z,2019-08-29T20:31:44Z,2019-08-29T20:26:24Z,Desorbed NA,6,6,NA,6,NA,320,NA,thrips_elk_08292019am.qgd,NA,NA,C:/GCMSsolution/Data/Project1/Campbell RMBL Data/Lupinus argenteus/thrips_elk_08292019am.qgd,22389d36-133d-4a55-920c-4596e17eee76,1,2219,321798588,FALSE,TRUE,TRUE,6
2019-08-29T10:24:18Z,2019-08-29T21:03:30Z,2019-08-29T21:08:48Z,2019-08-29T21:03:30Z,Desorbed NA,7,7,NA,7,NA,318,NA,elkair1_08292019am.qgd,NA,NA,C:/GCMSsolution/Data/Project1/Campbell RMBL Data/Lupinus argenteus/elkair1_08292019am.qgd,22389d36-133d-4a55-920c-4596e17eee76,1,2226,260547842,FALSE,TRUE,TRUE,6
2019-08-29T10:24:18Z,2019-08-29T21:40:31Z,2019-08-29T21:45:53Z,2019-08-29T21:40:31Z,Desorbed NA,8,8,NA,8,NA,322,NA,elk1_08292019am.qgd,NA,NA,C:/GCMSsolution/Data/Project1/Campbell RMBL Data/Lupinus argenteus/elk1_08292019am.qgd,22389d36-133d-4a55-920c-4596e17eee76,1,2221,344627752,FALSE,TRUE,TRUE,6
2019-08-29T10:24:18Z,2019-08-29T22:17:45Z,2019-08-29T22:23:01Z,2019-08-29T22:17:45Z,Desorbed NA,9,9,NA,9,NA,316,NA,elk2_08292019am.qgd,NA,NA,C:/GCMSsolution/Data/Project1/Campbell RMBL Data/Lupinus argenteus/elk2_08292019am.qgd,22389d36-133d-4a55-920c-4596e17eee76,1,2234,364614092,FALSE,TRUE,TRUE,6
2019-08-29T10:24:18Z,2019-08-29T22:54:46Z,2019-08-29T23:00:05Z,2019-08-29T22:54:46Z,Desorbed NA,10,10,NA,10,NA,319,NA,elk3_08292019am.qgd,NA,NA,C:/GCMSsolution/Data/Project1/Campbell RMBL Data/Lupinus argenteus/elk3_08292019am.qgd,22389d36-133d-4a55-920c-4596e17eee76,1,2221,360728168,FALSE,TRUE,TRUE,6
2019-08-29T10:24:18Z,2019-08-29T23:32:48Z,2019-08-29T23:37:09Z,2019-08-29T23:32:48Z,Desorbed NA,11,11,NA,11,NA,261,NA,elk4_08292019am.qgd,NA,NA,C:/GCMSsolution/Data/Project1/Campbell RMBL Data/Lupinus argenteus/elk4_08292019am.qgd,22389d36-133d-4a55-920c-4596e17eee76,1,2282,280936885,FALSE,TRUE,TRUE,6
2019-08-29T10:24:18Z,2019-08-30T00:08:16Z,2019-08-30T00:13:32Z,2019-08-30T00:08:16Z,Desorbed NA,12,12,NA,12,NA,316,NA,elk5_08292019am.qgd,NA,NA,C:/GCMSsolution/Data/Project1/Campbell RMBL Data/Lupinus argenteus/elk5_08292019am.qgd,22389d36-133d-4a55-920c-4596e17eee76,1,2128,312660729,FALSE,TRUE,TRUE,6
2019-08-29T10:24:18Z,2019-08-30T00:44:46Z,2019-08-30T00:50:06Z,2019-08-30T00:44:46Z,Desorbed NA,13,13,NA,13,NA,320,NA,elk6_08292019am.qgd,NA,NA,C:/GCMSsolution/Data/Project1/Campbell RMBL Data/Lupinus argenteus/elk6_08292019am.qgd,22389d36-133d-4a55-920c-4596e17eee76,1,2190,351267026,FALSE,TRUE,TRUE,6
2019-08-29T10:24:18Z,2019-08-30T01:22:09Z,2019-08-30T01:27:27Z,2019-08-30T01:22:09Z,Desorbed NA,14,14,NA,14,NA,318,NA,elk7_08292019am.qgd,NA,NA,C:/GCMSsolution/Data/Project1/Campbell RMBL Data/Lupinus argenteus/elk7_08292019am.qgd,22389d36-133d-4a55-920c-4596e17eee76,1,2243,339728958,FALSE,TRUE,TRUE,6
2019-08-29T10:24:18Z,2019-08-30T01:59:16Z,2019-08-30T02:04:23Z,2019-08-30T01:59:16Z,Desorbed NA,15,15,NA,15,NA,307,NA,elk8_08292019am.qgd,NA,NA,C:/GCMSsolution/Data/Project1/Campbell RMBL Data/Lupinus argenteus/elk8_08292019am.qgd,22389d36-133d-4a55-920c-4596e17eee76,1,2227,294985747,FALSE,TRUE,TRUE,6
2019-08-29T10:24:18Z,2019-08-30T02:36:03Z,2019-08-30T02:41:18Z,2019-08-30T02:36:03Z,Desorbed NA,16,16,NA,16,NA,315,NA,mex1_08292019am.qgd,NA,NA,C:/GCMSsolution/Data/Project1/Campbell RMBL Data/Lupinus argenteus/mex1_08292019am.qgd,22389d36-133d-4a55-920c-4596e17eee76,1,2207,483191873,FALSE,TRUE,TRUE,6
2019-08-29T10:24:18Z,2019-08-30T03:12:39Z,2019-08-30T03:17:53Z,2019-08-30T03:12:39Z,Desorbed NA,17,17,NA,17,NA,314,NA,mex2_08292019am.qgd,NA,NA,C:/GCMSsolution/Data/Project1/Campbell RMBL Data/Lupinus argenteus/mex2_08292019am.qgd,22389d36-133d-4a55-920c-4596e17eee76,1,2196,259384898,FALSE,TRUE,TRUE,6
2019-08-29T10:24:18Z,2019-08-30T03:49:05Z,2019-08-30T03:54:22Z,2019-08-30T03:49:05Z,Desorbed NA,18,18,NA,18,NA,317,NA,mex3_08292019am.qgd,NA,NA,C:/GCMSsolution/Data/Project1/Campbell RMBL Data/Lupinus argenteus/mex3_08292019am.qgd,22389d36-133d-4a55-920c-4596e17eee76,1,2186,259924784,FALSE,TRUE,TRUE,6
2019-08-29T10:24:18Z,2019-08-30T04:25:34Z,2019-08-30T04:30:43Z,2019-08-30T04:25:34Z,Desorbed NA,19,19,NA,19,NA,309,NA,mex4_08292019am.qgd,NA,NA,C:/GCMSsolution/Data/Project1/Campbell RMBL Data/Lupinus argenteus/mex4_08292019am.qgd,22389d36-133d-4a55-920c-4596e17eee76,1,2189,324823774,FALSE,TRUE,TRUE,6
2019-08-29T10:24:18Z,2019-08-30T05:01:35Z,2019-08-30T05:06:43Z,2019-08-30T05:01:35Z,Desorbed NA,20,20,NA,20,NA,308,NA,mex5_08292019am.qgd,NA,NA,C:/GCMSsolution/Data/Project1/Campbell RMBL Data/Lupinus argenteus/mex5_08292019am.qgd,22389d36-133d-4a55-920c-4596e17eee76,1,2161,265272271,FALSE,TRUE,TRUE,6
2019-08-29T23:07:09Z,2019-08-30T06:12:00Z,2019-08-30T06:05:28Z,2019-08-30T06:05:28Z,Desorbed NA,1,1,NA,1,NA,392,NA,Blank_08292019pm.qgd,NA,Blank,C:/GCMSsolution/Data/Project1/Campbell RMBL Data/Lupinus argenteus/Blank_08292019pm.qgd,39685a14-1ca8-4d9e-a820-ef733a36fc62,1,4225,242002830,TRUE,FALSE,TRUE,2
2019-08-29T23:07:09Z,2019-08-30T06:42:31Z,2019-08-30T06:47:50Z,2019-08-30T06:42:31Z,Desorbed NA,2,2,NA,2,NA,319,NA,mex6_08292019pm.qgd,NA,NA,C:/GCMSsolution/Data/Project1/Campbell RMBL Data/Lupinus argenteus/mex6_08292019pm.qgd,39685a14-1ca8-4d9e-a820-ef733a36fc62,1,1831,354287880,FALSE,TRUE,TRUE,6
2019-08-29T23:07:09Z,2019-08-30T07:18:07Z,2019-08-30T07:23:25Z,2019-08-30T07:18:07Z,Desorbed NA,3,3,NA,3,NA,318,NA,mexair1_08292019pm.qgd,NA,NA,C:/GCMSsolution/Data/Project1/Campbell RMBL Data/Lupinus argenteus/mexair1_08292019pm.qgd,39685a14-1ca8-4d9e-a820-ef733a36fc62,1,2136,288025723,FALSE,TRUE,TRUE,6
2019-08-29T23:07:09Z,2019-08-30T07:53:47Z,2019-08-30T07:59:04Z,2019-08-30T07:53:47Z,Desorbed NA,4,4,NA,4,NA,317,NA,lerbair2_08292019pm.qgd,NA,NA,C:/GCMSsolution/Data/Project1/Campbell RMBL Data/Lupinus argenteus/lerbair2_08292019pm.qgd,39685a14-1ca8-4d9e-a820-ef733a36fc62,1,2140,274158413,FALSE,TRUE,TRUE,6
2019-08-29T23:07:09Z,2019-08-30T08:29:20Z,2019-08-30T08:34:30Z,2019-08-30T08:29:20Z,Desorbed NA,5,5,NA,5,NA,310,NA,lerb4_08292019pm.qgd,NA,NA,C:/GCMSsolution/Data/Project1/Campbell RMBL Data/Lupinus argenteus/lerb4_08292019pm.qgd,39685a14-1ca8-4d9e-a820-ef733a36fc62,1,2133,332622001,FALSE,TRUE,TRUE,6
2019-08-29T23:07:09Z,2019-08-30T09:04:44Z,2019-08-30T09:10:01Z,2019-08-30T09:04:44Z,Desorbed NA,6,6,NA,6,NA,317,NA,lerb5_08292019pm.qgd,NA,NA,C:/GCMSsolution/Data/Project1/Campbell RMBL Data/Lupinus argenteus/lerb5_08292019pm.qgd,39685a14-1ca8-4d9e-a820-ef733a36fc62,1,2124,262785818,FALSE,TRUE,TRUE,6
2019-08-29T23:07:09Z,2019-08-30T09:40:21Z,2019-08-30T09:45:31Z,2019-08-30T09:40:21Z,Desorbed NA,7,7,NA,7,NA,310,NA,lerb6_08292019pm.qgd,NA,NA,C:/GCMSsolution/Data/Project1/Campbell RMBL Data/Lupinus argenteus/lerb6_08292019pm.qgd,39685a14-1ca8-4d9e-a820-ef733a36fc62,1,2137,255709571,FALSE,TRUE,TRUE,6
2019-08-29T23:07:09Z,2019-08-30T10:15:47Z,2019-08-30T10:21:06Z,2019-08-30T10:15:47Z,Desorbed NA,8,8,NA,8,NA,319,NA,bwbair1_08292019pm.qgd,NA,NA,C:/GCMSsolution/Data/Project1/Campbell RMBL Data/Lupinus argenteus/bwbair1_08292019pm.qgd,39685a14-1ca8-4d9e-a820-ef733a36fc62,1,2126,271477558,FALSE,TRUE,TRUE,6
2019-08-29T23:07:09Z,2019-08-30T10:51:20Z,2019-08-30T10:56:28Z,2019-08-30T10:51:20Z,Desorbed NA,9,9,NA,9,NA,308,NA,bwb1_08292019pm.qgd,NA,NA,C:/GCMSsolution/Data/Project1/Campbell RMBL Data/Lupinus argenteus/bwb1_08292019pm.qgd,39685a14-1ca8-4d9e-a820-ef733a36fc62,1,2133,291514775,FALSE,TRUE,TRUE,6
2019-08-29T23:07:09Z,2019-08-30T11:26:49Z,2019-08-30T11:32:08Z,2019-08-30T11:26:49Z,Desorbed NA,10,10,NA,10,NA,319,NA,bwb2_08292019pm.qgd,NA,NA,C:/GCMSsolution/Data/Project1/Campbell RMBL Data/Lupinus argenteus/bwb2_08292019pm.qgd,39685a14-1ca8-4d9e-a820-ef733a36fc62,1,2129,304321883,FALSE,TRUE,TRUE,6
2019-08-29T23:07:09Z,2019-08-30T12:03:21Z,2019-08-30T12:07:39Z,2019-08-30T12:03:21Z,Desorbed NA,11,11,NA,11,NA,258,NA,bwb3_08292019pm.qgd,NA,NA,C:/GCMSsolution/Data/Project1/Campbell RMBL Data/Lupinus argenteus/bwb3_08292019pm.qgd,39685a14-1ca8-4d9e-a820-ef733a36fc62,1,2192,239426444,FALSE,TRUE,TRUE,6
2019-08-29T23:07:09Z,2019-08-30T12:37:46Z,2019-08-30T12:43:06Z,2019-08-30T12:37:46Z,Desorbed NA,12,12,NA,12,NA,320,NA,bwb4_08292019pm.qgd,NA,NA,C:/GCMSsolution/Data/Project1/Campbell RMBL Data/Lupinus argenteus/bwb4_08292019pm.qgd,39685a14-1ca8-4d9e-a820-ef733a36fc62,1,2065,318845035,FALSE,TRUE,TRUE,6
2019-08-29T23:07:09Z,2019-08-30T13:13:21Z,2019-08-30T13:18:41Z,2019-08-30T13:13:21Z,Desorbed NA,13,13,NA,13,NA,320,NA,bwb5_08292019pm.qgd,NA,NA,C:/GCMSsolution/Data/Project1/Campbell RMBL Data/Lupinus argenteus/bwb5_08292019pm.qgd,39685a14-1ca8-4d9e-a820-ef733a36fc62,1,2135,330860206,FALSE,TRUE,TRUE,6
2019-08-29T23:07:09Z,2019-08-30T13:48:47Z,2019-08-30T13:53:54Z,2019-08-30T13:48:47Z,Desorbed NA,14,14,NA,14,NA,307,NA,bwb6_08292019pm.qgd,NA,NA,C:/GCMSsolution/Data/Project1/Campbell RMBL Data/Lupinus argenteus/bwb6_08292019pm.qgd,39685a14-1ca8-4d9e-a820-ef733a36fc62,1,2126,297309929,FALSE,TRUE,TRUE,6
2019-08-29T23:07:09Z,2019-08-30T14:24:11Z,2019-08-30T14:29:30Z,2019-08-30T14:24:11Z,Desorbed NA,15,15,NA,15,NA,319,NA,bwb7_08292019pm.qgd,NA,NA,C:/GCMSsolution/Data/Project1/Campbell RMBL Data/Lupinus argenteus/bwb7_08292019pm.qgd,39685a14-1ca8-4d9e-a820-ef733a36fc62,1,2124,263156477,FALSE,TRUE,TRUE,6
2019-08-29T23:07:09Z,2019-08-30T15:00:00Z,2019-08-30T15:05:27Z,2019-08-30T15:00:00Z,Desorbed NA,16,16,NA,16,NA,327,NA,bwb8_08292019pm.qgd,NA,NA,C:/GCMSsolution/Data/Project1/Campbell RMBL Data/Lupinus argenteus/bwb8_08292019pm.qgd,39685a14-1ca8-4d9e-a820-ef733a36fc62,1,2149,302370518,FALSE,TRUE,TRUE,6
2019-08-29T23:07:09Z,2019-08-30T15:35:54Z,2019-08-30T15:41:11Z,2019-08-30T15:35:54Z,Desorbed NA,17,17,NA,17,NA,317,NA,bwb9_08292019pm.qgd,NA,NA,C:/GCMSsolution/Data/Project1/Campbell RMBL Data/Lupinus argenteus/bwb9_08292019pm.qgd,39685a14-1ca8-4d9e-a820-ef733a36fc62,1,2154,396153179,FALSE,TRUE,TRUE,6
2019-08-29T23:07:09Z,2019-08-30T16:11:35Z,2019-08-30T16:16:51Z,2019-08-30T16:11:35Z,Desorbed NA,18,18,NA,18,NA,316,NA,ypoair1_08292019pm.qgd,NA,NA,C:/GCMSsolution/Data/Project1/Campbell RMBL Data/Lupinus argenteus/ypoair1_08292019pm.qgd,39685a14-1ca8-4d9e-a820-ef733a36fc62,1,2141,242157896,FALSE,TRUE,TRUE,6
2019-08-29T23:07:09Z,2019-08-30T16:47:19Z,2019-08-30T16:52:26Z,2019-08-30T16:47:19Z,Desorbed NA,19,19,NA,19,NA,307,NA,ypo1_08292019pm.qgd,NA,NA,C:/GCMSsolution/Data/Project1/Campbell RMBL Data/Lupinus argenteus/ypo1_08292019pm.qgd,39685a14-1ca8-4d9e-a820-ef733a36fc62,1,2144,394428526,FALSE,TRUE,TRUE,6
2019-08-29T23:07:09Z,2019-08-30T17:23:12Z,2019-08-30T17:28:30Z,2019-08-30T17:23:12Z,Desorbed NA,20,20,NA,20,NA,318,NA,ypo2_08292019pm.qgd,NA,NA,C:/GCMSsolution/Data/Project1/Campbell RMBL Data/Lupinus argenteus/ypo2_08292019pm.qgd,39685a14-1ca8-4d9e-a820-ef733a36fc62,1,2153,392646303,FALSE,TRUE,TRUE,6
2019-08-30T11:17:10Z,2019-08-30T18:22:00Z,2019-08-30T18:16:29Z,2019-08-30T18:16:29Z,Desorbed NA,1,1,NA,1,NA,331,NA,Blank_08302019am.qgd,NA,Blank,C:/GCMSsolution/Data/Project1/Campbell RMBL Data/Lupinus argenteus/Blank_08302019am.qgd,4087e644-ad58-45df-88e4-b4d30f9b2cce,1,3528,246690357,TRUE,FALSE,TRUE,6
2019-08-30T11:17:10Z,2019-08-30T18:52:28Z,2019-08-30T18:57:45Z,2019-08-30T18:52:28Z,Desorbed NA,2,2,NA,2,NA,317,NA,ypo3_08302019am.qgd,NA,NA,C:/GCMSsolution/Data/Project1/Campbell RMBL Data/Lupinus argenteus/ypo3_08302019am.qgd,4087e644-ad58-45df-88e4-b4d30f9b2cce,1,1828,297949654,FALSE,TRUE,TRUE,6
2019-08-30T11:17:10Z,2019-08-30T19:28:59Z,2019-08-30T19:34:15Z,2019-08-30T19:28:59Z,Desorbed NA,3,3,NA,3,NA,316,NA,ypo4_08302019am.qgd,NA,NA,C:/GCMSsolution/Data/Project1/Campbell RMBL Data/Lupinus argenteus/ypo4_08302019am.qgd,4087e644-ad58-45df-88e4-b4d30f9b2cce,1,2191,284409424,FALSE,TRUE,TRUE,6
2019-08-30T11:17:10Z,2019-08-30T20:05:38Z,2019-08-30T20:10:49Z,2019-08-30T20:05:38Z,Desorbed NA,4,4,NA,4,NA,311,NA,bcnair1_08302019am.qgd,NA,NA,C:/GCMSsolution/Data/Project1/Campbell RMBL Data/Lupinus argenteus/bcnair1_08302019am.qgd,4087e644-ad58-45df-88e4-b4d30f9b2cce,1,2199,270804103,FALSE,TRUE,TRUE,6
2019-08-30T11:17:10Z,2019-08-30T20:42:20Z,2019-08-30T20:47:37Z,2019-08-30T20:42:20Z,Desorbed NA,5,5,NA,5,NA,317,NA,bcn1_08302019am.qgd,NA,NA,C:/GCMSsolution/Data/Project1/Campbell RMBL Data/Lupinus argenteus/bcn1_08302019am.qgd,4087e644-ad58-45df-88e4-b4d30f9b2cce,1,2202,420456762,FALSE,TRUE,TRUE,6
2019-08-30T11:17:10Z,2019-08-30T21:19:25Z,2019-08-30T21:24:45Z,2019-08-30T21:19:25Z,Desorbed NA,6,6,NA,6,NA,320,NA,bcn2_08302019am.qgd,NA,NA,C:/GCMSsolution/Data/Project1/Campbell RMBL Data/Lupinus argenteus/bcn2_08302019am.qgd,4087e644-ad58-45df-88e4-b4d30f9b2cce,1,2225,382512685,FALSE,TRUE,TRUE,6
2019-08-30T11:17:10Z,2019-08-30T21:55:56Z,2019-08-30T22:01:07Z,2019-08-30T21:55:56Z,Desorbed NA,7,7,NA,7,NA,311,NA,bcn3_08302019am.qgd,NA,NA,C:/GCMSsolution/Data/Project1/Campbell RMBL Data/Lupinus argenteus/bcn3_08302019am.qgd,4087e644-ad58-45df-88e4-b4d30f9b2cce,1,2191,297340857,FALSE,TRUE,TRUE,6
2019-08-30T11:17:10Z,2019-08-30T22:33:05Z,2019-08-30T22:38:24Z,2019-08-30T22:33:05Z,Desorbed NA,8,8,NA,8,NA,319,NA,bcn4_08302019am.qgd,NA,NA,C:/GCMSsolution/Data/Project1/Campbell RMBL Data/Lupinus argenteus/bcn4_08302019am.qgd,4087e644-ad58-45df-88e4-b4d30f9b2cce,1,2229,292909505,FALSE,TRUE,TRUE,6
2019-08-30T11:17:10Z,2019-08-30T23:09:40Z,2019-08-30T23:14:59Z,2019-08-30T23:09:40Z,Desorbed NA,9,9,NA,9,NA,319,NA,cmnair1_08302019am.qgd,NA,NA,C:/GCMSsolution/Data/Project1/Campbell RMBL Data/Lupinus argenteus/cmnair1_08302019am.qgd,4087e644-ad58-45df-88e4-b4d30f9b2cce,1,2195,338156727,FALSE,TRUE,TRUE,6
2019-08-30T11:17:10Z,2019-08-30T23:46:27Z,2019-08-30T23:51:47Z,2019-08-30T23:46:27Z,Desorbed NA,10,10,NA,10,NA,320,NA,cmn1_08302019am.qgd,NA,NA,C:/GCMSsolution/Data/Project1/Campbell RMBL Data/Lupinus argenteus/cmn1_08302019am.qgd,4087e644-ad58-45df-88e4-b4d30f9b2cce,1,2207,388759760,FALSE,TRUE,TRUE,6
2019-08-30T11:17:10Z,NA,NA,NA,NA NA,11,11,NA,11,NA,NA,NA,NA,NA,NA,NA,4087e644-ad58-45df-88e4-b4d30f9b2cce,1,NA,NA,NA,NA,NA,NA
2019-08-30T11:17:10Z,2019-08-31T00:24:09Z,2019-08-31T00:28:31Z,2019-08-31T00:24:09Z,Desorbed NA,12,12,NA,12,NA,262,NA,cmn2reallycm3_08302019am.qgd,NA,NA,C:/GCMSsolution/Data/Project1/Campbell RMBL Data/Lupinus argenteus/cmn2reallycm3_08302019am.qgd,4087e644-ad58-45df-88e4-b4d30f9b2cce,1,NA,292173746,FALSE,TRUE,TRUE,6
2019-08-30T11:17:10Z,2019-08-31T01:00:06Z,2019-08-31T01:05:26Z,2019-08-31T01:00:06Z,Desorbed NA,13,13,NA,13,NA,320,NA,cmn3reallycm4_08302019am.qgd,NA,NA,C:/GCMSsolution/Data/Project1/Campbell RMBL Data/Lupinus argenteus/cmn3reallycm4_08302019am.qgd,4087e644-ad58-45df-88e4-b4d30f9b2cce,1,2157,318931199,FALSE,TRUE,TRUE,6
2019-08-30T11:17:10Z,2019-08-31T01:36:42Z,2019-08-31T01:42:01Z,2019-08-31T01:36:42Z,Desorbed NA,14,14,NA,14,NA,319,NA,cmn4reallycm5_08302019am.qgd,NA,NA,C:/GCMSsolution/Data/Project1/Campbell RMBL Data/Lupinus argenteus/cmn4reallycm5_08302019am.qgd,4087e644-ad58-45df-88e4-b4d30f9b2cce,1,2196,347811248,FALSE,TRUE,TRUE,6
2019-08-30T11:17:10Z,2019-08-31T02:13:13Z,2019-08-31T02:18:30Z,2019-08-31T02:13:13Z,Desorbed NA,15,15,NA,15,NA,317,NA,cmn5reallycm6_08302019am.qgd,NA,NA,C:/GCMSsolution/Data/Project1/Campbell RMBL Data/Lupinus argenteus/cmn5reallycm6_08302019am.qgd,4087e644-ad58-45df-88e4-b4d30f9b2cce,1,2191,299027371,FALSE,TRUE,TRUE,6
2019-08-30T11:17:10Z,2019-08-31T02:50:15Z,2019-08-31T02:55:35Z,2019-08-31T02:50:15Z,Desorbed NA,16,16,NA,16,NA,320,NA,cmn6reallycm7_08302019am.qgd,NA,NA,C:/GCMSsolution/Data/Project1/Campbell RMBL Data/Lupinus argenteus/cmn6reallycm7_08302019am.qgd,4087e644-ad58-45df-88e4-b4d30f9b2cce,1,2222,377541148,FALSE,TRUE,TRUE,6
2019-08-31T08:31:12Z,2019-08-31T15:36:10Z,2019-08-31T15:29:45Z,2019-08-31T15:29:45Z,Desorbed NA,1,1,NA,1,NA,385,NA,Blank_08312019.qgd,NA,Carvajal,C:/GCMSsolution/Data/Project1/RMBL Data/Carvajal 2019/Blank_08312019.qgd,956d32ba-d748-44eb-bfca-5ea55c32f10b,1,45955,NA,NA,NA,NA,NA
2019-08-31T08:31:12Z,2019-08-31T16:06:35Z,2019-08-31T16:11:58Z,2019-08-31T16:06:35Z,Desorbed NA,2,2,NA,2,NA,323,NA,J1Blank_08312019.qgd,NA,Carvajal,C:/GCMSsolution/Data/Project1/RMBL Data/Carvajal 2019/J1Blank_08312019.qgd,956d32ba-d748-44eb-bfca-5ea55c32f10b,1,1825,NA,NA,NA,NA,NA
2019-08-31T08:31:12Z,2019-08-31T16:42:08Z,2019-08-31T16:47:28Z,2019-08-31T16:42:08Z,Desorbed NA,3,3,NA,3,NA,320,NA,A1_08312019.qgd,NA,Carvajal,C:/GCMSsolution/Data/Project1/RMBL Data/Carvajal 2019/A1_08312019.qgd,956d32ba-d748-44eb-bfca-5ea55c32f10b,1,2133,NA,NA,NA,NA,NA
2019-08-31T08:31:12Z,2019-08-31T17:17:57Z,2019-08-31T17:23:15Z,2019-08-31T17:17:57Z,Desorbed NA,4,4,NA,4,NA,318,NA,A2_08312019.qgd,NA,Carvajal,C:/GCMSsolution/Data/Project1/RMBL Data/Carvajal 2019/A2_08312019.qgd,956d32ba-d748-44eb-bfca-5ea55c32f10b,1,2149,NA,NA,NA,NA,NA
2019-08-31T08:31:12Z,2019-08-31T17:54:10Z,2019-08-31T17:59:29Z,2019-08-31T17:54:10Z,Desorbed NA,5,5,NA,5,NA,319,NA,A3_08312019.qgd,NA,Carvajal,C:/GCMSsolution/Data/Project1/RMBL Data/Carvajal 2019/A3_08312019.qgd,956d32ba-d748-44eb-bfca-5ea55c32f10b,1,2173,NA,NA,NA,NA,NA
2019-08-31T08:31:12Z,2019-08-31T18:30:46Z,2019-08-31T18:36:04Z,2019-08-31T18:30:46Z,Desorbed NA,6,6,NA,6,NA,318,NA,A4_08312019.qgd,NA,Carvajal,C:/GCMSsolution/Data/Project1/RMBL Data/Carvajal 2019/A4_08312019.qgd,956d32ba-d748-44eb-bfca-5ea55c32f10b,1,2196,NA,NA,NA,NA,NA
2019-08-31T08:31:12Z,2019-08-31T19:07:34Z,2019-08-31T19:12:55Z,2019-08-31T19:07:34Z,Desorbed NA,7,7,NA,7,NA,321,NA,A5_08312019.qgd,NA,Carvajal,C:/GCMSsolution/Data/Project1/RMBL Data/Carvajal 2019/A5_08312019.qgd,956d32ba-d748-44eb-bfca-5ea55c32f10b,1,2208,NA,NA,NA,NA,NA
2019-08-31T08:31:12Z,2019-08-31T19:44:30Z,2019-08-31T19:49:42Z,2019-08-31T19:44:30Z,Desorbed NA,8,8,NA,8,NA,312,NA,A6_08312019.qgd,NA,Carvajal,C:/GCMSsolution/Data/Project1/RMBL Data/Carvajal 2019/A6_08312019.qgd,956d32ba-d748-44eb-bfca-5ea55c32f10b,1,2216,NA,NA,NA,NA,NA
2019-08-31T08:31:12Z,2019-08-31T20:21:35Z,2019-08-31T20:26:54Z,2019-08-31T20:21:35Z,Desorbed NA,9,9,NA,9,NA,319,NA,A7_08312019.qgd,NA,Carvajal,C:/GCMSsolution/Data/Project1/RMBL Data/Carvajal 2019/A7_08312019.qgd,956d32ba-d748-44eb-bfca-5ea55c32f10b,1,2225,NA,NA,NA,NA,NA
2019-08-31T08:31:12Z,2019-08-31T20:58:00Z,2019-08-31T21:03:21Z,2019-08-31T20:58:00Z,Desorbed NA,10,10,NA,10,NA,321,NA,J3Blank_08312019.qgd,NA,Carvajal,C:/GCMSsolution/Data/Project1/RMBL Data/Carvajal 2019/J3Blank_08312019.qgd,956d32ba-d748-44eb-bfca-5ea55c32f10b,1,2185,NA,NA,NA,NA,NA
2019-08-31T08:31:12Z,2019-08-31T21:35:31Z,2019-08-31T21:40:00Z,2019-08-31T21:35:31Z,Desorbed NA,11,11,NA,11,NA,269,NA,cm2forreal_08312019.qgd,NA,NA,C:/GCMSsolution/Data/Project1/Campbell RMBL Data/Lupinus argenteus/cm2forreal_08312019.qgd,956d32ba-d748-44eb-bfca-5ea55c32f10b,1,2251,308491685,FALSE,TRUE,TRUE,6
2019-08-31T08:31:12Z,2019-08-31T22:11:26Z,2019-08-31T22:16:47Z,2019-08-31T22:11:26Z,Desorbed NA,12,12,NA,12,NA,321,NA,A9_08312019.qgd,NA,Carvajal,C:/GCMSsolution/Data/Project1/RMBL Data/Carvajal 2019/A9_08312019.qgd,956d32ba-d748-44eb-bfca-5ea55c32f10b,1,2155,NA,NA,NA,NA,NA
2019-08-31T08:31:12Z,2019-08-31T22:48:30Z,2019-08-31T22:53:47Z,2019-08-31T22:48:30Z,Desorbed NA,13,13,NA,13,NA,317,NA,A10_08312019.qgd,NA,Carvajal,C:/GCMSsolution/Data/Project1/RMBL Data/Carvajal 2019/A10_08312019.qgd,956d32ba-d748-44eb-bfca-5ea55c32f10b,1,2224,NA,NA,NA,NA,NA
2019-08-31T08:31:12Z,2019-08-31T23:25:50Z,2019-08-31T23:30:55Z,2019-08-31T23:25:50Z,Desorbed NA,14,14,NA,14,NA,305,NA,B1_08312019.qgd,NA,Carvajal,C:/GCMSsolution/Data/Project1/RMBL Data/Carvajal 2019/B1_08312019.qgd,956d32ba-d748-44eb-bfca-5ea55c32f10b,1,2240,NA,NA,NA,NA,NA
2019-08-31T08:31:12Z,2019-09-01T00:02:45Z,2019-09-01T00:08:08Z,2019-09-01T00:02:45Z,Desorbed NA,15,15,NA,15,NA,323,NA,B2_08312019.qgd,NA,Carvajal,C:/GCMSsolution/Data/Project1/RMBL Data/Carvajal 2019/B2_08312019.qgd,956d32ba-d748-44eb-bfca-5ea55c32f10b,1,2215,NA,NA,NA,NA,NA
2019-08-31T08:31:12Z,2019-09-01T00:40:17Z,2019-09-01T00:45:29Z,2019-09-01T00:40:17Z,Desorbed NA,16,16,NA,16,NA,312,NA,B3_08312019.qgd,NA,Carvajal,C:/GCMSsolution/Data/Project1/RMBL Data/Carvajal 2019/B3_08312019.qgd,956d32ba-d748-44eb-bfca-5ea55c32f10b,1,2252,NA,NA,NA,NA,NA
2019-08-31T08:31:12Z,2019-09-01T01:17:34Z,2019-09-01T01:22:54Z,2019-09-01T01:17:34Z,Desorbed NA,17,17,NA,17,NA,320,NA,B4_08312019.qgd,NA,Carvajal,C:/GCMSsolution/Data/Project1/RMBL Data/Carvajal 2019/B4_08312019.qgd,956d32ba-d748-44eb-bfca-5ea55c32f10b,1,2237,NA,NA,NA,NA,NA
2019-08-31T08:31:12Z,2019-09-01T01:54:27Z,2019-09-01T01:59:49Z,2019-09-01T01:54:27Z,Desorbed NA,18,18,NA,18,NA,322,NA,B5_08312019.qgd,NA,Carvajal,C:/GCMSsolution/Data/Project1/RMBL Data/Carvajal 2019/B5_08312019.qgd,956d32ba-d748-44eb-bfca-5ea55c32f10b,1,2213,NA,NA,NA,NA,NA
2019-08-31T08:31:12Z,2019-09-01T02:31:46Z,2019-09-01T02:37:07Z,2019-09-01T02:31:46Z,Desorbed NA,19,19,NA,19,NA,321,NA,B6_08312019.qgd,NA,Carvajal,C:/GCMSsolution/Data/Project1/RMBL Data/Carvajal 2019/B6_08312019.qgd,956d32ba-d748-44eb-bfca-5ea55c32f10b,1,2239,NA,NA,NA,NA,NA
2019-08-31T08:31:12Z,2019-09-01T03:08:27Z,2019-09-01T03:13:45Z,2019-09-01T03:08:27Z,Desorbed NA,20,20,NA,20,NA,318,NA,B7_08312019.qgd,NA,Carvajal,C:/GCMSsolution/Data/Project1/RMBL Data/Carvajal 2019/B7_08312019.qgd,956d32ba-d748-44eb-bfca-5ea55c32f10b,1,2201,NA,NA,NA,NA,NA
2019-08-31T08:31:12Z,2019-09-01T03:45:35Z,2019-09-01T03:49:58Z,2019-09-01T03:45:35Z,Desorbed NA,21,21,NA,21,NA,263,NA,B8_08312019.qgd,NA,Carvajal,C:/GCMSsolution/Data/Project1/RMBL Data/Carvajal 2019/B8_08312019.qgd,956d32ba-d748-44eb-bfca-5ea55c32f10b,1,2228,NA,NA,NA,NA,NA
2019-08-31T08:31:12Z,2019-09-01T04:20:37Z,2019-09-01T04:26:00Z,2019-09-01T04:20:37Z,Desorbed NA,22,22,NA,22,NA,323,NA,B9_08312019.qgd,NA,Carvajal,C:/GCMSsolution/Data/Project1/RMBL Data/Carvajal 2019/B9_08312019.qgd,956d32ba-d748-44eb-bfca-5ea55c32f10b,1,2102,NA,NA,NA,NA,NA
2019-08-31T08:31:12Z,2019-09-01T04:56:33Z,2019-09-01T05:01:44Z,2019-09-01T04:56:33Z,Desorbed NA,23,23,NA,23,NA,311,NA,B10_08312019.qgd,NA,Carvajal,C:/GCMSsolution/Data/Project1/RMBL Data/Carvajal 2019/B10_08312019.qgd,956d32ba-d748-44eb-bfca-5ea55c32f10b,1,2156,NA,NA,NA,NA,NA
2019-08-31T08:31:12Z,2019-09-01T05:32:09Z,2019-09-01T05:37:20Z,2019-09-01T05:32:09Z,Desorbed NA,24,24,NA,24,NA,311,NA,C1_08312019.qgd,NA,Carvajal,C:/GCMSsolution/Data/Project1/RMBL Data/Carvajal 2019/C1_08312019.qgd,956d32ba-d748-44eb-bfca-5ea55c32f10b,1,2136,NA,NA,NA,NA,NA
2019-08-31T08:31:12Z,2019-09-01T10:04:39Z,NA,2019-09-01T10:04:39Z,NA Leak Test Pressurise Failed,25,25,NA,25,NA,NA,NA,NA,NA,NA,NA,956d32ba-d748-44eb-bfca-5ea55c32f10b,1,16350,NA,NA,NA,NA,NA
2021-08-11T10:31:50Z,2021-08-11T17:36:45Z,2021-08-11T17:42:31Z,2021-08-11T17:36:45Z,Desorbed NA,1,1,1,1,0,346,NA,Blank1_8112021_01.qgd,NA,Blank,C:/GCMSsolution/Data/Project1/Campbell RMBL Data/Lupinus argenteus/Blank1_8112021_01.qgd,2ae0ef0d-3fec-412c-813b-c25499b5b77c,1,259.8,70161904,TRUE,FALSE,TRUE,2
2021-08-11T10:31:50Z,2021-08-11T18:07:13Z,2021-08-11T18:22:56Z,2021-08-11T18:07:13Z,Desorbed NA,2,2,2,2,0,943,NA,Lupinus_bur_20_6_8112021_02.qgd,NA,NA,C:/GCMSsolution/Data/Project1/Campbell RMBL Data/Lupinus argenteus/Lupinus_bur_20_6_8112021_02.qgd,2ae0ef0d-3fec-412c-813b-c25499b5b77c,1,30.466666666666665,460964360,FALSE,FALSE,FALSE,4
2021-08-11T10:31:50Z,2021-08-11T18:43:54Z,2021-08-11T18:59:40Z,2021-08-11T18:43:54Z,Desorbed NA,3,3,3,3,0,946,NA,Lupinus_bur_20_air_1_8112021_03.qgd,NA,NA,C:/GCMSsolution/Data/Project1/Campbell RMBL Data/Lupinus argenteus/Lupinus_bur_20_air_1_8112021_03.qgd,2ae0ef0d-3fec-412c-813b-c25499b5b77c,1,36.68333333333333,690634215,FALSE,FALSE,FALSE,1
2021-08-11T10:31:50Z,2021-08-11T19:20:29Z,2021-08-11T19:36:05Z,2021-08-11T19:20:29Z,Desorbed NA,4,4,4,4,0,936,NA,Lupinus_bur_20_1_8112021_04.qgd,NA,NA,C:/GCMSsolution/Data/Project1/Campbell RMBL Data/Lupinus argenteus/Lupinus_bur_20_1_8112021_04.qgd,2ae0ef0d-3fec-412c-813b-c25499b5b77c,1,36.583333333333336,340554524,FALSE,FALSE,FALSE,4
2021-08-11T10:31:50Z,2021-08-11T19:57:34Z,2021-08-11T20:13:20Z,2021-08-11T19:57:34Z,Desorbed NA,5,5,5,5,0,946,NA,Lupinus_bur_20_7_8112021_05.qgd,NA,NA,C:/GCMSsolution/Data/Project1/Campbell RMBL Data/Lupinus argenteus/Lupinus_bur_20_7_8112021_05.qgd,2ae0ef0d-3fec-412c-813b-c25499b5b77c,1,37.083333333333336,403531076,FALSE,FALSE,FALSE,4
2021-08-11T10:31:50Z,2021-08-11T20:35:16Z,2021-08-11T20:50:47Z,2021-08-11T20:35:16Z,Desorbed NA,6,6,6,6,0,931,NA,Lupinus_bur_20_2_8112021_06.qgd,NA,NA,C:/GCMSsolution/Data/Project1/Campbell RMBL Data/Lupinus argenteus/Lupinus_bur_20_2_8112021_06.qgd,2ae0ef0d-3fec-412c-813b-c25499b5b77c,1,37.7,320499176,FALSE,FALSE,FALSE,4
2021-08-11T10:31:50Z,2021-08-11T21:13:02Z,2021-08-11T21:28:50Z,2021-08-11T21:13:02Z,Desorbed NA,7,7,7,7,0,948,NA,Lupinus_bur_20_5_8112021_07.qgd,NA,NA,C:/GCMSsolution/Data/Project1/Campbell RMBL Data/Lupinus argenteus/Lupinus_bur_20_5_8112021_07.qgd,2ae0ef0d-3fec-412c-813b-c25499b5b77c,1,37.766666666666666,361575748,FALSE,FALSE,FALSE,4
2021-08-11T10:31:50Z,2021-08-11T21:51:30Z,2021-08-11T22:07:17Z,2021-08-11T21:51:30Z,Desorbed NA,8,8,8,8,0,947,NA,Lupinus_bur_20_4_8112021_08.qgd,NA,NA,C:/GCMSsolution/Data/Project1/Campbell RMBL Data/Lupinus argenteus/Lupinus_bur_20_4_8112021_08.qgd,2ae0ef0d-3fec-412c-813b-c25499b5b77c,1,38.46666666666667,336029526,FALSE,FALSE,FALSE,4
2021-08-11T10:31:50Z,2021-08-11T22:30:13Z,2021-08-11T22:46:01Z,2021-08-11T22:30:13Z,Desorbed NA,9,9,9,9,0,948,NA,Lupinus_bur_20_8_8112021_09.qgd,NA,NA,C:/GCMSsolution/Data/Project1/Campbell RMBL Data/Lupinus argenteus/Lupinus_bur_20_8_8112021_09.qgd,2ae0ef0d-3fec-412c-813b-c25499b5b77c,1,38.71666666666667,884390288,FALSE,FALSE,FALSE,1
2021-08-11T10:31:50Z,2021-08-11T23:09:23Z,2021-08-11T23:25:07Z,2021-08-11T23:09:23Z,Desorbed NA,10,10,10,10,0,944,NA,Lupinus_bur_20_3_8112021_10.qgd,NA,NA,C:/GCMSsolution/Data/Project1/Campbell RMBL Data/Lupinus argenteus/Lupinus_bur_20_3_8112021_10.qgd,2ae0ef0d-3fec-412c-813b-c25499b5b77c,1,39.166666666666664,517306032,FALSE,FALSE,FALSE,1
2021-08-11T10:31:50Z,2021-08-11T23:49:34Z,2021-08-12T00:04:25Z,2021-08-11T23:49:34Z,Desorbed NA,11,11,11,11,0,891,NA,Lupinus_eml_20_3_8112021_11.qgd,NA,NA,C:/GCMSsolution/Data/Project1/Campbell RMBL Data/Lupinus argenteus/Lupinus_eml_20_3_8112021_11.qgd,2ae0ef0d-3fec-412c-813b-c25499b5b77c,1,40.18333333333333,124280634,FALSE,FALSE,FALSE,4
2021-08-11T10:31:50Z,2021-08-12T00:28:10Z,2021-08-12T00:43:56Z,2021-08-12T00:28:10Z,Desorbed NA,12,12,12,12,0,946,NA,Lupinus_eml_20_air_2_8112021_12.qgd,NA,NA,C:/GCMSsolution/Data/Project1/Campbell RMBL Data/Lupinus argenteus/Lupinus_eml_20_air_2_8112021_12.qgd,2ae0ef0d-3fec-412c-813b-c25499b5b77c,1,38.6,107929436,FALSE,FALSE,FALSE,4
2021-08-11T10:31:50Z,2021-08-12T01:07:22Z,2021-08-12T01:23:06Z,2021-08-12T01:07:22Z,Desorbed NA,13,13,13,13,0,944,NA,Lupinus_eml_20_5_8112021_13.qgd,NA,NA,C:/GCMSsolution/Data/Project1/Campbell RMBL Data/Lupinus argenteus/Lupinus_eml_20_5_8112021_13.qgd,2ae0ef0d-3fec-412c-813b-c25499b5b77c,1,39.2,170616941,FALSE,FALSE,FALSE,4
2021-08-11T10:31:50Z,2021-08-12T01:45:47Z,2021-08-12T02:01:30Z,2021-08-12T01:45:47Z,Desorbed NA,14,14,14,14,0,943,NA,Lupinus_eml_20_4_8112021_14.qgd,NA,NA,C:/GCMSsolution/Data/Project1/Campbell RMBL Data/Lupinus argenteus/Lupinus_eml_20_4_8112021_14.qgd,2ae0ef0d-3fec-412c-813b-c25499b5b77c,1,38.416666666666664,689051059,FALSE,FALSE,FALSE,1
2021-08-11T10:31:50Z,2021-08-12T02:23:34Z,2021-08-12T02:39:24Z,2021-08-12T02:23:34Z,Desorbed NA,15,15,15,15,0,950,NA,Lupinus_eml_20_8_8112021_15.qgd,NA,NA,C:/GCMSsolution/Data/Project1/Campbell RMBL Data/Lupinus argenteus/Lupinus_eml_20_8_8112021_15.qgd,2ae0ef0d-3fec-412c-813b-c25499b5b77c,1,37.78333333333333,163866726,FALSE,FALSE,FALSE,4
2021-08-11T10:31:50Z,2021-08-12T03:00:40Z,2021-08-12T03:16:27Z,2021-08-12T03:00:40Z,Desorbed NA,16,16,16,16,0,947,NA,Lupinus_eml_20_6_8112021_16.qgd,NA,NA,C:/GCMSsolution/Data/Project1/Campbell RMBL Data/Lupinus argenteus/Lupinus_eml_20_6_8112021_16.qgd,2ae0ef0d-3fec-412c-813b-c25499b5b77c,1,37.1,498847166,FALSE,FALSE,FALSE,1
2021-08-11T10:31:50Z,2021-08-12T03:37:10Z,2021-08-12T03:52:48Z,2021-08-12T03:37:10Z,Desorbed NA,17,17,17,17,0,938,NA,Lupinus_eml_20_7_8112021_17.qgd,NA,NA,C:/GCMSsolution/Data/Project1/Campbell RMBL Data/Lupinus argenteus/Lupinus_eml_20_7_8112021_17.qgd,2ae0ef0d-3fec-412c-813b-c25499b5b77c,1,36.5,172271746,FALSE,FALSE,FALSE,4
2021-08-11T10:31:50Z,2021-08-12T04:14:03Z,2021-08-12T04:29:47Z,2021-08-12T04:14:03Z,Desorbed NA,18,18,18,18,0,944,NA,Lupinus_npb_20_5_8112021_18.qgd,NA,NA,C:/GCMSsolution/Data/Project1/Campbell RMBL Data/Lupinus argenteus/Lupinus_npb_20_5_8112021_18.qgd,2ae0ef0d-3fec-412c-813b-c25499b5b77c,1,36.88333333333333,126260060,FALSE,FALSE,FALSE,4
2021-08-11T10:31:50Z,2021-08-12T04:34:46Z,2021-08-12T04:29:47Z,2021-08-12T04:29:47Z,Desorbed NA,19,19,18,18,1,299,NA,Lupinus_npb_20_5_8112021_18.qgd,NA,NA,C:/GCMSsolution/Data/Project1/Campbell RMBL Data/Lupinus argenteus/Lupinus_npb_20_5_8112021_18.qgd,2ae0ef0d-3fec-412c-813b-c25499b5b77c,1,20.716666666666665,126260060,FALSE,FALSE,FALSE,4
2021-08-11T10:31:50Z,2021-08-12T05:26:43Z,2021-08-12T05:42:33Z,2021-08-12T05:26:43Z,Desorbed NA,20,20,20,20,0,950,NA,Lupinus_npb_20_4_8112021_20.qgd,NA,NA,C:/GCMSsolution/Data/Project1/Campbell RMBL Data/Lupinus argenteus/Lupinus_npb_20_4_8112021_20.qgd,2ae0ef0d-3fec-412c-813b-c25499b5b77c,1,51.95,287864917,FALSE,FALSE,FALSE,4
2021-08-12T09:12:11Z,2021-08-12T16:17:09Z,2021-08-12T16:06:02Z,2021-08-12T16:06:02Z,Desorbed NA,1,1,1,1,0,667,NA,Blank1_8122021_01.qgd,NA,Blank,C:/GCMSsolution/Data/Project1/Campbell RMBL Data/Lupinus argenteus/Blank1_8122021_01.qgd,cafc7396-3329-4a2d-9d85-c9ec3e9b7653,1,650.4333333333333,92199993,TRUE,FALSE,TRUE,2
2021-08-12T09:12:11Z,2021-08-12T16:47:36Z,2021-08-12T17:03:25Z,2021-08-12T16:47:36Z,Desorbed NA,2,2,2,2,0,949,NA,Lupinus_npb_20_3_8122021_02.qgd,NA,NA,C:/GCMSsolution/Data/Project1/Campbell RMBL Data/Lupinus argenteus/Lupinus_npb_20_3_8122021_02.qgd,cafc7396-3329-4a2d-9d85-c9ec3e9b7653,1,30.45,296922860,FALSE,FALSE,FALSE,4
2021-08-12T09:12:11Z,2021-08-12T17:23:50Z,2021-08-12T17:39:36Z,2021-08-12T17:23:50Z,Leak-test failure High Pressure Leak Failure,3,3,3,3,0,946,NA,Lupinus_npb_20_1_8122021_03.qgd,NA,NA,C:/GCMSsolution/Data/Project1/Campbell RMBL Data/Lupinus argenteus/Lupinus_npb_20_1_8122021_03.qgd,cafc7396-3329-4a2d-9d85-c9ec3e9b7653,1,36.233333333333334,23383816,FALSE,TRUE,TRUE,2
2021-08-12T09:12:11Z,2021-08-12T18:00:04Z,2021-08-12T18:15:13Z,2021-08-12T18:00:04Z,Desorbed NA,4,4,4,4,0,909,NA,Lupinus_npb_20_air_1_8122021_04.qgd,NA,NA,C:/GCMSsolution/Data/Project1/Campbell RMBL Data/Lupinus argenteus/Lupinus_npb_20_air_1_8122021_04.qgd,cafc7396-3329-4a2d-9d85-c9ec3e9b7653,1,36.233333333333334,289972384,FALSE,FALSE,FALSE,4
2021-08-12T09:12:11Z,2021-08-12T18:36:14Z,2021-08-12T18:52:01Z,2021-08-12T18:36:14Z,Desorbed NA,5,5,5,5,0,947,NA,Lupinus_npb_20_2_8122021_05.qgd,NA,NA,C:/GCMSsolution/Data/Project1/Campbell RMBL Data/Lupinus argenteus/Lupinus_npb_20_2_8122021_05.qgd,cafc7396-3329-4a2d-9d85-c9ec3e9b7653,1,36.166666666666664,238608422,FALSE,FALSE,FALSE,4
2021-08-12T09:12:11Z,2021-08-12T19:13:49Z,2021-08-12T19:29:37Z,2021-08-12T19:13:49Z,Desorbed NA,6,6,6,6,0,948,NA,Lupinus_bvb_20_3_8122021_06.qgd,NA,NA,C:/GCMSsolution/Data/Project1/Campbell RMBL Data/Lupinus argenteus/Lupinus_bvb_20_3_8122021_06.qgd,cafc7396-3329-4a2d-9d85-c9ec3e9b7653,1,37.583333333333336,1067248031,FALSE,FALSE,FALSE,1
2021-08-12T09:12:11Z,2021-08-12T19:51:45Z,2021-08-12T20:07:36Z,2021-08-12T19:51:45Z,Desorbed NA,7,7,7,7,0,951,NA,Lupinus_bvb_20_1_8122021_07.qgd,NA,NA,C:/GCMSsolution/Data/Project1/Campbell RMBL Data/Lupinus argenteus/Lupinus_bvb_20_1_8122021_07.qgd,cafc7396-3329-4a2d-9d85-c9ec3e9b7653,1,37.93333333333333,158966873,FALSE,FALSE,FALSE,4
2021-08-12T09:12:11Z,2021-08-12T20:30:18Z,2021-08-12T20:46:07Z,2021-08-12T20:30:18Z,Desorbed NA,8,8,8,8,0,949,NA,Lupinus_bvb_20_2_8122021_08.qgd,NA,NA,C:/GCMSsolution/Data/Project1/Campbell RMBL Data/Lupinus argenteus/Lupinus_bvb_20_2_8122021_08.qgd,cafc7396-3329-4a2d-9d85-c9ec3e9b7653,1,38.55,192840851,FALSE,FALSE,FALSE,4
2021-08-12T09:12:11Z,2021-08-12T21:09:33Z,2021-08-12T21:25:09Z,2021-08-12T21:09:33Z,Desorbed NA,9,9,9,9,0,936,NA,Lupinus_bvb_20_6_8122021_09.qgd,NA,NA,C:/GCMSsolution/Data/Project1/Campbell RMBL Data/Lupinus argenteus/Lupinus_bvb_20_6_8122021_09.qgd,cafc7396-3329-4a2d-9d85-c9ec3e9b7653,1,39.25,478456573,FALSE,FALSE,FALSE,1
2021-08-12T09:12:11Z,2021-08-12T21:49:15Z,2021-08-12T22:05:01Z,2021-08-12T21:49:15Z,Desorbed NA,10,10,10,10,0,946,NA,Lupinus_bvb_20_air_1_8122021_10.qgd,NA,NA,C:/GCMSsolution/Data/Project1/Campbell RMBL Data/Lupinus argenteus/Lupinus_bvb_20_air_1_8122021_10.qgd,cafc7396-3329-4a2d-9d85-c9ec3e9b7653,1,39.7,1084311596,FALSE,FALSE,FALSE,1
2021-08-12T09:12:11Z,2021-08-12T22:29:57Z,2021-08-12T22:44:40Z,2021-08-12T22:29:57Z,Desorbed NA,11,11,11,11,0,883,NA,Lupinus_brc_20_1_8122021_11.qgd,NA,NA,C:/GCMSsolution/Data/Project1/Campbell RMBL Data/Lupinus argenteus/Lupinus_brc_20_1_8122021_11.qgd,cafc7396-3329-4a2d-9d85-c9ec3e9b7653,1,40.7,1291509238,FALSE,FALSE,FALSE,1
2021-08-12T09:12:11Z,2021-08-12T23:08:05Z,2021-08-12T23:23:46Z,2021-08-12T23:08:05Z,Desorbed NA,12,12,12,12,0,941,NA,Lupinus_lerb_20_3_8122021_12.qgd,NA,NA,C:/GCMSsolution/Data/Project1/Campbell RMBL Data/Lupinus argenteus/Lupinus_lerb_20_3_8122021_12.qgd,cafc7396-3329-4a2d-9d85-c9ec3e9b7653,1,38.13333333333333,786945357,FALSE,FALSE,FALSE,1
2021-08-12T09:12:11Z,2021-08-12T23:46:57Z,2021-08-13T00:02:42Z,2021-08-12T23:46:57Z,Desorbed NA,13,13,13,13,0,945,NA,Lupinus_brc_20_7_8122021_13.qgd,NA,NA,C:/GCMSsolution/Data/Project1/Campbell RMBL Data/Lupinus argenteus/Lupinus_brc_20_7_8122021_13.qgd,cafc7396-3329-4a2d-9d85-c9ec3e9b7653,1,38.86666666666667,219262680,FALSE,FALSE,FALSE,4
2021-08-12T09:12:11Z,2021-08-13T00:26:04Z,2021-08-13T00:41:52Z,2021-08-13T00:26:04Z,Desorbed NA,14,14,14,14,0,948,NA,Lupinus_lerb_20_7_8122021_14.qgd,NA,NA,C:/GCMSsolution/Data/Project1/Campbell RMBL Data/Lupinus argenteus/Lupinus_lerb_20_7_8122021_14.qgd,cafc7396-3329-4a2d-9d85-c9ec3e9b7653,1,39.11666666666667,279660306,FALSE,FALSE,FALSE,4
2021-08-12T09:12:11Z,2021-08-13T01:04:38Z,2021-08-13T01:20:27Z,2021-08-13T01:04:38Z,Desorbed NA,15,15,15,15,0,949,NA,Lupinus_brc_20_6_8122021_15.qgd,NA,NA,C:/GCMSsolution/Data/Project1/Campbell RMBL Data/Lupinus argenteus/Lupinus_brc_20_6_8122021_15.qgd,cafc7396-3329-4a2d-9d85-c9ec3e9b7653,1,38.56666666666667,842446536,FALSE,FALSE,FALSE,1
2021-08-12T09:12:11Z,2021-08-13T01:42:59Z,2021-08-13T01:58:47Z,2021-08-13T01:42:59Z,Desorbed NA,16,16,16,16,0,948,NA,Lupinus_lerb_20_6_8122021_16.qgd,NA,NA,C:/GCMSsolution/Data/Project1/Campbell RMBL Data/Lupinus argenteus/Lupinus_lerb_20_6_8122021_16.qgd,cafc7396-3329-4a2d-9d85-c9ec3e9b7653,1,38.35,183666100,FALSE,FALSE,FALSE,4
2021-08-12T09:12:11Z,2021-08-13T02:20:34Z,2021-08-13T02:36:22Z,2021-08-13T02:20:34Z,Desorbed NA,17,17,17,17,0,948,NA,Lupinus_brc_20_5_8122021_17.qgd,NA,NA,C:/GCMSsolution/Data/Project1/Campbell RMBL Data/Lupinus argenteus/Lupinus_brc_20_5_8122021_17.qgd,cafc7396-3329-4a2d-9d85-c9ec3e9b7653,1,37.583333333333336,288062284,FALSE,FALSE,FALSE,4
2021-08-12T09:12:11Z,2021-08-13T02:57:33Z,2021-08-13T03:13:21Z,2021-08-13T02:57:33Z,Desorbed NA,18,18,18,18,0,948,NA,Lupinus_lerb_20_8_8122021_18.qgd,NA,NA,C:/GCMSsolution/Data/Project1/Campbell RMBL Data/Lupinus argenteus/Lupinus_lerb_20_8_8122021_18.qgd,cafc7396-3329-4a2d-9d85-c9ec3e9b7653,1,36.983333333333334,702997578,FALSE,FALSE,FALSE,1
2021-08-12T09:12:11Z,2021-08-13T03:35:01Z,2021-08-13T03:50:48Z,2021-08-13T03:35:01Z,Desorbed NA,19,19,19,19,0,947,NA,Lupinus_lerb_20_air_1_8122021_19.qgd,NA,NA,C:/GCMSsolution/Data/Project1/Campbell RMBL Data/Lupinus argenteus/Lupinus_lerb_20_air_1_8122021_19.qgd,cafc7396-3329-4a2d-9d85-c9ec3e9b7653,1,37.46666666666667,778423075,FALSE,FALSE,FALSE,1
2021-08-12T09:12:11Z,2021-08-13T04:12:02Z,2021-08-13T04:27:46Z,2021-08-13T04:12:02Z,Desorbed NA,20,20,20,20,0,944,NA,Lupinus_brc_20_2_8122021_20.qgd,NA,NA,C:/GCMSsolution/Data/Project1/Campbell RMBL Data/Lupinus argenteus/Lupinus_brc_20_2_8122021_20.qgd,cafc7396-3329-4a2d-9d85-c9ec3e9b7653,1,37.016666666666666,982125123,FALSE,FALSE,FALSE,1
2021-08-13T06:42:36Z,2021-08-13T13:47:35Z,2021-08-13T13:53:23Z,2021-08-13T13:47:35Z,Desorbed NA,1,1,1,1,0,348,NA,Lupinus_eml_20_air_1_8132021_01.qgd,NA,NA,C:/GCMSsolution/Data/Project1/Campbell RMBL Data/Lupinus argenteus/Lupinus_eml_20_air_1_8132021_01.qgd,47ed1b17-a106-4bed-960a-ea8c80770b21,1,575.55,95395124,FALSE,TRUE,TRUE,2
2021-08-13T06:42:36Z,2021-08-13T14:18:05Z,2021-08-13T14:33:41Z,2021-08-13T14:18:05Z,Desorbed NA,2,2,2,2,0,936,NA,Lupinus_npb_20_1_8132021_02.qgd,NA,NA,C:/GCMSsolution/Data/Project1/Campbell RMBL Data/Lupinus argenteus/Lupinus_npb_20_1_8132021_02.qgd,47ed1b17-a106-4bed-960a-ea8c80770b21,1,30.5,210315547,FALSE,FALSE,FALSE,4
2021-08-13T06:42:36Z,2021-08-13T14:53:09Z,2021-08-13T15:08:36Z,2021-08-13T14:53:09Z,Leak-test failure High Pressure Leak Failure,3,3,3,3,0,926.5,NA,Lupinus_eml_20_1_8132021_03.qgd,NA,NA,C:/GCMSsolution/Data/Project1/Campbell RMBL Data/Lupinus argenteus/Lupinus_eml_20_1_8132021_03.qgd,47ed1b17-a106-4bed-960a-ea8c80770b21,1,35.075,22722675,FALSE,TRUE,TRUE,2
2021-08-13T06:42:36Z,2021-08-13T15:28:14Z,2021-08-13T15:43:25Z,2021-08-13T15:28:14Z,Desorbed NA,4,4,4,4,0,911,NA,Lupinus_eml_20_2_8132021_04.qgd,NA,NA,C:/GCMSsolution/Data/Project1/Campbell RMBL Data/Lupinus argenteus/Lupinus_eml_20_2_8132021_04.qgd,47ed1b17-a106-4bed-960a-ea8c80770b21,1,35.075,1092327589,FALSE,FALSE,FALSE,1
2021-08-13T06:42:36Z,2021-08-13T16:03:11Z,2021-08-13T16:18:47Z,2021-08-13T16:03:11Z,Desorbed NA,5,5,5,5,0,936,NA,Lupinus_chs_20_2_8132021_05.qgd,NA,NA,C:/GCMSsolution/Data/Project1/Campbell RMBL Data/Lupinus argenteus/Lupinus_chs_20_2_8132021_05.qgd,47ed1b17-a106-4bed-960a-ea8c80770b21,1,34.95,912897515,FALSE,FALSE,FALSE,1
2021-08-13T06:42:36Z,2021-08-13T16:38:53Z,2021-08-13T16:54:42Z,2021-08-13T16:38:53Z,Desorbed NA,6,6,6,6,0,949,NA,Lupinus_chs_20_air_1_8132021_06.qgd,NA,NA,C:/GCMSsolution/Data/Project1/Campbell RMBL Data/Lupinus argenteus/Lupinus_chs_20_air_1_8132021_06.qgd,47ed1b17-a106-4bed-960a-ea8c80770b21,1,35.7,882571336,FALSE,FALSE,FALSE,1
2021-08-13T06:42:36Z,2021-08-13T17:15:09Z,2021-08-13T17:30:58Z,2021-08-13T17:15:09Z,Desorbed NA,7,7,7,7,0,949,NA,Lupinus_chs_20_4_8132021_07.qgd,NA,NA,C:/GCMSsolution/Data/Project1/Campbell RMBL Data/Lupinus argenteus/Lupinus_chs_20_4_8132021_07.qgd,47ed1b17-a106-4bed-960a-ea8c80770b21,1,36.266666666666666,131816926,FALSE,FALSE,FALSE,4
2021-08-13T06:42:36Z,2021-08-13T17:51:52Z,2021-08-13T18:07:39Z,2021-08-13T17:51:52Z,Desorbed NA,8,8,8,8,0,947,NA,Lupinus_chs_20_1_8132021_08.qgd,NA,NA,C:/GCMSsolution/Data/Project1/Campbell RMBL Data/Lupinus argenteus/Lupinus_chs_20_1_8132021_08.qgd,47ed1b17-a106-4bed-960a-ea8c80770b21,1,36.71666666666667,921837634,FALSE,FALSE,FALSE,1
2021-08-13T06:42:36Z,2021-08-13T18:29:11Z,2021-08-13T18:44:45Z,2021-08-13T18:29:11Z,Desorbed NA,9,9,9,9,0,934,NA,Lupinus_chs_20_3_8132021_09.qgd,NA,NA,C:/GCMSsolution/Data/Project1/Campbell RMBL Data/Lupinus argenteus/Lupinus_chs_20_3_8132021_09.qgd,47ed1b17-a106-4bed-960a-ea8c80770b21,1,37.31666666666667,1068206050,FALSE,FALSE,FALSE,1
2021-08-13T06:42:36Z,2021-08-13T19:06:05Z,2021-08-13T19:21:53Z,2021-08-13T19:06:05Z,Desorbed NA,10,10,10,10,0,948,NA,Lupinus_bvb_20_5_8132021_10.qgd,NA,NA,C:/GCMSsolution/Data/Project1/Campbell RMBL Data/Lupinus argenteus/Lupinus_bvb_20_5_8132021_10.qgd,47ed1b17-a106-4bed-960a-ea8c80770b21,1,36.9,234652199,FALSE,FALSE,FALSE,4
2021-08-13T06:42:36Z,2021-08-13T19:44:49Z,2021-08-13T19:59:43Z,2021-08-13T19:44:49Z,Desorbed NA,11,11,11,11,0,894,NA,Lupinus_bvb_20_4_8132021_11.qgd,NA,NA,C:/GCMSsolution/Data/Project1/Campbell RMBL Data/Lupinus argenteus/Lupinus_bvb_20_4_8132021_11.qgd,47ed1b17-a106-4bed-960a-ea8c80770b21,1,38.733333333333334,142465957,FALSE,FALSE,FALSE,4
2021-08-13T06:42:36Z,2021-08-13T20:21:59Z,2021-08-13T20:37:49Z,2021-08-13T20:21:59Z,Desorbed NA,12,12,12,12,0,950,NA,Lupinus_bvb_20_9_8132021_12.qgd,NA,NA,C:/GCMSsolution/Data/Project1/Campbell RMBL Data/Lupinus argenteus/Lupinus_bvb_20_9_8132021_12.qgd,47ed1b17-a106-4bed-960a-ea8c80770b21,1,37.166666666666664,916929498,FALSE,FALSE,FALSE,1
2021-08-13T06:42:36Z,2021-08-13T21:01:00Z,2021-08-13T21:16:48Z,2021-08-13T21:01:00Z,Desorbed NA,13,13,13,13,0,948,NA,Lupinus_bvb_20_8_8132021_13.qgd,NA,NA,C:/GCMSsolution/Data/Project1/Campbell RMBL Data/Lupinus argenteus/Lupinus_bvb_20_8_8132021_13.qgd,47ed1b17-a106-4bed-960a-ea8c80770b21,1,39.016666666666666,836928815,FALSE,FALSE,FALSE,1
2021-08-13T06:42:36Z,2021-08-13T21:40:45Z,2021-08-13T21:56:18Z,2021-08-13T21:40:45Z,Desorbed NA,14,14,14,14,0,933,NA,Lupinus_bvb_20_7_8132021_14.qgd,NA,NA,C:/GCMSsolution/Data/Project1/Campbell RMBL Data/Lupinus argenteus/Lupinus_bvb_20_7_8132021_14.qgd,47ed1b17-a106-4bed-960a-ea8c80770b21,1,39.75,227437178,FALSE,FALSE,FALSE,4
2021-08-13T06:42:36Z,2021-08-13T22:21:12Z,2021-08-13T22:37:01Z,2021-08-13T22:21:12Z,Desorbed NA,15,15,15,15,0,949,NA,Lupinus_lerb_20_9_8132021_15.qgd,NA,NA,C:/GCMSsolution/Data/Project1/Campbell RMBL Data/Lupinus argenteus/Lupinus_lerb_20_9_8132021_15.qgd,47ed1b17-a106-4bed-960a-ea8c80770b21,1,40.45,1077963970,FALSE,FALSE,FALSE,1
2021-08-13T06:42:36Z,2021-08-13T23:01:58Z,2021-08-13T23:17:46Z,2021-08-13T23:01:58Z,Desorbed NA,16,16,16,16,0,948,NA,Lupinus_lerb_20_8_8132021_16.qgd,NA,NA,C:/GCMSsolution/Data/Project1/Campbell RMBL Data/Lupinus argenteus/Lupinus_lerb_20_8_8132021_16.qgd,47ed1b17-a106-4bed-960a-ea8c80770b21,1,40.766666666666666,167442255,FALSE,FALSE,FALSE,4
2021-08-13T06:42:36Z,2021-08-13T23:41:50Z,2021-08-13T23:57:42Z,2021-08-13T23:41:50Z,Desorbed NA,17,17,17,17,0,952,NA,Lupinus_brc_20_8_8132021_17.qgd,NA,NA,C:/GCMSsolution/Data/Project1/Campbell RMBL Data/Lupinus argenteus/Lupinus_brc_20_8_8132021_17.qgd,47ed1b17-a106-4bed-960a-ea8c80770b21,1,39.86666666666667,1180013186,FALSE,FALSE,FALSE,1
2021-08-13T06:42:36Z,2021-08-14T00:21:25Z,2021-08-14T00:37:13Z,2021-08-14T00:21:25Z,Desorbed NA,18,18,18,18,0,948,NA,Lupinus_lerb_20_2_8132021_18.qgd,NA,NA,C:/GCMSsolution/Data/Project1/Campbell RMBL Data/Lupinus argenteus/Lupinus_lerb_20_2_8132021_18.qgd,47ed1b17-a106-4bed-960a-ea8c80770b21,1,39.583333333333336,774020323,FALSE,FALSE,FALSE,1
2021-08-13T06:42:36Z,2021-08-14T01:00:23Z,2021-08-14T01:16:14Z,2021-08-14T01:00:23Z,Desorbed NA,19,19,19,19,0,951,NA,Lupinus_brc_20_air_1_8132021_19.qgd,NA,NA,C:/GCMSsolution/Data/Project1/Campbell RMBL Data/Lupinus argenteus/Lupinus_brc_20_air_1_8132021_19.qgd,47ed1b17-a106-4bed-960a-ea8c80770b21,1,38.96666666666667,475721609,FALSE,FALSE,FALSE,1
2021-08-13T06:42:36Z,2021-08-14T01:38:46Z,2021-08-14T01:54:24Z,2021-08-14T01:38:46Z,Desorbed NA,20,20,20,20,0,938,NA,Lupinus_brc_20_2_8132021_20.qgd,NA,NA,C:/GCMSsolution/Data/Project1/Campbell RMBL Data/Lupinus argenteus/Lupinus_brc_20_2_8132021_20.qgd,47ed1b17-a106-4bed-960a-ea8c80770b21,1,38.38333333333333,141781765,FALSE,FALSE,FALSE,4
2021-08-14T07:25:31Z,2021-08-14T14:30:34Z,2021-08-14T14:22:56Z,2021-08-14T14:22:56Z,Desorbed NA,1,1,1,1,0,458,NA,Blank1_8142021_01.qgd,NA,Martin,C:/GCMSsolution/Data/Project1/Campbell RMBL Data/Ipomopsis 2020/Blank1_8142021_01.qgd,5edabd56-3b80-437b-a16a-03e8258d7b41,1,771.8,NA,NA,NA,NA,NA
2021-08-14T07:25:31Z,2021-08-14T15:01:00Z,2021-08-14T15:16:49Z,2021-08-14T15:01:00Z,Desorbed NA,2,2,2,2,0,949,NA,Lupinus_lerb_20_4_8142021_02.qgd,NA,Martin,C:/GCMSsolution/Data/Project1/Campbell RMBL Data/Ipomopsis 2020/Lupinus_lerb_20_4_8142021_02.qgd,5edabd56-3b80-437b-a16a-03e8258d7b41,1,30.433333333333337,141588233,FALSE,FALSE,FALSE,4
2021-08-14T07:25:31Z,2021-08-14T15:36:16Z,2021-08-14T15:52:07Z,2021-08-14T15:36:16Z,Desorbed NA,3,3,3,3,0,951,NA,Lupinus_npb_20_1_8142021_03.qgd,NA,Martin,C:/GCMSsolution/Data/Project1/Campbell RMBL Data/Ipomopsis 2020/Lupinus_npb_20_1_8142021_03.qgd,5edabd56-3b80-437b-a16a-03e8258d7b41,1,35.266666666666666,1118317153,FALSE,FALSE,FALSE,1
2021-08-14T07:25:31Z,2021-08-14T16:11:59Z,2021-08-14T16:27:48Z,2021-08-14T16:11:59Z,Desorbed NA,4,4,4,4,0,949,NA,Lupinus_lerb_20_5_8142021_04.qgd,NA,Martin,C:/GCMSsolution/Data/Project1/Campbell RMBL Data/Ipomopsis 2020/Lupinus_lerb_20_5_8142021_04.qgd,5edabd56-3b80-437b-a16a-03e8258d7b41,1,35.71666666666667,836595576,FALSE,FALSE,FALSE,1
2021-08-14T07:25:31Z,2021-08-14T16:48:01Z,2021-08-14T17:03:49Z,2021-08-14T16:48:01Z,Desorbed NA,5,5,5,5,0,948,NA,Lupinus_brc_20_3_8142021_05.qgd,NA,Martin,C:/GCMSsolution/Data/Project1/Campbell RMBL Data/Ipomopsis 2020/Lupinus_brc_20_3_8142021_05.qgd,5edabd56-3b80-437b-a16a-03e8258d7b41,1,36.03333333333333,203403596,FALSE,FALSE,FALSE,4
2021-08-14T07:25:31Z,2021-08-14T17:24:19Z,2021-08-14T17:40:07Z,2021-08-14T17:24:19Z,Desorbed NA,6,6,6,6,0,948,NA,Lupinus_brc_20_4_8142021_06.qgd,NA,Martin,C:/GCMSsolution/Data/Project1/Campbell RMBL Data/Ipomopsis 2020/Lupinus_brc_20_4_8142021_06.qgd,5edabd56-3b80-437b-a16a-03e8258d7b41,1,36.3,166855402,FALSE,FALSE,FALSE,4
2021-08-14T07:25:31Z,2021-08-14T18:01:15Z,2021-08-14T18:17:04Z,2021-08-14T18:01:15Z,Desorbed NA,7,7,7,7,0,949,NA,Lagg_133_8142021_07.qgd,NA,Martin,C:/GCMSsolution/Data/Project1/Campbell RMBL Data/Ipomopsis 2020/Lagg_133_8142021_07.qgd,5edabd56-3b80-437b-a16a-03e8258d7b41,1,36.93333333333333,NA,NA,NA,NA,NA
2021-08-14T07:25:31Z,2021-08-14T18:37:39Z,2021-08-14T18:49:08Z,2021-08-14T18:37:39Z,Desorbed NA,8,8,8,8,0,689,NA,Lagg_104_8142021_08.qgd,NA,Martin,C:/GCMSsolution/Data/Project1/Campbell RMBL Data/Ipomopsis 2020/Lagg_104_8142021_08.qgd,5edabd56-3b80-437b-a16a-03e8258d7b41,1,36.4,NA,NA,NA,NA,NA
2021-08-14T07:25:31Z,2021-08-14T19:09:50Z,2021-08-14T19:21:17Z,2021-08-14T19:09:50Z,Desorbed NA,9,9,9,9,0,687,NA,Lagg_100_8142021_09.qgd,NA,Martin,C:/GCMSsolution/Data/Project1/Campbell RMBL Data/Ipomopsis 2020/Lagg_100_8142021_09.qgd,5edabd56-3b80-437b-a16a-03e8258d7b41,1,32.18333333333333,NA,NA,NA,NA,NA
2021-08-14T07:25:31Z,2021-08-14T19:42:06Z,2021-08-14T19:53:38Z,2021-08-14T19:42:06Z,Desorbed NA,10,10,10,10,0,692,NA,Lagg_103_8142021_10.qgd,NA,Martin,C:/GCMSsolution/Data/Project1/Campbell RMBL Data/Ipomopsis 2020/Lagg_103_8142021_10.qgd,5edabd56-3b80-437b-a16a-03e8258d7b41,1,32.266666666666666,NA,NA,NA,NA,NA
2021-08-14T07:25:31Z,2021-08-14T20:15:51Z,2021-08-14T20:26:24Z,2021-08-14T20:15:51Z,Desorbed NA,11,11,11,11,0,633,NA,Lagg_101_8142021_11.qgd,NA,Martin,C:/GCMSsolution/Data/Project1/Campbell RMBL Data/Ipomopsis 2020/Lagg_101_8142021_11.qgd,5edabd56-3b80-437b-a16a-03e8258d7b41,1,33.75,NA,NA,NA,NA,NA
2021-08-14T07:25:31Z,2021-08-14T20:47:44Z,2021-08-14T20:59:01Z,2021-08-14T20:47:44Z,Desorbed NA,12,12,12,12,0,677,NA,Lagg_102_8142021_12.qgd,NA,Martin,C:/GCMSsolution/Data/Project1/Campbell RMBL Data/Ipomopsis 2020/Lagg_102_8142021_12.qgd,5edabd56-3b80-437b-a16a-03e8258d7b41,1,31.883333333333333,NA,NA,NA,NA,NA
2021-08-14T07:25:31Z,2021-08-14T21:20:53Z,2021-08-14T21:32:22Z,2021-08-14T21:20:53Z,Desorbed NA,13,13,13,13,0,689,NA,Lagg_105_8142021_13.qgd,NA,Martin,C:/GCMSsolution/Data/Project1/Campbell RMBL Data/Ipomopsis 2020/Lagg_105_8142021_13.qgd,5edabd56-3b80-437b-a16a-03e8258d7b41,1,33.15,NA,NA,NA,NA,NA
2021-08-14T07:25:31Z,2021-08-14T21:54:36Z,2021-08-14T22:06:05Z,2021-08-14T21:54:36Z,Desorbed NA,14,14,14,14,0,689,NA,Lagg_123_8142021_14.qgd,NA,Martin,C:/GCMSsolution/Data/Project1/Campbell RMBL Data/Ipomopsis 2020/Lagg_123_8142021_14.qgd,5edabd56-3b80-437b-a16a-03e8258d7b41,1,33.71666666666667,NA,NA,NA,NA,NA
2021-08-14T07:25:31Z,2021-08-14T22:28:50Z,2021-08-14T22:40:16Z,2021-08-14T22:28:50Z,Desorbed NA,15,15,15,15,0,686,NA,Lagg_121_8142021_15.qgd,NA,Martin,C:/GCMSsolution/Data/Project1/Campbell RMBL Data/Ipomopsis 2020/Lagg_121_8142021_15.qgd,5edabd56-3b80-437b-a16a-03e8258d7b41,1,34.233333333333334,NA,NA,NA,NA,NA
2021-08-14T07:25:31Z,2021-08-14T23:03:07Z,2021-08-14T23:14:37Z,2021-08-14T23:03:07Z,Desorbed NA,16,16,16,16,0,690,NA,Lagg_120_8142021_16.qgd,NA,Martin,C:/GCMSsolution/Data/Project1/Campbell RMBL Data/Ipomopsis 2020/Lagg_120_8142021_16.qgd,5edabd56-3b80-437b-a16a-03e8258d7b41,1,34.28333333333333,NA,NA,NA,NA,NA
2021-08-14T07:25:31Z,2021-08-14T23:38:06Z,2021-08-14T23:49:35Z,2021-08-14T23:38:06Z,Desorbed NA,17,17,17,17,0,689,NA,Lagg_118_8142021_17.qgd,NA,Martin,C:/GCMSsolution/Data/Project1/Campbell RMBL Data/Ipomopsis 2020/Lagg_118_8142021_17.qgd,5edabd56-3b80-437b-a16a-03e8258d7b41,1,34.983333333333334,NA,NA,NA,NA,NA
2021-08-14T07:25:31Z,2021-08-15T00:12:43Z,2021-08-15T00:24:00Z,2021-08-15T00:12:43Z,Desorbed NA,18,18,18,18,0,677,NA,Lagg_132_8142021_18.qgd,NA,Martin,C:/GCMSsolution/Data/Project1/Campbell RMBL Data/Ipomopsis 2020/Lagg_132_8142021_18.qgd,5edabd56-3b80-437b-a16a-03e8258d7b41,1,34.61666666666667,NA,NA,NA,NA,NA
2021-08-14T07:25:31Z,2021-08-15T00:47:39Z,2021-08-15T00:59:11Z,2021-08-15T00:47:39Z,Desorbed NA,19,19,19,19,0,692,NA,Lagg_113_8142021_19.qgd,NA,Martin,C:/GCMSsolution/Data/Project1/Campbell RMBL Data/Ipomopsis 2020/Lagg_113_8142021_19.qgd,5edabd56-3b80-437b-a16a-03e8258d7b41,1,34.93333333333333,NA,NA,NA,NA,NA
2021-08-14T07:25:31Z,2021-08-15T01:22:30Z,2021-08-15T01:34:01Z,2021-08-15T01:22:30Z,Desorbed NA,20,20,20,20,0,691,NA,SC_155_8142021_20.qgd,NA,Martin,C:/GCMSsolution/Data/Project1/Campbell RMBL Data/Ipomopsis 2020/SC_155_8142021_20.qgd,5edabd56-3b80-437b-a16a-03e8258d7b41,1,34.85,NA,NA,NA,NA,NA
2021-08-14T07:25:31Z,2021-08-15T01:57:38Z,2021-08-15T02:08:13Z,2021-08-15T01:57:38Z,Desorbed NA,1,21,21,21,0,635,NA,Blank2_8142021_21.qgd,NA,Martin,C:/GCMSsolution/Data/Project1/Campbell RMBL Data/Ipomopsis 2020/Blank2_8142021_21.qgd,5edabd56-3b80-437b-a16a-03e8258d7b41,1,35.13333333333333,NA,NA,NA,NA,NA
2021-08-14T07:25:31Z,2021-08-15T02:31:02Z,2021-08-15T02:41:44Z,2021-08-15T02:31:02Z,Desorbed NA,21,22,22,22,0,642,NA,Corydalis_S5_1_210811_8142021_22.qgd,NA,Martin,C:/GCMSsolution/Data/Project1/Campbell RMBL Data/Ipomopsis 2020/Corydalis_S5_1_210811_8142021_22.qgd,5edabd56-3b80-437b-a16a-03e8258d7b41,1,33.4,NA,NA,NA,NA,NA
2021-08-14T07:25:31Z,NA,NA,NA,NA NA,22,23,NA,23,NA,NA,NA,NA,NA,NA,NA,5edabd56-3b80-437b-a16a-03e8258d7b41,1,NA,NA,NA,NA,NA,NA
2021-08-14T07:25:31Z,2021-08-15T03:03:21Z,2021-08-15T03:14:46Z,2021-08-15T03:03:21Z,Desorbed NA,23,24,23,23,1,685,NA,Corydalis_S5_2_210811_8142021_23.qgd,NA,Martin,C:/GCMSsolution/Data/Project1/Campbell RMBL Data/Ipomopsis 2020/Corydalis_S5_2_210811_8142021_23.qgd,5edabd56-3b80-437b-a16a-03e8258d7b41,1,NA,NA,NA,NA,NA,NA
2021-08-14T07:25:31Z,2021-08-15T03:35:51Z,2021-08-15T03:47:21Z,2021-08-15T03:35:51Z,Desorbed NA,24,25,24,24,1,690,NA,Corydalis_S5_3_210811_8142021_24.qgd,NA,Martin,C:/GCMSsolution/Data/Project1/Campbell RMBL Data/Ipomopsis 2020/Corydalis_S5_3_210811_8142021_24.qgd,5edabd56-3b80-437b-a16a-03e8258d7b41,1,32.5,NA,NA,NA,NA,NA
2021-08-14T07:25:31Z,2021-08-15T04:08:55Z,2021-08-15T04:20:21Z,2021-08-15T04:08:55Z,Desorbed NA,25,26,25,25,1,686,NA,Corydalis_S4_1_210811_8142021_25.qgd,NA,Martin,C:/GCMSsolution/Data/Project1/Campbell RMBL Data/Ipomopsis 2020/Corydalis_S4_1_210811_8142021_25.qgd,5edabd56-3b80-437b-a16a-03e8258d7b41,1,33.06666666666667,NA,NA,NA,NA,NA
2021-08-14T07:25:31Z,2021-08-15T04:41:28Z,2021-08-15T04:52:55Z,2021-08-15T04:41:28Z,Desorbed NA,26,27,26,26,1,687,NA,Corydalis_S4_2_210811_8142021_26.qgd,NA,Martin,C:/GCMSsolution/Data/Project1/Campbell RMBL Data/Ipomopsis 2020/Corydalis_S4_2_210811_8142021_26.qgd,5edabd56-3b80-437b-a16a-03e8258d7b41,1,32.55,NA,NA,NA,NA,NA
2021-08-14T07:25:31Z,2021-08-15T05:13:40Z,2021-08-15T05:25:08Z,2021-08-15T05:13:40Z,Desorbed NA,27,28,27,27,1,688,NA,Corydalis_S4_3_210811_8142021_27.qgd,NA,Martin,C:/GCMSsolution/Data/Project1/Campbell RMBL Data/Ipomopsis 2020/Corydalis_S4_3_210811_8142021_27.qgd,5edabd56-3b80-437b-a16a-03e8258d7b41,1,32.2,NA,NA,NA,NA,NA
2021-08-14T07:25:31Z,2021-08-15T05:45:37Z,2021-08-15T05:57:09Z,2021-08-15T05:45:37Z,Desorbed NA,28,29,28,28,1,692,NA,Corydalis_S3_1_210811_8142021_28.qgd,NA,Martin,C:/GCMSsolution/Data/Project1/Campbell RMBL Data/Ipomopsis 2020/Corydalis_S3_1_210811_8142021_28.qgd,5edabd56-3b80-437b-a16a-03e8258d7b41,1,31.95,NA,NA,NA,NA,NA
2021-08-14T07:25:31Z,2021-08-15T06:17:29Z,2021-08-15T06:29:01Z,2021-08-15T06:17:29Z,Desorbed NA,29,30,29,29,1,692,NA,Corydalis_S3_2_210811_8142021_29.qgd,NA,Martin,C:/GCMSsolution/Data/Project1/Campbell RMBL Data/Ipomopsis 2020/Corydalis_S3_2_210811_8142021_29.qgd,5edabd56-3b80-437b-a16a-03e8258d7b41,1,31.866666666666667,NA,NA,NA,NA,NA
2021-08-14T07:25:31Z,2021-08-15T06:49:14Z,2021-08-15T07:00:45Z,2021-08-15T06:49:14Z,Desorbed NA,30,31,30,30,1,691,NA,Corydalis_S3_3_210811_8142021_30.qgd,NA,Martin,C:/GCMSsolution/Data/Project1/Campbell RMBL Data/Ipomopsis 2020/Corydalis_S3_3_210811_8142021_30.qgd,5edabd56-3b80-437b-a16a-03e8258d7b41,1,31.75,NA,NA,NA,NA,NA
2021-08-14T07:25:31Z,2021-08-15T07:21:48Z,2021-08-15T07:32:21Z,2021-08-15T07:21:48Z,Desorbed NA,31,32,31,31,1,633,NA,Corydalis_S2_1_210811_8142021_31.qgd,NA,Martin,C:/GCMSsolution/Data/Project1/Campbell RMBL Data/Ipomopsis 2020/Corydalis_S2_1_210811_8142021_31.qgd,5edabd56-3b80-437b-a16a-03e8258d7b41,1,32.56666666666667,NA,NA,NA,NA,NA
2021-08-14T07:25:31Z,2021-08-15T07:52:27Z,2021-08-15T08:03:55Z,2021-08-15T07:52:27Z,Desorbed NA,32,33,32,32,1,688,NA,Corydalis_S2_2_210811_8142021_32.qgd,NA,Martin,C:/GCMSsolution/Data/Project1/Campbell RMBL Data/Ipomopsis 2020/Corydalis_S2_2_210811_8142021_32.qgd,5edabd56-3b80-437b-a16a-03e8258d7b41,1,30.65,NA,NA,NA,NA,NA
2021-08-14T07:25:31Z,2021-08-15T08:23:54Z,2021-08-15T08:35:25Z,2021-08-15T08:23:54Z,Desorbed NA,33,34,33,33,1,691,NA,Corydalis_S2_3_210811_8142021_33.qgd,NA,Martin,C:/GCMSsolution/Data/Project1/Campbell RMBL Data/Ipomopsis 2020/Corydalis_S2_3_210811_8142021_33.qgd,5edabd56-3b80-437b-a16a-03e8258d7b41,1,31.45,NA,NA,NA,NA,NA
2021-08-14T07:25:31Z,2021-08-15T08:55:18Z,2021-08-15T09:06:42Z,2021-08-15T08:55:18Z,Desorbed NA,34,35,34,34,1,684,NA,Corydalis_S1_1_210811_8142021_34.qgd,NA,Martin,C:/GCMSsolution/Data/Project1/Campbell RMBL Data/Ipomopsis 2020/Corydalis_S1_1_210811_8142021_34.qgd,5edabd56-3b80-437b-a16a-03e8258d7b41,1,31.4,NA,NA,NA,NA,NA
2021-08-14T07:25:31Z,2021-08-15T09:11:07Z,2021-08-15T09:06:42Z,2021-08-15T09:06:42Z,NA NA,35,36,34,34,2,265,NA,Corydalis_S1_1_210811_8142021_34.qgd,NA,Martin,C:/GCMSsolution/Data/Project1/Campbell RMBL Data/Ipomopsis 2020/Corydalis_S1_1_210811_8142021_34.qgd,5edabd56-3b80-437b-a16a-03e8258d7b41,1,15.816666666666666,NA,NA,NA,NA,NA
NA,NA,2021-08-12T05:06:20Z,2021-08-12T05:06:20Z,NA NA,NA,NA,19,19,NA,NA,NA,Lupinus_npb_20_6_8112021_19.qgd,NA,NA,C:/GCMSsolution/Data/Project1/Campbell RMBL Data/Lupinus argenteus/Lupinus_npb_20_6_8112021_19.qgd,NA,NA,NA,784295020,FALSE,FALSE,FALSE,1
2023-08-31T21:31:45Z,2023-09-01T04:36:14Z,2023-09-01T04:30:57Z,2023-09-01T04:30:57Z,Desorbed NA,1,1,1,1,0,737,NA,JH_Lup_arg_CIN_23-6_8312023_01.qgd,NA,Heiling,C:/GCMSsolution/Data/Project1/Campbell RMBL Data/Emitters 2023/JH_Lup_arg_CIN_23-6_8312023_01.qgd,8d3524a0-d44e-49ce-8f1e-db50c497cf35,1,2602.5,331395669,FALSE,FALSE,FALSE,4
2023-08-31T21:31:45Z,2023-09-01T05:06:47Z,2023-09-01T05:11:37Z,2023-09-01T05:06:47Z,Desorbed NA,2,2,2,2,0,130,NA,JH_Lup_arg_CIN_23-7_8312023_02.qgd,NA,Heiling,C:/GCMSsolution/Data/Project1/Campbell RMBL Data/Emitters 2023/JH_Lup_arg_CIN_23-7_8312023_02.qgd,8d3524a0-d44e-49ce-8f1e-db50c497cf35,1,1833,188345402,FALSE,FALSE,FALSE,4
2023-08-31T21:31:45Z,2023-09-01T05:42:49Z,2023-09-01T05:47:43Z,2023-09-01T05:42:49Z,Desorbed NA,3,3,3,3,0,126,NA,JH_Lup_arg_CIN_23-8_8312023_03.qgd,NA,Heiling,C:/GCMSsolution/Data/Project1/Campbell RMBL Data/Emitters 2023/JH_Lup_arg_CIN_23-8_8312023_03.qgd,8d3524a0-d44e-49ce-8f1e-db50c497cf35,1,2162,183017694,FALSE,FALSE,FALSE,4
2023-08-31T21:31:45Z,2023-09-01T06:18:41Z,2023-09-01T06:23:34Z,2023-09-01T06:18:41Z,Desorbed NA,4,4,4,4,0,127,NA,JH_Lup_arg_CIN_23-10_8312023_04.qgd,NA,Heiling,C:/GCMSsolution/Data/Project1/Campbell RMBL Data/Emitters 2023/JH_Lup_arg_CIN_23-10_8312023_04.qgd,8d3524a0-d44e-49ce-8f1e-db50c497cf35,1,2152,139383732,FALSE,FALSE,FALSE,4
2023-08-31T21:31:45Z,2023-09-01T06:54:17Z,2023-09-01T06:59:13Z,2023-09-01T06:54:17Z,Desorbed NA,5,5,5,5,0,124,NA,JH_Lup_arg_CIN_23-11_8312023_05.qgd,NA,Heiling,C:/GCMSsolution/Data/Project1/Campbell RMBL Data/Emitters 2023/JH_Lup_arg_CIN_23-11_8312023_05.qgd,8d3524a0-d44e-49ce-8f1e-db50c497cf35,1,2136,347966891,FALSE,FALSE,FALSE,1
2023-08-31T21:31:45Z,2023-09-01T07:29:46Z,2023-09-01T07:34:41Z,2023-09-01T07:29:46Z,Desorbed NA,6,6,6,6,0,125,NA,JH_Lup_arg_CIN_23-12_8312023_06.qgd,NA,Heiling,C:/GCMSsolution/Data/Project1/Campbell RMBL Data/Emitters 2023/JH_Lup_arg_CIN_23-12_8312023_06.qgd,8d3524a0-d44e-49ce-8f1e-db50c497cf35,1,2129,119853965,FALSE,FALSE,FALSE,4
2023-08-31T21:31:45Z,2023-09-01T08:06:10Z,2023-09-01T08:11:08Z,2023-09-01T08:06:10Z,Desorbed NA,7,7,7,7,0,122,NA,JH_Lup_arg_CIN_23-13_8312023_07.qgd,NA,Heiling,C:/GCMSsolution/Data/Project1/Campbell RMBL Data/Emitters 2023/JH_Lup_arg_CIN_23-13_8312023_07.qgd,8d3524a0-d44e-49ce-8f1e-db50c497cf35,1,2184,91011427,FALSE,FALSE,FALSE,4
2023-08-31T21:31:45Z,2023-09-01T08:41:40Z,2023-09-01T08:46:38Z,2023-09-01T08:41:40Z,Desorbed NA,8,8,8,8,0,122,NA,JH_Lup_arg_CIN_23-14_8312023_08.qgd,NA,Heiling,C:/GCMSsolution/Data/Project1/Campbell RMBL Data/Emitters 2023/JH_Lup_arg_CIN_23-14_8312023_08.qgd,8d3524a0-d44e-49ce-8f1e-db50c497cf35,1,2130,222151738,FALSE,FALSE,FALSE,4
2023-08-31T21:31:45Z,2023-09-01T09:17:22Z,2023-09-01T09:22:13Z,2023-09-01T09:17:22Z,Desorbed NA,9,9,9,9,0,129,NA,JH_Lup_arg_CIN_23-15_8312023_09.qgd,NA,Heiling,C:/GCMSsolution/Data/Project1/Campbell RMBL Data/Emitters 2023/JH_Lup_arg_CIN_23-15_8312023_09.qgd,8d3524a0-d44e-49ce-8f1e-db50c497cf35,1,2142,249846323,FALSE,FALSE,FALSE,1
2023-08-31T21:31:45Z,2023-09-01T09:53:18Z,2023-09-01T09:58:11Z,2023-09-01T09:53:18Z,Desorbed NA,10,10,10,10,0,127,NA,JH_Lup_arg_CIN_23Air1_8312023_10.qgd,NA,Heiling,C:/GCMSsolution/Data/Project1/Campbell RMBL Data/Emitters 2023/JH_Lup_arg_CIN_23Air1_8312023_10.qgd,8d3524a0-d44e-49ce-8f1e-db50c497cf35,1,2156,124089023,FALSE,FALSE,FALSE,4
2023-08-31T21:31:45Z,2023-09-01T10:30:34Z,2023-09-01T10:34:18Z,2023-09-01T10:30:34Z,Desorbed NA,11,11,11,11,0,196,NA,JH_Lup_arg_CIN_23Air2_8312023_11.qgd,NA,Heiling,C:/GCMSsolution/Data/Project1/Campbell RMBL Data/Emitters 2023/JH_Lup_arg_CIN_23Air2_8312023_11.qgd,8d3524a0-d44e-49ce-8f1e-db50c497cf35,1,2236,203548936,FALSE,FALSE,FALSE,4
2023-08-31T21:31:45Z,2023-09-01T11:04:53Z,2023-09-01T11:09:46Z,2023-09-01T11:04:53Z,Desorbed NA,12,12,12,12,0,127,NA,JH_Lup_arg_ERB_23-1_8312023_12.qgd,NA,Heiling,C:/GCMSsolution/Data/Project1/Campbell RMBL Data/Emitters 2023/JH_Lup_arg_ERB_23-1_8312023_12.qgd,8d3524a0-d44e-49ce-8f1e-db50c497cf35,1,2059,131347272,FALSE,FALSE,FALSE,4
2023-08-31T21:31:45Z,2023-09-01T11:40:28Z,2023-09-01T11:45:16Z,2023-09-01T11:40:28Z,Desorbed NA,13,13,13,13,0,132,NA,JH_Lup_arg_ERB_23-2_8312023_13.qgd,NA,Heiling,C:/GCMSsolution/Data/Project1/Campbell RMBL Data/Emitters 2023/JH_Lup_arg_ERB_23-2_8312023_13.qgd,8d3524a0-d44e-49ce-8f1e-db50c497cf35,1,2135,407625373,FALSE,FALSE,FALSE,4
2023-08-31T21:31:45Z,2023-09-01T12:15:55Z,2023-09-01T12:20:49Z,2023-09-01T12:15:55Z,Desorbed NA,14,14,14,14,0,126,NA,JH_Lup_arg_ERB_23-3_8312023_14.qgd,NA,Heiling,C:/GCMSsolution/Data/Project1/Campbell RMBL Data/Emitters 2023/JH_Lup_arg_ERB_23-3_8312023_14.qgd,8d3524a0-d44e-49ce-8f1e-db50c497cf35,1,2127,394609440,FALSE,FALSE,FALSE,4
2023-08-31T21:31:45Z,2023-09-01T12:51:34Z,2023-09-01T12:56:31Z,2023-09-01T12:51:34Z,Desorbed NA,15,15,15,15,0,123,NA,JH_Lup_arg_ERB_23-4_8312023_15.qgd,NA,Heiling,C:/GCMSsolution/Data/Project1/Campbell RMBL Data/Emitters 2023/JH_Lup_arg_ERB_23-4_8312023_15.qgd,8d3524a0-d44e-49ce-8f1e-db50c497cf35,1,2139,180024812,FALSE,FALSE,FALSE,4
2023-08-31T21:31:45Z,2023-09-01T13:27:42Z,2023-09-01T13:32:08Z,2023-09-01T13:27:42Z,Desorbed NA,16,16,16,16,0,154,NA,JH_Lup_arg_ERB_23-5_8312023_16.qgd,NA,Heiling,C:/GCMSsolution/Data/Project1/Campbell RMBL Data/Emitters 2023/JH_Lup_arg_ERB_23-5_8312023_16.qgd,8d3524a0-d44e-49ce-8f1e-db50c497cf35,1,2168,124934284,FALSE,FALSE,FALSE,4
2023-08-31T21:31:45Z,2023-09-01T14:02:50Z,2023-09-01T14:07:41Z,2023-09-01T14:02:50Z,Desorbed NA,17,17,17,17,0,129,NA,JH_Lup_arg_ERB_23-6_8312023_17.qgd,NA,Heiling,C:/GCMSsolution/Data/Project1/Campbell RMBL Data/Emitters 2023/JH_Lup_arg_ERB_23-6_8312023_17.qgd,8d3524a0-d44e-49ce-8f1e-db50c497cf35,1,2108,303204479,FALSE,FALSE,FALSE,4
2023-08-31T21:31:45Z,2023-09-01T14:38:32Z,2023-09-01T14:43:27Z,2023-09-01T14:38:32Z,Desorbed NA,18,18,18,18,0,125,NA,JH_Lup_arg_ERB_23-7_8312023_18.qgd,NA,Heiling,C:/GCMSsolution/Data/Project1/Campbell RMBL Data/Emitters 2023/JH_Lup_arg_ERB_23-7_8312023_18.qgd,8d3524a0-d44e-49ce-8f1e-db50c497cf35,1,2142,418141826,FALSE,FALSE,FALSE,1
2023-08-31T21:31:45Z,2023-09-01T15:14:22Z,2023-09-01T15:19:05Z,2023-09-01T15:14:22Z,Desorbed NA,19,19,19,19,0,137,NA,JH_Lup_arg_ERB_23-8_8312023_19.qgd,NA,Heiling,C:/GCMSsolution/Data/Project1/Campbell RMBL Data/Emitters 2023/JH_Lup_arg_ERB_23-8_8312023_19.qgd,8d3524a0-d44e-49ce-8f1e-db50c497cf35,1,2150,159866597,FALSE,FALSE,FALSE,4
2023-08-31T21:31:45Z,2023-09-01T15:50:18Z,2023-09-01T15:55:12Z,2023-09-01T15:50:18Z,Desorbed NA,20,20,20,20,0,126,NA,JH_Lup_arg_ERB_23-9_8312023_20.qgd,NA,Heiling,C:/GCMSsolution/Data/Project1/Campbell RMBL Data/Emitters 2023/JH_Lup_arg_ERB_23-9_8312023_20.qgd,8d3524a0-d44e-49ce-8f1e-db50c497cf35,1,2156,183711523,FALSE,FALSE,FALSE,4
2023-08-31T21:31:45Z,2023-09-01T16:26:58Z,2023-09-01T16:30:59Z,2023-09-01T16:26:58Z,Desorbed NA,21,21,21,21,0,179,NA,Blank1_8312023_21.qgd,NA,Blank,C:/GCMSsolution/Data/Project1/Campbell RMBL Data/Emitters 2023/Blank1_8312023_21.qgd,8d3524a0-d44e-49ce-8f1e-db50c497cf35,1,2200,39178658,TRUE,FALSE,TRUE,2
2023-09-01T10:24:42Z,2023-09-01T17:29:14Z,2023-09-01T17:24:16Z,2023-09-01T17:24:16Z,Desorbed NA,1,1,1,1,0,718,NA,JH_Lup_arg_ERB_23-10_912023_01.qgd,NA,Heiling,C:/GCMSsolution/Data/Project1/Campbell RMBL Data/Emitters 2023/JH_Lup_arg_ERB_23-10_912023_01.qgd,b6f9659a-3957-43a7-8b8a-da01d7244272,1,3736,173696950,FALSE,FALSE,FALSE,4
2023-09-01T10:24:42Z,2023-09-01T17:59:40Z,2023-09-01T18:04:35Z,2023-09-01T17:59:40Z,Desorbed NA,2,2,2,2,0,125,NA,JH_Lup_arg_ERB_23-11_912023_02.qgd,NA,Heiling,C:/GCMSsolution/Data/Project1/Campbell RMBL Data/Emitters 2023/JH_Lup_arg_ERB_23-11_912023_02.qgd,b6f9659a-3957-43a7-8b8a-da01d7244272,1,1826,117932205,FALSE,FALSE,FALSE,4
2023-09-01T10:24:42Z,2023-09-01T18:36:34Z,2023-09-01T18:41:33Z,2023-09-01T18:36:34Z,Desorbed NA,3,3,3,3,0,121,NA,JH_Lup_arg_ERB_23-12_912023_03.qgd,NA,Heiling,C:/GCMSsolution/Data/Project1/Campbell RMBL Data/Emitters 2023/JH_Lup_arg_ERB_23-12_912023_03.qgd,b6f9659a-3957-43a7-8b8a-da01d7244272,1,2214,126439483,FALSE,FALSE,FALSE,4
2023-09-01T10:24:42Z,NA,NA,NA,NA NA,4,4,NA,4,NA,NA,NA,NA,NA,NA,NA,b6f9659a-3957-43a7-8b8a-da01d7244272,1,NA,NA,NA,NA,NA,NA
2023-09-01T10:24:42Z,2023-09-01T19:14:08Z,2023-09-01T19:18:58Z,2023-09-01T19:14:08Z,Desorbed NA,5,5,4,4,1,130,NA,JH_Lup_arg_ERB_23-13_912023_04.qgd,NA,Heiling,C:/GCMSsolution/Data/Project1/Campbell RMBL Data/Emitters 2023/JH_Lup_arg_ERB_23-13_912023_04.qgd,b6f9659a-3957-43a7-8b8a-da01d7244272,1,NA,231105824,FALSE,FALSE,FALSE,4
2023-09-01T10:24:42Z,2023-09-01T19:51:03Z,2023-09-01T19:55:56Z,2023-09-01T19:51:03Z,Desorbed NA,6,6,5,5,1,127,NA,JH_Lup_arg_ERB_23Air2_912023_05.qgd,NA,Heiling,C:/GCMSsolution/Data/Project1/Campbell RMBL Data/Emitters 2023/JH_Lup_arg_ERB_23Air2_912023_05.qgd,b6f9659a-3957-43a7-8b8a-da01d7244272,1,2215,335714860,FALSE,FALSE,FALSE,4
2023-09-01T10:24:42Z,2023-09-01T20:28:26Z,2023-09-01T20:33:24Z,2023-09-01T20:28:26Z,Desorbed NA,7,7,6,6,1,122,NA,JH_Lup_arg_ERB_23Air1_912023_06.qgd,NA,Heiling,C:/GCMSsolution/Data/Project1/Campbell RMBL Data/Emitters 2023/JH_Lup_arg_ERB_23Air1_912023_06.qgd,b6f9659a-3957-43a7-8b8a-da01d7244272,1,2243,144575843,FALSE,FALSE,FALSE,4
2023-09-01T10:24:42Z,2023-09-01T21:06:17Z,2023-09-01T21:11:11Z,2023-09-01T21:06:17Z,Desorbed NA,8,8,7,7,1,126,NA,JH_Lup_arg_ELK_23-1_912023_07.qgd,NA,Heiling,C:/GCMSsolution/Data/Project1/Campbell RMBL Data/Emitters 2023/JH_Lup_arg_ELK_23-1_912023_07.qgd,b6f9659a-3957-43a7-8b8a-da01d7244272,1,2271,183304933,FALSE,FALSE,FALSE,4
2023-09-01T10:24:42Z,2023-09-01T21:44:22Z,2023-09-01T21:49:16Z,2023-09-01T21:44:22Z,Desorbed NA,9,9,8,8,1,126,NA,JH_Lup_arg_ELK_23-2_912023_08.qgd,NA,Heiling,C:/GCMSsolution/Data/Project1/Campbell RMBL Data/Emitters 2023/JH_Lup_arg_ELK_23-2_912023_08.qgd,b6f9659a-3957-43a7-8b8a-da01d7244272,1,2285,136919303,FALSE,FALSE,FALSE,4
2023-09-01T10:24:42Z,2023-09-01T22:22:55Z,2023-09-01T22:27:48Z,2023-09-01T22:22:55Z,Desorbed NA,10,10,9,9,1,127,NA,JH_Lup_arg_ELK_23-3_912023_09.qgd,NA,Heiling,C:/GCMSsolution/Data/Project1/Campbell RMBL Data/Emitters 2023/JH_Lup_arg_ELK_23-3_912023_09.qgd,b6f9659a-3957-43a7-8b8a-da01d7244272,1,2313,90109616,FALSE,FALSE,FALSE,4
2023-09-01T10:24:42Z,2023-09-01T23:02:16Z,2023-09-01T23:06:16Z,2023-09-01T23:02:16Z,Desorbed NA,11,11,10,10,1,180,NA,JH_Lup_arg_ELK_23-4_912023_10.qgd,NA,Heiling,C:/GCMSsolution/Data/Project1/Campbell RMBL Data/Emitters 2023/JH_Lup_arg_ELK_23-4_912023_10.qgd,b6f9659a-3957-43a7-8b8a-da01d7244272,1,2361,41012416,FALSE,TRUE,TRUE,2
2023-09-01T18:01:09Z,2023-09-02T01:05:37Z,2023-09-02T01:00:15Z,2023-09-02T01:00:15Z,Desorbed NA,1,1,1,1,0,742,NA,JH_Lup_arg_ELK_23-5_912023_01.qgd,NA,Heiling,C:/GCMSsolution/Data/Project1/Campbell RMBL Data/Emitters 2023/JH_Lup_arg_ELK_23-5_912023_01.qgd,e842f893-0df6-4bdc-aac2-d03df8fccc99,1,7401,423948320,FALSE,FALSE,FALSE,1
2023-09-01T18:01:09Z,2023-09-02T01:36:04Z,2023-09-02T01:41:00Z,2023-09-02T01:36:04Z,Desorbed NA,2,2,2,2,0,124,NA,JH_Lup_arg_ELK_23-6_912023_02.qgd,NA,Heiling,C:/GCMSsolution/Data/Project1/Campbell RMBL Data/Emitters 2023/JH_Lup_arg_ELK_23-6_912023_02.qgd,e842f893-0df6-4bdc-aac2-d03df8fccc99,1,1827,186404697,FALSE,FALSE,FALSE,4
2023-09-01T18:01:09Z,2023-09-02T02:13:14Z,2023-09-02T02:18:16Z,2023-09-02T02:13:14Z,Desorbed NA,3,3,3,3,0,118,NA,JH_Lup_arg_ELK_23-7_912023_03.qgd,NA,Heiling,C:/GCMSsolution/Data/Project1/Campbell RMBL Data/Emitters 2023/JH_Lup_arg_ELK_23-7_912023_03.qgd,e842f893-0df6-4bdc-aac2-d03df8fccc99,1,2230,371810351,FALSE,FALSE,FALSE,4
2023-09-01T18:01:09Z,2023-09-02T02:50:14Z,2023-09-02T02:55:01Z,2023-09-02T02:50:14Z,Desorbed NA,4,4,4,4,0,133,NA,JH_Lup_arg_ELK_23-8_912023_04.qgd,NA,Heiling,C:/GCMSsolution/Data/Project1/Campbell RMBL Data/Emitters 2023/JH_Lup_arg_ELK_23-8_912023_04.qgd,e842f893-0df6-4bdc-aac2-d03df8fccc99,1,2220,324347383,FALSE,FALSE,FALSE,1
2023-09-01T18:01:09Z,NA,NA,NA,NA NA,5,5,NA,5,NA,NA,NA,NA,NA,NA,NA,e842f893-0df6-4bdc-aac2-d03df8fccc99,1,NA,NA,NA,NA,NA,NA
2023-09-01T18:01:09Z,2023-09-02T03:26:55Z,2023-09-02T03:31:52Z,2023-09-02T03:26:55Z,Desorbed NA,6,6,5,5,1,123,NA,JH_Lup_arg_ELK_23-9_912023_05.qgd,NA,Heiling,C:/GCMSsolution/Data/Project1/Campbell RMBL Data/Emitters 2023/JH_Lup_arg_ELK_23-9_912023_05.qgd,e842f893-0df6-4bdc-aac2-d03df8fccc99,1,NA,436963314,FALSE,FALSE,FALSE,1
2023-09-01T18:01:09Z,NA,NA,NA,NA NA,7,7,NA,7,NA,NA,NA,NA,NA,NA,NA,e842f893-0df6-4bdc-aac2-d03df8fccc99,1,NA,NA,NA,NA,NA,NA
2023-09-01T18:01:09Z,2023-09-02T04:04:04Z,2023-09-02T04:09:06Z,2023-09-02T04:04:04Z,Desorbed NA,8,8,6,6,2,118,NA,JH_Lup_arg_ELK_23Air2_912023_06.qgd,NA,Heiling,C:/GCMSsolution/Data/Project1/Campbell RMBL Data/Emitters 2023/JH_Lup_arg_ELK_23Air2_912023_06.qgd,e842f893-0df6-4bdc-aac2-d03df8fccc99,1,NA,133751176,FALSE,FALSE,FALSE,4
2023-09-01T18:01:09Z,2023-09-02T04:41:02Z,2023-09-02T04:45:43Z,2023-09-02T04:41:02Z,Desorbed NA,9,9,7,7,2,139,NA,JH_Lup_arg_ELK_23Air1_912023_07.qgd,NA,Heiling,C:/GCMSsolution/Data/Project1/Campbell RMBL Data/Emitters 2023/JH_Lup_arg_ELK_23Air1_912023_07.qgd,e842f893-0df6-4bdc-aac2-d03df8fccc99,1,2218,1882177828,FALSE,FALSE,FALSE,3
2023-09-01T18:01:09Z,NA,NA,NA,NA NA,10,10,NA,10,NA,NA,NA,NA,NA,NA,NA,e842f893-0df6-4bdc-aac2-d03df8fccc99,1,NA,NA,NA,NA,NA,NA
2023-09-01T18:01:09Z,2023-09-02T05:18:07Z,2023-09-02T05:22:08Z,2023-09-02T05:18:07Z,Desorbed NA,11,11,8,8,3,179,NA,JH_Lup_arg_ELK_ARNICA1_912023_08.qgd,NA,Heiling,C:/GCMSsolution/Data/Project1/Campbell RMBL Data/Emitters 2023/JH_Lup_arg_ELK_ARNICA1_912023_08.qgd,e842f893-0df6-4bdc-aac2-d03df8fccc99,1,NA,1125929096,FALSE,FALSE,FALSE,3
2023-09-01T18:01:09Z,2023-09-02T05:53:16Z,2023-09-02T05:58:01Z,2023-09-02T05:53:16Z,Desorbed NA,12,12,9,9,3,135,NA,Nayeli_5_912023_09.qgd,NA,Carvajal,C:/GCMSsolution/Data/Project1/Campbell RMBL Data/Emitters 2023/Nayeli_5_912023_09.qgd,e842f893-0df6-4bdc-aac2-d03df8fccc99,1,2109,1172945156,FALSE,FALSE,FALSE,3
2023-09-01T18:01:09Z,2023-09-02T06:28:52Z,2023-09-02T06:29:28Z,2023-09-02T06:28:52Z,Desorbed NA,13,13,10,10,3,384,NA,Nayeli_99_912023_10.qgd,NA,Carvajal,C:/GCMSsolution/Data/Project1/Campbell RMBL Data/Emitters 2023/Nayeli_99_912023_10.qgd,e842f893-0df6-4bdc-aac2-d03df8fccc99,1,2136,1853998921,FALSE,FALSE,FALSE,3
2023-09-01T18:01:09Z,2023-09-02T06:59:58Z,2023-09-02T07:00:30Z,2023-09-02T06:59:58Z,Desorbed NA,14,14,11,11,3,388,NA,Nayeli_98_912023_11.qgd,NA,Carvajal,C:/GCMSsolution/Data/Project1/Campbell RMBL Data/Emitters 2023/Nayeli_98_912023_11.qgd,e842f893-0df6-4bdc-aac2-d03df8fccc99,1,1866,810786451,FALSE,FALSE,FALSE,3
2023-09-01T18:01:09Z,2023-09-02T07:30:54Z,2023-09-02T07:31:32Z,2023-09-02T07:30:54Z,Desorbed NA,15,15,12,12,3,382,NA,Nayeli_2_912023_12.qgd,NA,Carvajal,C:/GCMSsolution/Data/Project1/Campbell RMBL Data/Emitters 2023/Nayeli_2_912023_12.qgd,e842f893-0df6-4bdc-aac2-d03df8fccc99,1,1856,1414129521,FALSE,FALSE,FALSE,3
2023-09-01T18:01:09Z,2023-09-02T08:01:52Z,2023-09-02T08:02:24Z,2023-09-02T08:01:52Z,Desorbed NA,16,16,13,13,3,388,NA,Nayeli_17_912023_13.qgd,NA,Carvajal,C:/GCMSsolution/Data/Project1/Campbell RMBL Data/Emitters 2023/Nayeli_17_912023_13.qgd,e842f893-0df6-4bdc-aac2-d03df8fccc99,1,1858,870574203,FALSE,FALSE,FALSE,3
2023-09-01T18:01:09Z,2023-09-02T08:32:53Z,2023-09-02T08:33:29Z,2023-09-02T08:32:53Z,Desorbed NA,17,17,14,14,3,384,NA,Nayeli_Amb1_912023_14.qgd,NA,Carvajal,C:/GCMSsolution/Data/Project1/Campbell RMBL Data/Emitters 2023/Nayeli_Amb1_912023_14.qgd,e842f893-0df6-4bdc-aac2-d03df8fccc99,1,1861,2730208147,FALSE,FALSE,FALSE,3
2023-09-01T18:01:09Z,2023-09-02T09:03:55Z,2023-09-02T09:04:20Z,2023-09-02T09:03:55Z,Desorbed NA,18,18,15,15,3,395,NA,Nayeli_85_912023_15.qgd,NA,Carvajal,C:/GCMSsolution/Data/Project1/Campbell RMBL Data/Emitters 2023/Nayeli_85_912023_15.qgd,e842f893-0df6-4bdc-aac2-d03df8fccc99,1,1862,899356597,FALSE,FALSE,FALSE,3
2023-09-01T18:01:09Z,2023-09-02T09:34:35Z,2023-09-02T09:35:00Z,2023-09-02T09:34:35Z,Desorbed NA,19,19,16,16,3,395,NA,Nayeli_42_912023_16.qgd,NA,Carvajal,C:/GCMSsolution/Data/Project1/Campbell RMBL Data/Emitters 2023/Nayeli_42_912023_16.qgd,e842f893-0df6-4bdc-aac2-d03df8fccc99,1,1840,1145809947,FALSE,FALSE,FALSE,3
2023-09-01T18:01:09Z,2023-09-02T10:05:28Z,2023-09-02T10:06:01Z,2023-09-02T10:05:28Z,Desorbed NA,20,20,17,17,3,387,NA,Nayeli_94_912023_17.qgd,NA,Carvajal,C:/GCMSsolution/Data/Project1/Campbell RMBL Data/Emitters 2023/Nayeli_94_912023_17.qgd,e842f893-0df6-4bdc-aac2-d03df8fccc99,1,1853,1848754281,FALSE,FALSE,FALSE,3
2023-09-01T18:01:09Z,2023-09-02T10:38:21Z,2023-09-02T10:38:01Z,2023-09-02T10:38:01Z,Desorbed NA,21,21,18,18,3,440,NA,Nayeli_19_912023_18.qgd,NA,Carvajal,C:/GCMSsolution/Data/Project1/Campbell RMBL Data/Emitters 2023/Nayeli_19_912023_18.qgd,e842f893-0df6-4bdc-aac2-d03df8fccc99,1,1973,1952591278,FALSE,FALSE,FALSE,3
2023-09-01T18:01:09Z,2023-09-02T11:09:16Z,2023-09-02T11:09:31Z,2023-09-02T11:09:16Z,NA Leak Test Pressurise Failed,22,22,19,19,3,405.5,NA,Nayeli_35_912023_19.qgd,NA,Carvajal,C:/GCMSsolution/Data/Project1/Campbell RMBL Data/Emitters 2023/Nayeli_35_912023_19.qgd,e842f893-0df6-4bdc-aac2-d03df8fccc99,1,1855.5,203989371,FALSE,TRUE,TRUE,2
2023-09-01T18:01:09Z,2023-09-02T11:40:12Z,2023-09-02T11:40:06Z,2023-09-02T11:40:06Z,Desorbed NA,23,23,20,20,3,426,NA,Nayeli_59_912023_20.qgd,NA,Carvajal,C:/GCMSsolution/Data/Project1/Campbell RMBL Data/Emitters 2023/Nayeli_59_912023_20.qgd,e842f893-0df6-4bdc-aac2-d03df8fccc99,1,1855.5,1837858138,FALSE,FALSE,FALSE,3
2023-09-01T18:01:09Z,2023-09-02T12:10:53Z,2023-09-02T12:11:29Z,2023-09-02T12:10:53Z,Desorbed NA,24,24,21,21,3,384,NA,Nayeli_66_912023_21.qgd,NA,Carvajal,C:/GCMSsolution/Data/Project1/Campbell RMBL Data/Emitters 2023/Nayeli_66_912023_21.qgd,e842f893-0df6-4bdc-aac2-d03df8fccc99,1,1841,1350712632,FALSE,FALSE,FALSE,3
2023-09-01T18:01:09Z,NA,NA,NA,NA NA,25,25,NA,25,NA,NA,NA,NA,NA,NA,NA,e842f893-0df6-4bdc-aac2-d03df8fccc99,1,NA,NA,NA,NA,NA,NA
2023-09-01T18:01:09Z,2023-09-02T12:42:40Z,2023-09-02T12:43:11Z,2023-09-02T12:42:40Z,Desorbed NA,26,26,22,22,4,389,NA,Nayeli_39_912023_22.qgd,NA,Carvajal,C:/GCMSsolution/Data/Project1/Campbell RMBL Data/Emitters 2023/Nayeli_39_912023_22.qgd,e842f893-0df6-4bdc-aac2-d03df8fccc99,1,NA,1269830687,FALSE,FALSE,FALSE,3
2023-09-01T18:01:09Z,2023-09-02T13:14:19Z,2023-09-02T13:14:58Z,2023-09-02T13:14:19Z,Desorbed NA,27,27,23,23,4,381,NA,Nayeli_102_912023_23.qgd,NA,Carvajal,C:/GCMSsolution/Data/Project1/Campbell RMBL Data/Emitters 2023/Nayeli_102_912023_23.qgd,e842f893-0df6-4bdc-aac2-d03df8fccc99,1,1899,1312142674,FALSE,FALSE,FALSE,3
2023-09-01T18:01:09Z,2023-09-02T13:45:18Z,2023-09-02T13:45:54Z,2023-09-02T13:45:18Z,Desorbed NA,28,28,24,24,4,384,NA,Nayeli_92_912023_24.qgd,NA,Carvajal,C:/GCMSsolution/Data/Project1/Campbell RMBL Data/Emitters 2023/Nayeli_92_912023_24.qgd,e842f893-0df6-4bdc-aac2-d03df8fccc99,1,1859,1365372279,FALSE,FALSE,FALSE,3
2023-09-01T18:01:09Z,2023-09-02T14:16:22Z,2023-09-02T14:16:55Z,2023-09-02T14:16:22Z,Desorbed NA,29,29,25,25,4,387,NA,Nayeli_15_912023_25.qgd,NA,Carvajal,C:/GCMSsolution/Data/Project1/Campbell RMBL Data/Emitters 2023/Nayeli_15_912023_25.qgd,e842f893-0df6-4bdc-aac2-d03df8fccc99,1,1864,181348982,FALSE,FALSE,FALSE,4
2023-09-02T10:39:47Z,2023-09-02T17:44:21Z,2023-09-02T17:38:50Z,2023-09-02T17:38:50Z,Desorbed NA,1,1,1,1,0,751,NA,Nayeli_38_922023_01.qgd,NA,Carvajal,C:/GCMSsolution/Data/Project1/Campbell RMBL Data/Emitters 2023/Nayeli_38_922023_01.qgd,edd29eb9-0230-4524-a06a-210de88248c2,1,12479,1889661325,FALSE,FALSE,FALSE,3
2023-09-02T10:39:47Z,2023-09-02T18:14:48Z,2023-09-02T18:15:20Z,2023-09-02T18:14:48Z,Desorbed NA,2,2,2,2,0,388,NA,Nayeli_blank_922023_02.qgd,NA,Carvajal,C:/GCMSsolution/Data/Project1/Campbell RMBL Data/Emitters 2023/Nayeli_blank_922023_02.qgd,edd29eb9-0230-4524-a06a-210de88248c2,1,1827,1229555118,FALSE,FALSE,FALSE,3
2023-09-02T10:39:47Z,2023-09-02T18:46:24Z,2023-09-02T18:46:59Z,2023-09-02T18:46:24Z,Desorbed NA,3,3,3,3,0,385,NA,Nayeli_74_922023_03.qgd,NA,Carvajal,C:/GCMSsolution/Data/Project1/Campbell RMBL Data/Emitters 2023/Nayeli_74_922023_03.qgd,edd29eb9-0230-4524-a06a-210de88248c2,1,1896,1417103770,FALSE,FALSE,FALSE,3
2023-09-02T10:39:47Z,2023-09-02T19:18:17Z,2023-09-02T19:18:50Z,2023-09-02T19:18:17Z,Desorbed NA,4,4,4,4,0,387,NA,Nayeli_33_922023_04.qgd,NA,Carvajal,C:/GCMSsolution/Data/Project1/Campbell RMBL Data/Emitters 2023/Nayeli_33_922023_04.qgd,edd29eb9-0230-4524-a06a-210de88248c2,1,1913,1660953727,FALSE,FALSE,FALSE,3
2023-09-02T10:39:47Z,2023-09-02T19:50:20Z,2023-09-02T19:50:55Z,2023-09-02T19:50:20Z,Desorbed NA,5,5,5,5,0,385,NA,JH_Lup_arg_ELK_23-9redo_922023_05.qgd,NA,Heiling,C:/GCMSsolution/Data/Project1/Campbell RMBL Data/Emitters 2023/JH_Lup_arg_ELK_23-9redo_922023_05.qgd,edd29eb9-0230-4524-a06a-210de88248c2,1,1923,268946571,FALSE,FALSE,FALSE,4
2023-09-02T10:39:47Z,NA,NA,NA,NA NA,6,6,NA,6,NA,NA,NA,NA,NA,NA,NA,edd29eb9-0230-4524-a06a-210de88248c2,1,NA,NA,NA,NA,NA,NA
2023-09-02T10:39:47Z,2023-09-02T20:22:29Z,2023-09-02T20:27:13Z,2023-09-02T20:22:29Z,Desorbed NA,7,7,6,6,1,136,NA,Nayeli_88_922023_06.qgd,NA,Carvajal,C:/GCMSsolution/Data/Project1/Campbell RMBL Data/Emitters 2023/Nayeli_88_922023_06.qgd,edd29eb9-0230-4524-a06a-210de88248c2,1,NA,171487736,FALSE,FALSE,FALSE,4
2023-09-02T10:39:47Z,2023-09-02T20:59:04Z,2023-09-02T20:59:39Z,2023-09-02T20:59:04Z,Desorbed NA,8,8,7,7,1,385,NA,JH_Lup_arg_ELK_23Air1redo_922023_07.qgd,NA,Heiling,C:/GCMSsolution/Data/Project1/Campbell RMBL Data/Emitters 2023/JH_Lup_arg_ELK_23Air1redo_922023_07.qgd,edd29eb9-0230-4524-a06a-210de88248c2,1,2195,2513292327,FALSE,FALSE,FALSE,3
2023-09-02T10:39:47Z,2023-09-02T21:31:22Z,2023-09-02T21:36:18Z,2023-09-02T21:31:22Z,Desorbed NA,9,9,8,8,1,124,NA,Nayeli_82_922023_08.qgd,NA,Carvajal,C:/GCMSsolution/Data/Project1/Campbell RMBL Data/Emitters 2023/Nayeli_82_922023_08.qgd,edd29eb9-0230-4524-a06a-210de88248c2,1,1938,1885502913,FALSE,FALSE,FALSE,3
2023-09-02T10:39:47Z,2023-09-02T22:08:23Z,2023-09-02T22:08:56Z,2023-09-02T22:08:23Z,Desorbed NA,10,10,9,9,1,387,NA,Nayeli_111_922023_09.qgd,NA,Carvajal,C:/GCMSsolution/Data/Project1/Campbell RMBL Data/Emitters 2023/Nayeli_111_922023_09.qgd,edd29eb9-0230-4524-a06a-210de88248c2,1,2221,2670373385,FALSE,FALSE,FALSE,3
2023-09-02T10:39:47Z,2023-09-02T22:41:48Z,2023-09-02T22:41:29Z,2023-09-02T22:41:29Z,Desorbed NA,11,11,10,10,1,439,NA,Nayeli_99redo_922023_10.qgd,NA,Carvajal,C:/GCMSsolution/Data/Project1/Campbell RMBL Data/Emitters 2023/Nayeli_99redo_922023_10.qgd,edd29eb9-0230-4524-a06a-210de88248c2,1,2005,1941153951,FALSE,FALSE,FALSE,3
2023-09-02T10:39:47Z,2023-09-02T23:13:17Z,2023-09-02T23:13:54Z,2023-09-02T23:13:17Z,Desorbed NA,12,12,11,11,1,383,NA,Nayeli_28_922023_11.qgd,NA,Carvajal,C:/GCMSsolution/Data/Project1/Campbell RMBL Data/Emitters 2023/Nayeli_28_922023_11.qgd,edd29eb9-0230-4524-a06a-210de88248c2,1,1889,960484438,FALSE,FALSE,FALSE,3
2023-09-02T10:39:47Z,2023-09-02T23:45:36Z,2023-09-02T23:46:11Z,2023-09-02T23:45:36Z,Desorbed NA,13,13,12,12,1,385,NA,Nayeli_68_922023_12.qgd,NA,Carvajal,C:/GCMSsolution/Data/Project1/Campbell RMBL Data/Emitters 2023/Nayeli_68_922023_12.qgd,edd29eb9-0230-4524-a06a-210de88248c2,1,1939,753632739,FALSE,FALSE,FALSE,3
2023-09-02T10:39:47Z,2023-09-03T00:17:58Z,2023-09-03T00:18:23Z,2023-09-03T00:17:58Z,Desorbed NA,14,14,13,13,1,395,NA,Nayeli_86_922023_13.qgd,NA,Carvajal,C:/GCMSsolution/Data/Project1/Campbell RMBL Data/Emitters 2023/Nayeli_86_922023_13.qgd,edd29eb9-0230-4524-a06a-210de88248c2,1,1942,2508939539,FALSE,FALSE,FALSE,3
2023-09-02T10:39:47Z,2023-09-03T00:50:02Z,2023-09-03T00:50:37Z,2023-09-03T00:50:02Z,Desorbed NA,15,15,14,14,1,385,NA,Nayeli_6_922023_14.qgd,NA,Carvajal,C:/GCMSsolution/Data/Project1/Campbell RMBL Data/Emitters 2023/Nayeli_6_922023_14.qgd,edd29eb9-0230-4524-a06a-210de88248c2,1,1924,1895470856,FALSE,FALSE,FALSE,3
2023-09-02T10:39:47Z,2023-09-03T01:22:23Z,2023-09-03T01:22:50Z,2023-09-03T01:22:23Z,Desorbed NA,16,16,15,15,1,393,NA,Nayeli_52_922023_15.qgd,NA,Carvajal,C:/GCMSsolution/Data/Project1/Campbell RMBL Data/Emitters 2023/Nayeli_52_922023_15.qgd,edd29eb9-0230-4524-a06a-210de88248c2,1,1941,1402334786,FALSE,FALSE,FALSE,3
2023-09-02T10:39:47Z,2023-09-03T01:54:22Z,2023-09-03T01:54:54Z,2023-09-03T01:54:22Z,Desorbed NA,17,17,16,16,1,388,NA,Nayeli_117_922023_16.qgd,NA,Carvajal,C:/GCMSsolution/Data/Project1/Campbell RMBL Data/Emitters 2023/Nayeli_117_922023_16.qgd,edd29eb9-0230-4524-a06a-210de88248c2,1,1919,1214229755,FALSE,FALSE,FALSE,3
2023-09-02T10:39:47Z,2023-09-03T02:26:19Z,2023-09-03T02:26:49Z,2023-09-03T02:26:19Z,Desorbed NA,18,18,17,17,1,390,NA,Nayeli_22_922023_17.qgd,NA,Carvajal,C:/GCMSsolution/Data/Project1/Campbell RMBL Data/Emitters 2023/Nayeli_22_922023_17.qgd,edd29eb9-0230-4524-a06a-210de88248c2,1,1917,1231186482,FALSE,FALSE,FALSE,3
2023-09-02T10:39:47Z,2023-09-03T02:57:51Z,2023-09-03T02:58:16Z,2023-09-03T02:57:51Z,Desorbed NA,19,19,18,18,1,395,NA,Nayeli_70_922023_18.qgd,NA,Carvajal,C:/GCMSsolution/Data/Project1/Campbell RMBL Data/Emitters 2023/Nayeli_70_922023_18.qgd,edd29eb9-0230-4524-a06a-210de88248c2,1,1892,920688929,FALSE,FALSE,FALSE,3
2023-09-02T10:39:47Z,2023-09-03T03:29:05Z,2023-09-03T03:29:41Z,2023-09-03T03:29:05Z,Desorbed NA,20,20,19,19,1,384,NA,Nayeli_43_922023_19.qgd,NA,Carvajal,C:/GCMSsolution/Data/Project1/Campbell RMBL Data/Emitters 2023/Nayeli_43_922023_19.qgd,edd29eb9-0230-4524-a06a-210de88248c2,1,1874,1032481625,FALSE,FALSE,FALSE,3
2023-09-02T10:39:47Z,2023-09-03T04:01:09Z,2023-09-03T04:00:50Z,2023-09-03T04:00:50Z,Desorbed NA,21,21,20,20,1,439,NA,Nayeli_96_922023_20.qgd,NA,Carvajal,C:/GCMSsolution/Data/Project1/Campbell RMBL Data/Emitters 2023/Nayeli_96_922023_20.qgd,edd29eb9-0230-4524-a06a-210de88248c2,1,1924,1711513275,FALSE,FALSE,FALSE,3
2023-09-02T10:39:47Z,2023-09-03T04:31:36Z,2023-09-03T04:32:03Z,2023-09-03T04:31:36Z,Desorbed NA,22,22,21,21,1,393,NA,Nayeli_100_922023_21.qgd,NA,Carvajal,C:/GCMSsolution/Data/Project1/Campbell RMBL Data/Emitters 2023/Nayeli_100_922023_21.qgd,edd29eb9-0230-4524-a06a-210de88248c2,1,1827,1317111411,FALSE,FALSE,FALSE,3
2023-09-02T10:39:47Z,2023-09-03T05:02:34Z,2023-09-03T05:03:08Z,2023-09-03T05:02:34Z,Desorbed NA,23,23,22,22,1,386,NA,Nayeli_39redo_922023_22.qgd,NA,Carvajal,C:/GCMSsolution/Data/Project1/Campbell RMBL Data/Emitters 2023/Nayeli_39redo_922023_22.qgd,edd29eb9-0230-4524-a06a-210de88248c2,1,1858,939333028,FALSE,FALSE,FALSE,3
2023-09-02T10:39:47Z,2023-09-03T05:33:43Z,2023-09-03T05:34:17Z,2023-09-03T05:33:43Z,Desorbed NA,24,24,23,23,1,386,NA,Nayeli_103_922023_23.qgd,NA,Carvajal,C:/GCMSsolution/Data/Project1/Campbell RMBL Data/Emitters 2023/Nayeli_103_922023_23.qgd,edd29eb9-0230-4524-a06a-210de88248c2,1,1869,1171563509,FALSE,FALSE,FALSE,3
2023-09-02T10:39:47Z,2023-09-03T06:04:41Z,2023-09-03T06:05:13Z,2023-09-03T06:04:41Z,Desorbed NA,25,25,24,24,1,388,NA,Nayeli_49_922023_24.qgd,NA,Carvajal,C:/GCMSsolution/Data/Project1/Campbell RMBL Data/Emitters 2023/Nayeli_49_922023_24.qgd,edd29eb9-0230-4524-a06a-210de88248c2,1,1858,1820596011,FALSE,FALSE,FALSE,3
2023-09-02T10:39:47Z,2023-09-03T06:35:44Z,2023-09-03T06:36:18Z,2023-09-03T06:35:44Z,Desorbed NA,26,26,25,25,1,386,NA,Nayeli_15redo_922023_25.qgd,NA,Carvajal,C:/GCMSsolution/Data/Project1/Campbell RMBL Data/Emitters 2023/Nayeli_15redo_922023_25.qgd,edd29eb9-0230-4524-a06a-210de88248c2,1,1863,912430183,FALSE,FALSE,FALSE,3
2023-09-02T10:39:47Z,2023-09-03T07:06:46Z,2023-09-03T07:07:18Z,2023-09-03T07:06:46Z,Desorbed NA,27,27,26,26,1,388,NA,Nayeli_23_922023_26.qgd,NA,Carvajal,C:/GCMSsolution/Data/Project1/Campbell RMBL Data/Emitters 2023/Nayeli_23_922023_26.qgd,edd29eb9-0230-4524-a06a-210de88248c2,1,1862,1067071400,FALSE,FALSE,FALSE,3
2023-09-02T10:39:47Z,NA,NA,NA,NA NA,28,28,NA,28,NA,NA,NA,NA,NA,NA,NA,edd29eb9-0230-4524-a06a-210de88248c2,1,NA,NA,NA,NA,NA,NA
2023-09-02T10:39:47Z,2023-09-03T07:37:50Z,2023-09-03T07:38:22Z,2023-09-03T07:37:50Z,Desorbed NA,29,29,27,27,2,388,NA,Nayeli_91_922023_27.qgd,NA,Carvajal,C:/GCMSsolution/Data/Project1/Campbell RMBL Data/Emitters 2023/Nayeli_91_922023_27.qgd,edd29eb9-0230-4524-a06a-210de88248c2,1,NA,869811809,FALSE,FALSE,FALSE,3
2023-09-02T10:39:47Z,2023-09-03T08:09:09Z,2023-09-03T08:09:40Z,2023-09-03T08:09:09Z,Desorbed NA,30,30,28,28,2,389,NA,Nayeli_65_922023_28.qgd,NA,Carvajal,C:/GCMSsolution/Data/Project1/Campbell RMBL Data/Emitters 2023/Nayeli_65_922023_28.qgd,edd29eb9-0230-4524-a06a-210de88248c2,1,1879,2401951733,FALSE,FALSE,FALSE,3
2025-07-07T11:38:25Z,2025-07-07T18:42:59Z,2025-07-07T18:37:59Z,2025-07-07T18:37:59Z,Desorbed NA,2,1,1,1,0,300,NA,JH_Lup_arg_BVB_24-10_772025_01.qgd,NA,Heiling,C:/GCMSsolution/Data/Project1/Campbell RMBL Data/Lupinus argenteus/JH_Lup_arg_BVB_24-10_772025_01.qgd,d023f6c1-a33b-4599-b46d-06674f069657,1,3899,612698160,FALSE,FALSE,FALSE,7
2025-07-07T11:38:25Z,2025-07-07T18:57:32Z,NA,2025-07-07T18:57:32Z,Desorbed NA,3,2,NA,2,NA,NA,NA,NA,NA,NA,NA,d023f6c1-a33b-4599-b46d-06674f069657,1,873,NA,NA,NA,NA,NA
2025-07-07T11:38:25Z,2025-07-07T19:50:09Z,2025-07-07T19:55:02Z,2025-07-07T19:50:09Z,Desorbed NA,4,3,3,3,0,293,NA,JH_Lup_arg_BVB_24-15_772025_03.qgd,NA,Heiling,C:/GCMSsolution/Data/Project1/Campbell RMBL Data/Lupinus argenteus/JH_Lup_arg_BVB_24-15_772025_03.qgd,d023f6c1-a33b-4599-b46d-06674f069657,1,3157,696065877,FALSE,FALSE,FALSE,7
2025-07-07T11:38:25Z,2025-07-07T20:27:05Z,2025-07-07T20:32:00Z,2025-07-07T20:27:05Z,Desorbed NA,5,4,4,4,0,295,NA,JH_Lup_arg_BVB_24-13_772025_04.qgd,NA,Heiling,C:/GCMSsolution/Data/Project1/Campbell RMBL Data/Lupinus argenteus/JH_Lup_arg_BVB_24-13_772025_04.qgd,d023f6c1-a33b-4599-b46d-06674f069657,1,2216,794108376,FALSE,FALSE,FALSE,7
2025-07-07T11:38:25Z,2025-07-07T21:04:12Z,2025-07-07T21:08:57Z,2025-07-07T21:04:12Z,Desorbed NA,6,5,5,5,0,285,NA,JH_Lup_arg_BVB_24-8_772025_05.qgd,NA,Heiling,C:/GCMSsolution/Data/Project1/Campbell RMBL Data/Lupinus argenteus/JH_Lup_arg_BVB_24-8_772025_05.qgd,d023f6c1-a33b-4599-b46d-06674f069657,1,2227,808003585,FALSE,FALSE,FALSE,7
2025-07-07T11:38:25Z,2025-07-07T21:41:21Z,2025-07-07T21:46:03Z,2025-07-07T21:41:21Z,Desorbed NA,7,6,6,6,0,282,NA,JH_Lup_arg_BVB_24-7_772025_06.qgd,NA,Heiling,C:/GCMSsolution/Data/Project1/Campbell RMBL Data/Lupinus argenteus/JH_Lup_arg_BVB_24-7_772025_06.qgd,d023f6c1-a33b-4599-b46d-06674f069657,1,2229,1513627576,FALSE,FALSE,FALSE,5
2025-07-07T11:38:25Z,NA,NA,NA,NA NA,8,7,NA,7,NA,NA,NA,NA,NA,NA,NA,d023f6c1-a33b-4599-b46d-06674f069657,1,NA,NA,NA,NA,NA,NA
2025-07-07T11:38:25Z,2025-07-07T22:17:40Z,2025-07-07T22:22:31Z,2025-07-07T22:17:40Z,Desorbed NA,9,8,7,7,1,291,NA,JH_Lup_arg_BVB_24-11_772025_07.qgd,NA,Heiling,C:/GCMSsolution/Data/Project1/Campbell RMBL Data/Lupinus argenteus/JH_Lup_arg_BVB_24-11_772025_07.qgd,d023f6c1-a33b-4599-b46d-06674f069657,1,NA,266837399,FALSE,FALSE,FALSE,4
2025-07-07T11:38:25Z,2025-07-07T22:38:17Z,2025-07-07T22:22:31Z,2025-07-07T22:22:31Z,Desorbed NA,10,9,7,7,2,946,NA,JH_Lup_arg_BVB_24-11_772025_07.qgd,NA,Heiling,C:/GCMSsolution/Data/Project1/Campbell RMBL Data/Lupinus argenteus/JH_Lup_arg_BVB_24-11_772025_07.qgd,d023f6c1-a33b-4599-b46d-06674f069657,1,1237,266837399,FALSE,FALSE,FALSE,4
2025-07-07T11:38:25Z,2025-07-07T23:31:51Z,2025-07-07T23:35:51Z,2025-07-07T23:31:51Z,Desorbed NA,11,10,9,9,1,240,NA,JH_Lup_arg_BVB_24-8tube2_772025_09.qgd,NA,Heiling,C:/GCMSsolution/Data/Project1/Campbell RMBL Data/Lupinus argenteus/JH_Lup_arg_BVB_24-8tube2_772025_09.qgd,d023f6c1-a33b-4599-b46d-06674f069657,1,3214,67988254,FALSE,TRUE,TRUE,2
2025-07-07T11:38:25Z,2025-07-08T00:07:33Z,2025-07-08T00:12:27Z,2025-07-08T00:07:33Z,Desorbed NA,12,11,10,10,1,294,NA,Blank11_772025_10.qgd,NA,Blank,C:/GCMSsolution/Data/Project1/Campbell RMBL Data/Lupinus argenteus/Blank11_772025_10.qgd,d023f6c1-a33b-4599-b46d-06674f069657,1,2142,193944785,TRUE,TRUE,FALSE,4
2025-07-09T09:01:14Z,2025-07-09T16:05:54Z,2025-07-09T16:00:53Z,2025-07-09T16:00:53Z,Desorbed NA,1,1,1,1,0,301,NA,blank1_792025_01.qgd,NA,NA,C:/GCMSsolution/Data/Project1/Campbell RMBL Data/Lupinus argenteus/blank1_792025_01.qgd,6955d023-0a86-4332-bafb-48bc7b8a7d82,1,143901,211888345,FALSE,TRUE,TRUE,2
2025-07-09T09:01:14Z,2025-07-09T16:36:25Z,2025-07-09T16:41:17Z,2025-07-09T16:36:25Z,Desorbed NA,2,2,2,2,0,292,NA,DC_trapblank_145-25_792025_02.qgd,NA,NA,C:/GCMSsolution/Data/Project1/Campbell RMBL Data/Lupinus argenteus/DC_trapblank_145-25_792025_02.qgd,6955d023-0a86-4332-bafb-48bc7b8a7d82,1,1831,49672870,FALSE,FALSE,FALSE,4
2025-07-09T09:01:14Z,2025-07-09T17:12:03Z,2025-07-09T17:16:48Z,2025-07-09T17:12:03Z,Desorbed NA,3,3,3,3,0,285,NA,DC_trapblank_234-25_792025_03.qgd,NA,NA,C:/GCMSsolution/Data/Project1/Campbell RMBL Data/Lupinus argenteus/DC_trapblank_234-25_792025_03.qgd,6955d023-0a86-4332-bafb-48bc7b8a7d82,1,2138,226789480,FALSE,FALSE,FALSE,4
2025-07-09T09:01:14Z,2025-07-09T17:48:00Z,2025-07-09T17:52:49Z,2025-07-09T17:48:00Z,Desorbed NA,8,4,4,4,0,289,NA,JH_Lup_arg_BVB_24-11redo_792025_04.qgd,NA,Heiling,C:/GCMSsolution/Data/Project1/Campbell RMBL Data/Lupinus argenteus/JH_Lup_arg_BVB_24-11redo_792025_04.qgd,6955d023-0a86-4332-bafb-48bc7b8a7d82,1,2157,2276938746,FALSE,FALSE,FALSE,5
2025-07-09T09:01:14Z,2025-07-09T18:08:21Z,2025-07-09T17:52:49Z,2025-07-09T17:52:49Z,Desorbed NA,9,5,4,4,1,932,NA,JH_Lup_arg_BVB_24-11redo_792025_04.qgd,NA,Heiling,C:/GCMSsolution/Data/Project1/Campbell RMBL Data/Lupinus argenteus/JH_Lup_arg_BVB_24-11redo_792025_04.qgd,6955d023-0a86-4332-bafb-48bc7b8a7d82,1,1221,2276938746,FALSE,FALSE,FALSE,5
2025-07-09T09:01:14Z,2025-07-09T19:01:10Z,2025-07-09T19:06:07Z,2025-07-09T19:01:10Z,Desorbed NA,10,6,6,6,0,297,NA,JH_Lup_arg_BVB_24-26_792025_06.qgd,NA,Heiling,C:/GCMSsolution/Data/Project1/Campbell RMBL Data/Lupinus argenteus/JH_Lup_arg_BVB_24-26_792025_06.qgd,6955d023-0a86-4332-bafb-48bc7b8a7d82,1,3169,675251725,FALSE,FALSE,FALSE,7
2025-07-09T12:58:29Z,2025-07-09T20:03:03Z,2025-07-09T19:57:48Z,2025-07-09T19:57:48Z,Desorbed NA,1,1,2,1,-1,315,NA,blank1_792025_02.qgd,NA,NA,C:/GCMSsolution/Data/Project1/Campbell RMBL Data/Lupinus argenteus/blank1_792025_02.qgd,018179df-8010-4ae0-a84d-4dd132ced9e2,1,3713,60911530,FALSE,TRUE,TRUE,2
2025-07-09T12:58:29Z,2025-07-09T20:33:31Z,2025-07-09T20:38:25Z,2025-07-09T20:33:31Z,Desorbed NA,2,2,2,2,0,294,NA,JH_Lup_arg_BVB_24-12_792025_02.qgd,NA,Heiling,C:/GCMSsolution/Data/Project1/Campbell RMBL Data/Lupinus argenteus/JH_Lup_arg_BVB_24-12_792025_02.qgd,018179df-8010-4ae0-a84d-4dd132ced9e2,1,1828,442043086,FALSE,FALSE,FALSE,7
2025-07-09T12:58:29Z,2025-07-09T21:10:36Z,2025-07-09T21:15:17Z,2025-07-09T21:10:36Z,NA Leak Test Pressurise Failed,3,3,3,3,0,280.5,NA,JH_Lup_arg_BVB_24-30_792025_03.qgd,NA,Heiling,C:/GCMSsolution/Data/Project1/Campbell RMBL Data/Lupinus argenteus/JH_Lup_arg_BVB_24-30_792025_03.qgd,018179df-8010-4ae0-a84d-4dd132ced9e2,1,2225.5,40471394,FALSE,TRUE,TRUE,2
2025-07-09T12:58:29Z,2025-07-09T21:47:42Z,2025-07-09T21:52:02Z,2025-07-09T21:47:42Z,Desorbed NA,4,4,4,4,0,260,NA,JH_Lup_arg_BVB_24-Air4_792025_04.qgd,NA,Heiling,C:/GCMSsolution/Data/Project1/Campbell RMBL Data/Lupinus argenteus/JH_Lup_arg_BVB_24-Air4_792025_04.qgd,018179df-8010-4ae0-a84d-4dd132ced9e2,1,2225.5,2615101294,FALSE,FALSE,FALSE,5
2025-07-09T12:58:29Z,NA,NA,NA,NA NA,5,5,NA,5,NA,NA,NA,NA,NA,NA,NA,018179df-8010-4ae0-a84d-4dd132ced9e2,1,NA,NA,NA,NA,NA,NA
2025-07-09T12:58:29Z,2025-07-09T22:24:43Z,2025-07-09T22:29:26Z,2025-07-09T22:24:43Z,Desorbed NA,6,6,5,5,1,283,NA,JH_Lup_arg_BVB_24-23_792025_05.qgd,NA,Heiling,C:/GCMSsolution/Data/Project1/Campbell RMBL Data/Lupinus argenteus/JH_Lup_arg_BVB_24-23_792025_05.qgd,018179df-8010-4ae0-a84d-4dd132ced9e2,1,NA,172377362,FALSE,FALSE,FALSE,4
2025-07-09T12:58:29Z,2025-07-09T23:02:20Z,2025-07-09T23:07:14Z,2025-07-09T23:02:20Z,Desorbed NA,7,7,6,6,1,294,NA,JH_Lup_arg_BVB_24-Air3_792025_06.qgd,NA,Heiling,C:/GCMSsolution/Data/Project1/Campbell RMBL Data/Lupinus argenteus/JH_Lup_arg_BVB_24-Air3_792025_06.qgd,018179df-8010-4ae0-a84d-4dd132ced9e2,1,2257,635761732,FALSE,FALSE,FALSE,7
2025-07-09T12:58:29Z,2025-07-09T23:40:26Z,2025-07-09T23:45:19Z,2025-07-09T23:40:26Z,Desorbed NA,8,8,7,7,1,293,NA,JH_Lup_arg_BVB_24-18_792025_07.qgd,NA,Heiling,C:/GCMSsolution/Data/Project1/Campbell RMBL Data/Lupinus argenteus/JH_Lup_arg_BVB_24-18_792025_07.qgd,018179df-8010-4ae0-a84d-4dd132ced9e2,1,2286,2796363225,FALSE,FALSE,FALSE,5
2025-07-09T12:58:29Z,2025-07-10T00:18:32Z,2025-07-10T00:23:18Z,2025-07-10T00:18:32Z,Desorbed NA,9,9,8,8,1,286,NA,JH_Lup_arg_BVB_24-22_792025_08.qgd,NA,Heiling,C:/GCMSsolution/Data/Project1/Campbell RMBL Data/Lupinus argenteus/JH_Lup_arg_BVB_24-22_792025_08.qgd,018179df-8010-4ae0-a84d-4dd132ced9e2,1,2286,2227558556,FALSE,FALSE,FALSE,5
2025-07-09T12:58:29Z,2025-07-10T00:56:45Z,2025-07-10T01:01:39Z,2025-07-10T00:56:45Z,Desorbed NA,10,10,9,9,1,294,NA,JH_Lup_arg_BVB_24-Air5_792025_09.qgd,NA,Heiling,C:/GCMSsolution/Data/Project1/Campbell RMBL Data/Lupinus argenteus/JH_Lup_arg_BVB_24-Air5_792025_09.qgd,018179df-8010-4ae0-a84d-4dd132ced9e2,1,2293,633406739,FALSE,FALSE,FALSE,7
2025-07-09T12:58:29Z,2025-07-10T01:36:07Z,2025-07-10T01:40:04Z,2025-07-10T01:36:07Z,Desorbed NA,11,11,10,10,1,237,NA,JH_Lup_arg_BVB_24-Air1_792025_10.qgd,NA,Heiling,C:/GCMSsolution/Data/Project1/Campbell RMBL Data/Lupinus argenteus/JH_Lup_arg_BVB_24-Air1_792025_10.qgd,018179df-8010-4ae0-a84d-4dd132ced9e2,1,2362,448192066,FALSE,FALSE,FALSE,7
2025-07-09T12:58:29Z,2025-07-10T02:13:29Z,2025-07-10T02:18:25Z,2025-07-10T02:13:29Z,Desorbed NA,12,12,11,11,1,296,NA,JH_Lup_arg_BVB_24-21_792025_11.qgd,NA,Heiling,C:/GCMSsolution/Data/Project1/Campbell RMBL Data/Lupinus argenteus/JH_Lup_arg_BVB_24-21_792025_11.qgd,018179df-8010-4ae0-a84d-4dd132ced9e2,1,2242,1185452664,FALSE,FALSE,FALSE,5
2025-07-09T12:58:29Z,NA,NA,NA,NA NA,13,13,NA,13,NA,NA,NA,NA,NA,NA,NA,018179df-8010-4ae0-a84d-4dd132ced9e2,1,NA,NA,NA,NA,NA,NA
2025-07-09T12:58:29Z,2025-07-10T02:51:32Z,2025-07-10T02:56:24Z,2025-07-10T02:51:32Z,Desorbed NA,14,14,12,12,2,292,NA,JH_Lup_arg_BVB_24-29_792025_12.qgd,NA,Heiling,C:/GCMSsolution/Data/Project1/Campbell RMBL Data/Lupinus argenteus/JH_Lup_arg_BVB_24-29_792025_12.qgd,018179df-8010-4ae0-a84d-4dd132ced9e2,1,NA,2104494464,FALSE,FALSE,FALSE,5
2025-07-09T12:58:29Z,2025-07-10T03:29:14Z,2025-07-10T03:34:06Z,2025-07-10T03:29:14Z,Desorbed NA,15,15,13,13,2,292,NA,JH_Lup_arg_BVB_24-27_792025_13.qgd,NA,Heiling,C:/GCMSsolution/Data/Project1/Campbell RMBL Data/Lupinus argenteus/JH_Lup_arg_BVB_24-27_792025_13.qgd,018179df-8010-4ae0-a84d-4dd132ced9e2,1,2262,446364442,FALSE,FALSE,FALSE,7
2025-07-09T12:58:29Z,2025-07-10T04:06:52Z,2025-07-10T04:11:49Z,2025-07-10T04:06:52Z,Desorbed NA,16,16,14,14,2,297,NA,JH_Lup_arg_CIN23_23-2_792025_14.qgd,NA,Heiling,C:/GCMSsolution/Data/Project1/Campbell RMBL Data/Lupinus argenteus/JH_Lup_arg_CIN23_23-2_792025_14.qgd,018179df-8010-4ae0-a84d-4dd132ced9e2,1,2258,577356435,FALSE,FALSE,FALSE,7
2025-07-09T12:58:29Z,2025-07-10T04:44:26Z,2025-07-10T04:49:23Z,2025-07-10T04:44:26Z,Desorbed NA,17,17,15,15,2,297,NA,JH_Lup_arg_CIN23_24-13_792025_15.qgd,NA,Heiling,C:/GCMSsolution/Data/Project1/Campbell RMBL Data/Lupinus argenteus/JH_Lup_arg_CIN23_24-13_792025_15.qgd,018179df-8010-4ae0-a84d-4dd132ced9e2,1,2254,1084104547,FALSE,FALSE,FALSE,5
2025-07-09T12:58:29Z,2025-07-10T05:21:51Z,2025-07-10T05:26:44Z,2025-07-10T05:21:51Z,Desorbed NA,18,18,16,16,2,293,NA,JH_Lup_arg_CIN23_24-4_792025_16.qgd,NA,Heiling,C:/GCMSsolution/Data/Project1/Campbell RMBL Data/Lupinus argenteus/JH_Lup_arg_CIN23_24-4_792025_16.qgd,018179df-8010-4ae0-a84d-4dd132ced9e2,1,2245,777027252,FALSE,FALSE,FALSE,7
2025-07-09T12:58:29Z,2025-07-10T05:58:43Z,2025-07-10T06:03:28Z,2025-07-10T05:58:43Z,Desorbed NA,19,19,17,17,2,285,NA,JH_Lup_arg_CIN23_24-9_792025_17.qgd,NA,Heiling,C:/GCMSsolution/Data/Project1/Campbell RMBL Data/Lupinus argenteus/JH_Lup_arg_CIN23_24-9_792025_17.qgd,018179df-8010-4ae0-a84d-4dd132ced9e2,1,2212,376191190,FALSE,FALSE,FALSE,7
2025-07-09T12:58:29Z,2025-07-10T06:36:03Z,2025-07-10T06:40:59Z,2025-07-10T06:36:03Z,Desorbed NA,20,20,18,18,2,296,NA,JH_Lup_arg_CIN23_24-20_792025_18.qgd,NA,Heiling,C:/GCMSsolution/Data/Project1/Campbell RMBL Data/Lupinus argenteus/JH_Lup_arg_CIN23_24-20_792025_18.qgd,018179df-8010-4ae0-a84d-4dd132ced9e2,1,2240,663792051,FALSE,FALSE,FALSE,7
2025-07-09T12:58:29Z,2025-07-10T07:14:05Z,2025-07-10T07:18:05Z,2025-07-10T07:14:05Z,Desorbed NA,21,21,19,19,2,240,NA,JH_Lup_arg_CIN23_23-9_792025_19.qgd,NA,Heiling,C:/GCMSsolution/Data/Project1/Campbell RMBL Data/Lupinus argenteus/JH_Lup_arg_CIN23_23-9_792025_19.qgd,018179df-8010-4ae0-a84d-4dd132ced9e2,1,2282,284293586,FALSE,FALSE,FALSE,4
2025-07-09T12:58:29Z,2025-07-10T07:50:12Z,2025-07-10T07:54:57Z,2025-07-10T07:50:12Z,Desorbed NA,22,22,20,20,2,285,NA,JH_Lup_arg_CIN23_24-5_792025_20.qgd,NA,Heiling,C:/GCMSsolution/Data/Project1/Campbell RMBL Data/Lupinus argenteus/JH_Lup_arg_CIN23_24-5_792025_20.qgd,018179df-8010-4ae0-a84d-4dd132ced9e2,1,2167,272939781,FALSE,FALSE,FALSE,4
2025-07-09T12:58:29Z,NA,NA,NA,NA NA,23,23,NA,23,NA,NA,NA,NA,NA,NA,NA,018179df-8010-4ae0-a84d-4dd132ced9e2,1,NA,NA,NA,NA,NA,NA
2025-07-09T12:58:29Z,2025-07-10T08:26:38Z,2025-07-10T08:31:33Z,2025-07-10T08:26:38Z,Desorbed NA,24,24,21,21,3,295,NA,JH_Lup_arg_CIN23_24-17_792025_21.qgd,NA,Heiling,C:/GCMSsolution/Data/Project1/Campbell RMBL Data/Lupinus argenteus/JH_Lup_arg_CIN23_24-17_792025_21.qgd,018179df-8010-4ae0-a84d-4dd132ced9e2,1,NA,713303692,FALSE,FALSE,FALSE,7
2025-07-09T12:58:29Z,2025-07-10T09:03:09Z,2025-07-10T09:08:05Z,2025-07-10T09:03:09Z,Desorbed NA,25,25,22,22,3,296,NA,JH_Lup_arg_CIN23_24-Air2_792025_22.qgd,NA,Heiling,C:/GCMSsolution/Data/Project1/Campbell RMBL Data/Lupinus argenteus/JH_Lup_arg_CIN23_24-Air2_792025_22.qgd,018179df-8010-4ae0-a84d-4dd132ced9e2,1,2191,2731791753,FALSE,FALSE,FALSE,5
2025-07-09T12:58:29Z,2025-07-10T09:39:39Z,2025-07-10T09:44:35Z,2025-07-10T09:39:39Z,Desorbed NA,26,26,23,23,3,296,NA,JH_Lup_arg_CIN23_23-14_792025_23.qgd,NA,Heiling,C:/GCMSsolution/Data/Project1/Campbell RMBL Data/Lupinus argenteus/JH_Lup_arg_CIN23_23-14_792025_23.qgd,018179df-8010-4ae0-a84d-4dd132ced9e2,1,2190,264884144,FALSE,FALSE,FALSE,4
2025-07-09T12:58:29Z,2025-07-10T10:16:11Z,2025-07-10T10:21:05Z,2025-07-10T10:16:11Z,Desorbed NA,27,27,24,24,3,294,NA,JH_Lup_arg_CIN23_24-18_792025_24.qgd,NA,Heiling,C:/GCMSsolution/Data/Project1/Campbell RMBL Data/Lupinus argenteus/JH_Lup_arg_CIN23_24-18_792025_24.qgd,018179df-8010-4ae0-a84d-4dd132ced9e2,1,2192,279090965,FALSE,FALSE,FALSE,4
2025-07-09T12:58:29Z,2025-07-10T10:52:44Z,2025-07-10T10:57:34Z,2025-07-10T10:52:44Z,Desorbed NA,28,28,25,25,3,290,NA,JH_Lup_arg_CIN23_23-6_792025_25.qgd,NA,Heiling,C:/GCMSsolution/Data/Project1/Campbell RMBL Data/Lupinus argenteus/JH_Lup_arg_CIN23_23-6_792025_25.qgd,018179df-8010-4ae0-a84d-4dd132ced9e2,1,2193,266188418,FALSE,FALSE,FALSE,4
2025-07-09T12:58:29Z,2025-07-10T11:29:03Z,2025-07-10T11:33:58Z,2025-07-10T11:29:03Z,Desorbed NA,29,29,26,26,3,295,NA,DC_trapblank_195_25_792025_26.qgd,NA,NA,C:/GCMSsolution/Data/Project1/Campbell RMBL Data/Lupinus argenteus/DC_trapblank_195_25_792025_26.qgd,018179df-8010-4ae0-a84d-4dd132ced9e2,1,2179,289013826,FALSE,FALSE,FALSE,4
2025-07-09T12:58:29Z,2025-07-10T16:30:58Z,NA,2025-07-10T16:30:58Z,NA NA,30,30,NA,30,NA,NA,NA,NA,NA,NA,NA,018179df-8010-4ae0-a84d-4dd132ced9e2,1,18115,NA,NA,NA,NA,NA
2025-07-10T15:44:01Z,2025-07-10T22:48:34Z,2025-07-10T22:43:36Z,2025-07-10T22:43:36Z,Desorbed NA,1,1,1,1,0,298,NA,blank1_7102025_01.qgd,NA,NA,C:/GCMSsolution/Data/Project1/Campbell RMBL Data/Lupinus argenteus/blank1_7102025_01.qgd,5f20f76d-dbdc-4437-8d3a-5c6d743ede36,1,4541,152088239,FALSE,TRUE,TRUE,2
2025-07-10T15:44:01Z,2025-07-10T23:19:10Z,2025-07-10T23:24:04Z,2025-07-10T23:19:10Z,Desorbed NA,3,2,2,2,0,294,NA,JH_Lup_arg_BVB_24-30redo_7102025_02.qgd,NA,Heiling,C:/GCMSsolution/Data/Project1/Campbell RMBL Data/Lupinus argenteus/JH_Lup_arg_BVB_24-30redo_7102025_02.qgd,5f20f76d-dbdc-4437-8d3a-5c6d743ede36,1,1836,1262877550,FALSE,FALSE,FALSE,7
2025-07-10T15:44:01Z,2025-07-10T23:57:01Z,2025-07-11T00:01:18Z,2025-07-10T23:57:01Z,NA Leak Test Pressurise Failed,5,3,3,3,0,256.5,NA,JH_Lup_arg_BVB_24-23redo_7102025_03.qgd,NA,Heiling,C:/GCMSsolution/Data/Project1/Campbell RMBL Data/Lupinus argenteus/JH_Lup_arg_BVB_24-23redo_7102025_03.qgd,5f20f76d-dbdc-4437-8d3a-5c6d743ede36,1,2271.5,75307872,FALSE,TRUE,TRUE,2
2025-07-10T15:44:01Z,2025-07-11T00:34:53Z,2025-07-11T00:38:23Z,2025-07-11T00:34:53Z,Desorbed NA,13,4,4,4,0,210,NA,JH_Lup_arg_BVB_24-27redo_7102025_04.qgd,NA,Heiling,C:/GCMSsolution/Data/Project1/Campbell RMBL Data/Lupinus argenteus/JH_Lup_arg_BVB_24-27redo_7102025_04.qgd,5f20f76d-dbdc-4437-8d3a-5c6d743ede36,1,2271.5,214880819,FALSE,FALSE,FALSE,4
2025-07-10T15:44:01Z,2025-07-11T01:11:47Z,2025-07-11T01:15:43Z,2025-07-11T01:11:47Z,Desorbed NA,23,5,5,5,0,236,NA,JH_Lup_arg_CIN23_23-14redo_7102025_05.qgd,NA,Heiling,C:/GCMSsolution/Data/Project1/Campbell RMBL Data/Lupinus argenteus/JH_Lup_arg_CIN23_23-14redo_7102025_05.qgd,5f20f76d-dbdc-4437-8d3a-5c6d743ede36,1,2214,922415788,FALSE,FALSE,FALSE,7
2025-07-10T15:44:01Z,2025-07-11T01:48:21Z,2025-07-11T01:53:07Z,2025-07-11T01:48:21Z,Desorbed NA,24,6,6,6,0,286,NA,JH_Lup_arg_CIN23_24-14_7102025_06.qgd,NA,Heiling,C:/GCMSsolution/Data/Project1/Campbell RMBL Data/Lupinus argenteus/JH_Lup_arg_CIN23_24-14_7102025_06.qgd,5f20f76d-dbdc-4437-8d3a-5c6d743ede36,1,2194,570271997,FALSE,FALSE,FALSE,7
2025-07-10T15:44:01Z,2025-07-11T02:25:45Z,2025-07-11T02:30:34Z,2025-07-11T02:25:45Z,Desorbed NA,25,7,7,7,0,289,NA,JH_Lup_arg_CIN23_24-Pinflag_7102025_07.qgd,NA,Heiling,C:/GCMSsolution/Data/Project1/Campbell RMBL Data/Lupinus argenteus/JH_Lup_arg_CIN23_24-Pinflag_7102025_07.qgd,5f20f76d-dbdc-4437-8d3a-5c6d743ede36,1,2244,739358987,FALSE,FALSE,FALSE,7
2025-07-10T15:44:01Z,2025-07-11T03:02:59Z,2025-07-11T03:07:56Z,2025-07-11T03:02:59Z,Desorbed NA,26,8,8,8,0,297,NA,JH_Lup_arg_CIN23_24-15_7102025_08.qgd,NA,Heiling,C:/GCMSsolution/Data/Project1/Campbell RMBL Data/Lupinus argenteus/JH_Lup_arg_CIN23_24-15_7102025_08.qgd,5f20f76d-dbdc-4437-8d3a-5c6d743ede36,1,2234,410109468,FALSE,FALSE,FALSE,4
2025-07-10T15:44:01Z,2025-07-11T03:40:06Z,2025-07-11T03:45:02Z,2025-07-11T03:40:06Z,Desorbed NA,27,9,9,9,0,296,NA,JH_Lup_arg_CIN23_24-19_7102025_09.qgd,NA,Heiling,C:/GCMSsolution/Data/Project1/Campbell RMBL Data/Lupinus argenteus/JH_Lup_arg_CIN23_24-19_7102025_09.qgd,5f20f76d-dbdc-4437-8d3a-5c6d743ede36,1,2227,947688966,FALSE,FALSE,FALSE,5
2025-07-10T15:44:01Z,2025-07-11T04:17:37Z,2025-07-11T04:22:29Z,2025-07-11T04:17:37Z,Desorbed NA,28,10,10,10,0,292,NA,JH_Lup_arg_CIN23_24-12_7102025_10.qgd,NA,Heiling,C:/GCMSsolution/Data/Project1/Campbell RMBL Data/Lupinus argenteus/JH_Lup_arg_CIN23_24-12_7102025_10.qgd,5f20f76d-dbdc-4437-8d3a-5c6d743ede36,1,2251,1714472097,FALSE,FALSE,FALSE,5
2025-07-10T15:44:01Z,NA,NA,NA,NA NA,29,11,NA,11,NA,NA,NA,NA,NA,NA,NA,5f20f76d-dbdc-4437-8d3a-5c6d743ede36,1,NA,NA,NA,NA,NA,NA
2025-07-10T15:44:01Z,NA,NA,NA,Leak-test failure High Pressure Leak Failure,30,12,NA,12,NA,NA,NA,NA,NA,NA,NA,5f20f76d-dbdc-4437-8d3a-5c6d743ede36,1,NA,NA,NA,NA,NA,NA
2025-07-11T14:34:11Z,2025-07-11T21:38:46Z,2025-07-11T21:33:36Z,2025-07-11T21:33:36Z,Desorbed NA,1,1,1,1,0,310,NA,blank1_7112025_01.qgd,NA,NA,C:/GCMSsolution/Data/Project1/Campbell RMBL Data/Lupinus argenteus/blank1_7112025_01.qgd,182bf11e-77a8-44d7-914b-3a114b756f5c,1,NA,124261408,FALSE,TRUE,TRUE,2
2025-07-11T14:34:11Z,NA,NA,NA,NA NA,5,2,NA,2,NA,NA,NA,NA,NA,NA,NA,182bf11e-77a8-44d7-914b-3a114b756f5c,1,NA,NA,NA,NA,NA,NA
2025-07-11T14:34:11Z,2025-07-11T22:09:18Z,2025-07-11T22:14:11Z,2025-07-11T22:09:18Z,Desorbed NA,6,3,2,2,1,293,NA,JH_Lup_arg_BVB_24-23redo2_7112025_02.qgd,NA,Heiling,C:/GCMSsolution/Data/Project1/Campbell RMBL Data/Lupinus argenteus/JH_Lup_arg_BVB_24-23redo2_7112025_02.qgd,182bf11e-77a8-44d7-914b-3a114b756f5c,1,NA,352736851,FALSE,FALSE,FALSE,7
2025-07-11T14:34:11Z,2025-07-11T22:46:11Z,2025-07-11T22:50:55Z,2025-07-11T22:46:11Z,Desorbed NA,7,4,3,3,1,284,NA,JH_Lup_arg_LERB_24_Air2_7112025_03.qgd,NA,Heiling,C:/GCMSsolution/Data/Project1/Campbell RMBL Data/Lupinus argenteus/JH_Lup_arg_LERB_24_Air2_7112025_03.qgd,182bf11e-77a8-44d7-914b-3a114b756f5c,1,2213,623179669,FALSE,FALSE,FALSE,7
2025-07-11T14:34:11Z,2025-07-11T23:23:23Z,2025-07-11T23:28:10Z,2025-07-11T23:23:23Z,Desorbed NA,8,5,4,4,1,287,NA,JH_Lup_arg_LERB_24_23-1_7112025_04.qgd,NA,Heiling,C:/GCMSsolution/Data/Project1/Campbell RMBL Data/Lupinus argenteus/JH_Lup_arg_LERB_24_23-1_7112025_04.qgd,182bf11e-77a8-44d7-914b-3a114b756f5c,1,2232,288960855,FALSE,FALSE,FALSE,4
2025-07-11T14:34:11Z,2025-07-12T00:01:06Z,2025-07-12T00:06:02Z,2025-07-12T00:01:06Z,Desorbed NA,9,6,5,5,1,296,NA,JH_Lup_arg_LERB_24_Air4_7112025_05.qgd,NA,Heiling,C:/GCMSsolution/Data/Project1/Campbell RMBL Data/Lupinus argenteus/JH_Lup_arg_LERB_24_Air4_7112025_05.qgd,182bf11e-77a8-44d7-914b-3a114b756f5c,1,2263,723971701,FALSE,FALSE,FALSE,7
2025-07-11T14:34:11Z,2025-07-12T00:39:15Z,2025-07-12T00:44:12Z,2025-07-12T00:39:15Z,Desorbed NA,10,7,6,6,1,297,NA,JH_Lup_arg_LERB_24-20_7112025_06.qgd,NA,Heiling,C:/GCMSsolution/Data/Project1/Campbell RMBL Data/Lupinus argenteus/JH_Lup_arg_LERB_24-20_7112025_06.qgd,182bf11e-77a8-44d7-914b-3a114b756f5c,1,2289,469555333,FALSE,FALSE,FALSE,7
2025-07-11T14:34:11Z,2025-07-12T01:18:34Z,2025-07-12T01:22:29Z,2025-07-12T01:18:34Z,Desorbed NA,11,8,7,7,1,235,NA,JH_Lup_arg_LERB_24-31_7112025_07.qgd,NA,Heiling,C:/GCMSsolution/Data/Project1/Campbell RMBL Data/Lupinus argenteus/JH_Lup_arg_LERB_24-31_7112025_07.qgd,182bf11e-77a8-44d7-914b-3a114b756f5c,1,2359,1988896324,FALSE,FALSE,FALSE,5
2025-07-11T14:34:11Z,2025-07-12T01:55:42Z,2025-07-12T02:00:22Z,2025-07-12T01:55:42Z,Desorbed NA,12,9,8,8,1,280,NA,JH_Lup_arg_LERB_24-5_7112025_08.qgd,NA,Heiling,C:/GCMSsolution/Data/Project1/Campbell RMBL Data/Lupinus argenteus/JH_Lup_arg_LERB_24-5_7112025_08.qgd,182bf11e-77a8-44d7-914b-3a114b756f5c,1,2228,326375681,FALSE,FALSE,FALSE,4
2025-07-11T14:34:11Z,2025-07-12T02:33:16Z,2025-07-12T02:38:10Z,2025-07-12T02:33:16Z,Desorbed NA,13,10,9,9,1,294,NA,JH_Lup_arg_LERB_24-23_7112025_09.qgd,NA,Heiling,C:/GCMSsolution/Data/Project1/Campbell RMBL Data/Lupinus argenteus/JH_Lup_arg_LERB_24-23_7112025_09.qgd,182bf11e-77a8-44d7-914b-3a114b756f5c,1,2254,626778119,FALSE,FALSE,FALSE,7
2025-07-11T14:34:11Z,2025-07-12T03:10:42Z,2025-07-12T03:15:34Z,2025-07-12T03:10:42Z,Desorbed NA,14,11,10,10,1,292,NA,JH_Lup_arg_LERB_24_23-7_7112025_10.qgd,NA,Heiling,C:/GCMSsolution/Data/Project1/Campbell RMBL Data/Lupinus argenteus/JH_Lup_arg_LERB_24_23-7_7112025_10.qgd,182bf11e-77a8-44d7-914b-3a114b756f5c,1,2246,2222502617,FALSE,FALSE,FALSE,5
2025-07-11T14:34:11Z,2025-07-12T03:47:50Z,2025-07-12T03:52:43Z,2025-07-12T03:47:50Z,Desorbed NA,15,12,11,11,1,293,NA,JH_Lup_arg_LERB_24-9_7112025_11.qgd,NA,Heiling,C:/GCMSsolution/Data/Project1/Campbell RMBL Data/Lupinus argenteus/JH_Lup_arg_LERB_24-9_7112025_11.qgd,182bf11e-77a8-44d7-914b-3a114b756f5c,1,2228,1481070518,FALSE,FALSE,FALSE,5
2025-07-11T14:34:11Z,2025-07-12T04:24:31Z,2025-07-12T04:29:28Z,2025-07-12T04:24:31Z,Desorbed NA,16,13,12,12,1,297,NA,JH_Lup_arg_LERB_24-21_7112025_12.qgd,NA,Heiling,C:/GCMSsolution/Data/Project1/Campbell RMBL Data/Lupinus argenteus/JH_Lup_arg_LERB_24-21_7112025_12.qgd,182bf11e-77a8-44d7-914b-3a114b756f5c,1,2201,242374916,FALSE,FALSE,FALSE,4
2025-07-11T14:34:11Z,2025-07-12T05:01:48Z,2025-07-12T05:06:37Z,2025-07-12T05:01:48Z,Desorbed NA,17,14,13,13,1,289,NA,JH_Lup_arg_LERB_24-8_7112025_13.qgd,NA,Heiling,C:/GCMSsolution/Data/Project1/Campbell RMBL Data/Lupinus argenteus/JH_Lup_arg_LERB_24-8_7112025_13.qgd,182bf11e-77a8-44d7-914b-3a114b756f5c,1,2237,331633759,FALSE,FALSE,FALSE,4
2025-07-11T14:34:11Z,2025-07-12T05:38:38Z,2025-07-12T05:43:31Z,2025-07-12T05:38:38Z,Desorbed NA,18,15,14,14,1,293,NA,JH_Lup_arg_LERB_24_23-9_7112025_14.qgd,NA,Heiling,C:/GCMSsolution/Data/Project1/Campbell RMBL Data/Lupinus argenteus/JH_Lup_arg_LERB_24_23-9_7112025_14.qgd,182bf11e-77a8-44d7-914b-3a114b756f5c,1,2210,2476997473,FALSE,FALSE,FALSE,5
2025-07-11T14:34:11Z,2025-07-12T06:15:06Z,2025-07-12T06:20:00Z,2025-07-12T06:15:06Z,Desorbed NA,19,16,15,15,1,294,NA,JH_Lup_arg_LERB_24-1_7112025_15.qgd,NA,Heiling,C:/GCMSsolution/Data/Project1/Campbell RMBL Data/Lupinus argenteus/JH_Lup_arg_LERB_24-1_7112025_15.qgd,182bf11e-77a8-44d7-914b-3a114b756f5c,1,2188,315257800,FALSE,FALSE,FALSE,4
2025-07-11T14:34:11Z,2025-07-12T06:51:20Z,2025-07-12T06:56:06Z,2025-07-12T06:51:20Z,Desorbed NA,20,17,16,16,1,286,NA,JH_Lup_arg_LERB_24-32_7112025_16.qgd,NA,Heiling,C:/GCMSsolution/Data/Project1/Campbell RMBL Data/Lupinus argenteus/JH_Lup_arg_LERB_24-32_7112025_16.qgd,182bf11e-77a8-44d7-914b-3a114b756f5c,1,2174,692213519,FALSE,FALSE,FALSE,7
2025-07-11T14:34:11Z,2025-07-12T07:28:32Z,2025-07-12T07:32:01Z,2025-07-12T07:28:32Z,Desorbed NA,29,18,17,17,1,209,NA,JH_Lup_arg_LERB_24-18_7112025_17.qgd,NA,Heiling,C:/GCMSsolution/Data/Project1/Campbell RMBL Data/Lupinus argenteus/JH_Lup_arg_LERB_24-18_7112025_17.qgd,182bf11e-77a8-44d7-914b-3a114b756f5c,1,2232,315660399,FALSE,FALSE,FALSE,7
2025-07-11T14:34:11Z,2025-07-12T13:11:18Z,NA,2025-07-12T13:11:18Z,NA NA,30,19,NA,19,NA,NA,NA,NA,NA,NA,NA,182bf11e-77a8-44d7-914b-3a114b756f5c,1,20566,NA,NA,NA,NA,NA
2025-07-12T11:49:28Z,2025-07-12T18:54:04Z,2025-07-12T18:49:04Z,2025-07-12T18:49:04Z,Desorbed NA,1,1,1,1,0,300,NA,blank1_7122025_01.qgd,NA,NA,C:/GCMSsolution/Data/Project1/Campbell RMBL Data/Lupinus argenteus/blank1_7122025_01.qgd,397830e1-f0b9-4558-8a76-b4e4f7b82cc7,1,20566,132970242,FALSE,TRUE,TRUE,2
2025-07-12T11:49:28Z,2025-07-12T19:24:35Z,2025-07-12T19:29:32Z,2025-07-12T19:24:35Z,Desorbed NA,2,2,2,2,0,297,NA,JH_Lup_arg_BVB_24-23redo3_7122025_02.qgd,NA,Heiling,C:/GCMSsolution/Data/Project1/Campbell RMBL Data/Lupinus argenteus/JH_Lup_arg_BVB_24-23redo3_7122025_02.qgd,397830e1-f0b9-4558-8a76-b4e4f7b82cc7,1,1831,734649594,FALSE,FALSE,FALSE,7
2025-07-12T11:49:28Z,2025-07-12T20:01:35Z,2025-07-12T20:06:37Z,2025-07-12T20:01:35Z,Leak-test failure High Pressure Leak Failure,3,3,3,3,0,302,NA,JH_Lup_arg_LERB_24-Air3redo2_7122025_03.qgd,NA,Heiling,C:/GCMSsolution/Data/Project1/Campbell RMBL Data/Lupinus argenteus/JH_Lup_arg_LERB_24-Air3redo2_7122025_03.qgd,397830e1-f0b9-4558-8a76-b4e4f7b82cc7,1,2220,66525669,FALSE,TRUE,TRUE,2
2025-07-12T11:49:28Z,2025-07-12T20:38:35Z,2025-07-12T20:42:51Z,2025-07-12T20:38:35Z,Desorbed NA,4,4,4,4,0,256,NA,JH_Lup_arg_LERB_24_19_7122025_04.qgd,NA,Heiling,C:/GCMSsolution/Data/Project1/Campbell RMBL Data/Lupinus argenteus/JH_Lup_arg_LERB_24_19_7122025_04.qgd,397830e1-f0b9-4558-8a76-b4e4f7b82cc7,1,2220,966649650,FALSE,FALSE,FALSE,7
2025-07-12T11:49:28Z,2025-07-12T21:14:56Z,2025-07-12T21:19:51Z,2025-07-12T21:14:56Z,Desorbed NA,6,5,5,5,0,295,NA,JH_Lup_arg_LERB_24_17_7122025_05.qgd,NA,Heiling,C:/GCMSsolution/Data/Project1/Campbell RMBL Data/Lupinus argenteus/JH_Lup_arg_LERB_24_17_7122025_05.qgd,397830e1-f0b9-4558-8a76-b4e4f7b82cc7,1,2181,248923389,FALSE,FALSE,FALSE,4
2025-07-12T11:49:28Z,2025-07-12T21:51:55Z,2025-07-12T21:56:52Z,2025-07-12T21:51:55Z,Desorbed NA,7,6,6,6,0,297,NA,JH_Lup_arg_LERB_24-16_7122025_06.qgd,NA,Heiling,C:/GCMSsolution/Data/Project1/Campbell RMBL Data/Lupinus argenteus/JH_Lup_arg_LERB_24-16_7122025_06.qgd,397830e1-f0b9-4558-8a76-b4e4f7b82cc7,1,2219,245074859,FALSE,FALSE,FALSE,4
2025-07-12T11:49:28Z,2025-07-12T22:29:08Z,2025-07-12T22:33:59Z,2025-07-12T22:29:08Z,Desorbed NA,8,7,7,7,0,291,NA,JH_Lup_arg_LERB_24-Air1_7122025_07.qgd,NA,Heiling,C:/GCMSsolution/Data/Project1/Campbell RMBL Data/Lupinus argenteus/JH_Lup_arg_LERB_24-Air1_7122025_07.qgd,397830e1-f0b9-4558-8a76-b4e4f7b82cc7,1,2233,2154541243,FALSE,FALSE,FALSE,5
2025-07-12T11:49:28Z,2025-07-12T23:06:26Z,2025-07-12T23:11:22Z,2025-07-12T23:06:26Z,Desorbed NA,9,8,8,8,0,296,NA,JH_Lup_arg_LERB_24-11_7122025_08.qgd,NA,Heiling,C:/GCMSsolution/Data/Project1/Campbell RMBL Data/Lupinus argenteus/JH_Lup_arg_LERB_24-11_7122025_08.qgd,397830e1-f0b9-4558-8a76-b4e4f7b82cc7,1,2238,365132960,FALSE,FALSE,FALSE,4
2025-07-12T11:49:28Z,2025-07-12T23:44:04Z,2025-07-12T23:48:54Z,2025-07-12T23:44:04Z,Desorbed NA,10,9,9,9,0,290,NA,JH_Lup_arg_LERB_24-25_7122025_09.qgd,NA,Heiling,C:/GCMSsolution/Data/Project1/Campbell RMBL Data/Lupinus argenteus/JH_Lup_arg_LERB_24-25_7122025_09.qgd,397830e1-f0b9-4558-8a76-b4e4f7b82cc7,1,2258,480774004,FALSE,FALSE,FALSE,7
2025-07-12T11:49:28Z,2025-07-13T00:22:40Z,2025-07-13T00:26:42Z,2025-07-13T00:22:40Z,Desorbed NA,11,10,10,10,0,242,NA,JH_Lup_arg_LERB_24_33_7122025_10.qgd,NA,Heiling,C:/GCMSsolution/Data/Project1/Campbell RMBL Data/Lupinus argenteus/JH_Lup_arg_LERB_24_33_7122025_10.qgd,397830e1-f0b9-4558-8a76-b4e4f7b82cc7,1,2316,778749692,FALSE,FALSE,FALSE,7
2025-07-12T11:49:28Z,2025-07-13T00:59:41Z,2025-07-13T01:04:34Z,2025-07-13T00:59:41Z,Desorbed NA,12,11,11,11,0,293,NA,JH_Lup_arg_LERB_24-27_7122025_11.qgd,NA,Heiling,C:/GCMSsolution/Data/Project1/Campbell RMBL Data/Lupinus argenteus/JH_Lup_arg_LERB_24-27_7122025_11.qgd,397830e1-f0b9-4558-8a76-b4e4f7b82cc7,1,2221,1263131578,FALSE,FALSE,FALSE,5
2025-07-12T11:49:28Z,2025-07-13T01:37:42Z,2025-07-13T01:42:36Z,2025-07-13T01:37:42Z,Desorbed NA,13,12,12,12,0,294,NA,JH_Lup_arg_LERB_24-Air5_7122025_12.qgd,NA,Heiling,C:/GCMSsolution/Data/Project1/Campbell RMBL Data/Lupinus argenteus/JH_Lup_arg_LERB_24-Air5_7122025_12.qgd,397830e1-f0b9-4558-8a76-b4e4f7b82cc7,1,2281,840933728,FALSE,FALSE,FALSE,7
NA,NA,2025-07-07T19:18:26Z,2025-07-07T19:18:26Z,NA NA,NA,NA,2,2,NA,NA,NA,JH_Lup_arg_BVB_24-19_772025_02.qgd,NA,Heiling,C:/GCMSsolution/Data/Project1/Campbell RMBL Data/Lupinus argenteus/JH_Lup_arg_BVB_24-19_772025_02.qgd,NA,NA,NA,588869372,FALSE,FALSE,FALSE,7
NA,NA,2025-07-07T22:59:13Z,2025-07-07T22:59:13Z,NA NA,NA,NA,8,8,NA,NA,NA,JH_Lup_arg_BVB_24-5_772025_08.qgd,NA,Heiling,C:/GCMSsolution/Data/Project1/Campbell RMBL Data/Lupinus argenteus/JH_Lup_arg_BVB_24-5_772025_08.qgd,NA,NA,NA,833744994,FALSE,FALSE,FALSE,7
NA,NA,2025-07-09T18:29:14Z,2025-07-09T18:29:14Z,NA NA,NA,NA,5,5,NA,NA,NA,JH_Lup_arg_BVB_24-Air2_792025_05.qgd,NA,Heiling,C:/GCMSsolution/Data/Project1/Campbell RMBL Data/Lupinus argenteus/JH_Lup_arg_BVB_24-Air2_792025_05.qgd,NA,NA,NA,325884966,FALSE,FALSE,FALSE,4
NA,NA,2025-07-10T12:10:21Z,2025-07-10T12:10:21Z,NA NA,NA,NA,27,27,NA,NA,NA,DC_trapblank_196_25_792025_27.qgd,NA,NA,C:/GCMSsolution/Data/Project1/Campbell RMBL Data/Lupinus argenteus/DC_trapblank_196_25_792025_27.qgd,NA,NA,NA,270684307,FALSE,FALSE,FALSE,4
NA,NA,2025-07-11T04:59:26Z,2025-07-11T04:59:26Z,NA NA,NA,NA,11,11,NA,NA,NA,JH_Lup_arg_CIN23_24-Air2_7102025_11.qgd,NA,Heiling,C:/GCMSsolution/Data/Project1/Campbell RMBL Data/Lupinus argenteus/JH_Lup_arg_CIN23_24-Air2_7102025_11.qgd,NA,NA,NA,67647813,FALSE,TRUE,TRUE,2
