index,sample,batch,type,sample_grid,species,pop,sample_year,plant,rundate,GCn,scented,sequence.start,Desorb.Start.Time,CreationTime,eithertime,status,Tube,markes_n,GC_n,either_n,markes_GC,create_desorb,verdict,user,FullName,id,fuzzy_n,desorb.Start.diff,rowSum,nameBlank,Mixup,kBlank,Cluster,elev_rank,population,lat,lon,elev,year_added,month_added,note,Total
10268,4011_08282019.qgd,NA,floral,NA,NA,401,19,1,8282019,NA,0,2019-08-28T22:00:39Z,2019-08-29T13:19:57Z,2019-08-29T13:25:07Z,2019-08-29T13:19:57Z,Desorbed NA,15,15,NA,15,NA,310,NA,NA,C:/GCMSsolution/Data/Project1/Campbell RMBL Data/Lupinus argenteus/4011_08282019.qgd,9be50aa8-4f31-45cb-ad34-b18d82cc8bb7,1,2129,273906487,FALSE,TRUE,TRUE,6,11,401,39.00822,-107.02701,3338,2019,8,NA,115.13840498682788
10269,4012_08282019.qgd,NA,floral,NA,NA,401,19,2,8282019,NA,0,2019-08-28T22:00:39Z,2019-08-29T13:55:34Z,2019-08-29T14:00:55Z,2019-08-29T13:55:34Z,Desorbed NA,16,16,NA,16,NA,321,NA,NA,C:/GCMSsolution/Data/Project1/Campbell RMBL Data/Lupinus argenteus/4012_08282019.qgd,9be50aa8-4f31-45cb-ad34-b18d82cc8bb7,1,2137,252825341,FALSE,TRUE,TRUE,6,11,401,39.00822,-107.02701,3338,2019,8,NA,116.5834208352163
10270,4013_08282019.qgd,NA,floral,NA,NA,401,19,3,8282019,NA,0,2019-08-28T22:00:39Z,2019-08-29T14:31:20Z,2019-08-29T14:36:29Z,2019-08-29T14:31:20Z,Desorbed NA,17,17,NA,17,NA,309,NA,NA,C:/GCMSsolution/Data/Project1/Campbell RMBL Data/Lupinus argenteus/4013_08282019.qgd,9be50aa8-4f31-45cb-ad34-b18d82cc8bb7,1,2146,275938563,FALSE,TRUE,TRUE,6,11,401,39.00822,-107.02701,3338,2019,8,NA,229.73970976644867
10271,4014_08282019.qgd,NA,floral,NA,NA,401,19,4,8282019,NA,1,2019-08-28T22:00:39Z,2019-08-29T15:06:49Z,2019-08-29T15:12:04Z,2019-08-29T15:06:49Z,Desorbed NA,18,18,NA,18,NA,315,NA,NA,C:/GCMSsolution/Data/Project1/Campbell RMBL Data/Lupinus argenteus/4014_08282019.qgd,9be50aa8-4f31-45cb-ad34-b18d82cc8bb7,1,2129,279498344,FALSE,TRUE,TRUE,6,11,401,39.00822,-107.02701,3338,2019,8,NA,72.9760814716988
10272,4015_08282019.qgd,NA,floral,NA,NA,401,19,5,8282019,NA,0,2019-08-28T22:00:39Z,2019-08-29T15:42:40Z,2019-08-29T15:48:00Z,2019-08-29T15:42:40Z,Desorbed NA,19,19,NA,19,NA,320,NA,NA,C:/GCMSsolution/Data/Project1/Campbell RMBL Data/Lupinus argenteus/4015_08282019.qgd,9be50aa8-4f31-45cb-ad34-b18d82cc8bb7,1,2151,280436413,FALSE,TRUE,TRUE,6,11,401,39.00822,-107.02701,3338,2019,8,NA,116.84384604821675
10273,4016_08282019.qgd,NA,floral,NA,NA,401,19,6,8282019,NA,1,2019-08-28T22:00:39Z,2019-08-29T16:18:31Z,2019-08-29T16:23:48Z,2019-08-29T16:18:31Z,Desorbed NA,20,20,NA,20,NA,317,NA,NA,C:/GCMSsolution/Data/Project1/Campbell RMBL Data/Lupinus argenteus/4016_08282019.qgd,9be50aa8-4f31-45cb-ad34-b18d82cc8bb7,1,2151,261172480,FALSE,TRUE,TRUE,6,11,401,39.00822,-107.02701,3338,2019,8,NA,29.881011921782928
10275,4017_08292019am.qgd,NA,floral,NA,NA,401,19,7,8292019,NA,1,2019-08-29T10:24:18Z,2019-08-29T17:59:37Z,2019-08-29T18:04:56Z,2019-08-29T17:59:37Z,Desorbed NA,2,2,NA,2,NA,319,NA,NA,C:/GCMSsolution/Data/Project1/Campbell RMBL Data/Lupinus argenteus/4017_08292019am.qgd,22389d36-133d-4a55-920c-4596e17eee76,1,1826,242269649,FALSE,TRUE,TRUE,6,11,401,39.00822,-107.02701,3338,2019,8,NA,35.027155472541956
10318,bcn1_08302019am.qgd,NA,floral,NA,NA,bcn,19,1,8302019,NA,1,2019-08-30T11:17:10Z,2019-08-30T20:42:20Z,2019-08-30T20:47:37Z,2019-08-30T20:42:20Z,Desorbed NA,5,5,NA,5,NA,317,NA,NA,C:/GCMSsolution/Data/Project1/Campbell RMBL Data/Lupinus argenteus/bcn1_08302019am.qgd,4087e644-ad58-45df-88e4-b4d30f9b2cce,1,2202,420456762,FALSE,TRUE,TRUE,6,14,Bellview Corner,39.01218,-107.035,3433,2019,8,NA,1016.8435600665034
10319,bcn2_08302019am.qgd,NA,floral,NA,NA,bcn,19,2,8302019,NA,1,2019-08-30T11:17:10Z,2019-08-30T21:19:25Z,2019-08-30T21:24:45Z,2019-08-30T21:19:25Z,Desorbed NA,6,6,NA,6,NA,320,NA,NA,C:/GCMSsolution/Data/Project1/Campbell RMBL Data/Lupinus argenteus/bcn2_08302019am.qgd,4087e644-ad58-45df-88e4-b4d30f9b2cce,1,2225,382512685,FALSE,TRUE,TRUE,6,14,Bellview Corner,39.01218,-107.035,3433,2019,8,NA,973.3643280179438
10320,bcn3_08302019am.qgd,NA,floral,NA,NA,bcn,19,3,8302019,NA,0,2019-08-30T11:17:10Z,2019-08-30T21:55:56Z,2019-08-30T22:01:07Z,2019-08-30T21:55:56Z,Desorbed NA,7,7,NA,7,NA,311,NA,NA,C:/GCMSsolution/Data/Project1/Campbell RMBL Data/Lupinus argenteus/bcn3_08302019am.qgd,4087e644-ad58-45df-88e4-b4d30f9b2cce,1,2191,297340857,FALSE,TRUE,TRUE,6,14,Bellview Corner,39.01218,-107.035,3433,2019,8,NA,79.47228199662928
10321,bcn4_08302019am.qgd,NA,floral,NA,NA,bcn,19,4,8302019,NA,1,2019-08-30T11:17:10Z,2019-08-30T22:33:05Z,2019-08-30T22:38:24Z,2019-08-30T22:33:05Z,Desorbed NA,8,8,NA,8,NA,319,NA,NA,C:/GCMSsolution/Data/Project1/Campbell RMBL Data/Lupinus argenteus/bcn4_08302019am.qgd,4087e644-ad58-45df-88e4-b4d30f9b2cce,1,2229,292909505,FALSE,TRUE,TRUE,6,14,Bellview Corner,39.01218,-107.035,3433,2019,8,NA,82.77467352419042
10227,BellNFlr27Aug18_08202018.qgd,NA,floral,NA,NA,BellN,18,27,8202018,NA,1,2018-08-20T08:33:56Z,2018-08-21T01:58:55Z,2018-08-21T02:08:58Z,2018-08-21T01:58:55Z,Desorbed NA,18,18,NA,18,NA,603,NA,NA,C:/GCMSsolution/Data/Project1/Campbell RMBL Data/Lupinus argenteus/BellNFlr27Aug18_08202018.qgd,d411aaf6-db84-426d-a90c-107814d8bc4a,1,2241,70567854,FALSE,TRUE,TRUE,2,8,Bellview Bench,39.00648,-107.02795,3200,2018,8,"north draw above BVB in 2018, merge with BVB",204.45608577635656
10226,BellNFlr29Aug18_08202018.qgd,NA,floral,NA,NA,BellN,18,29,8202018,NA,0,2018-08-20T08:33:56Z,2018-08-21T01:21:34Z,2018-08-21T01:31:41Z,2018-08-21T01:21:34Z,Desorbed NA,17,17,NA,17,NA,607,NA,NA,C:/GCMSsolution/Data/Project1/Campbell RMBL Data/Lupinus argenteus/BellNFlr29Aug18_08202018.qgd,d411aaf6-db84-426d-a90c-107814d8bc4a,1,2244,74297839,FALSE,TRUE,TRUE,2,8,Bellview Bench,39.00648,-107.02795,3200,2018,8,"north draw above BVB in 2018, merge with BVB",44.84333667881284
10216,BellNFlr30Aug16_08202018.qgd,NA,floral,NA,NA,BellN,18,30,8202018,NA,1,2018-08-20T08:33:56Z,2018-08-20T19:09:16Z,2018-08-20T19:19:19Z,2018-08-20T19:09:16Z,Desorbed NA,7,7,NA,7,NA,603,NA,NA,C:/GCMSsolution/Data/Project1/Campbell RMBL Data/Lupinus argenteus/BellNFlr30Aug16_08202018.qgd,d411aaf6-db84-426d-a90c-107814d8bc4a,1,2189,120118764,FALSE,TRUE,TRUE,2,8,Bellview Bench,39.00648,-107.02795,3200,2018,8,"north draw above BVB in 2018, merge with BVB",324.7765547384657
10218,BellNFlr31Aug16_08202018.qgd,NA,floral,NA,NA,BellN,18,31,8202018,NA,1,2018-08-20T08:33:56Z,2018-08-20T20:23:09Z,2018-08-20T20:33:12Z,2018-08-20T20:23:09Z,Desorbed NA,9,9,NA,9,NA,603,NA,NA,C:/GCMSsolution/Data/Project1/Campbell RMBL Data/Lupinus argenteus/BellNFlr31Aug16_08202018.qgd,d411aaf6-db84-426d-a90c-107814d8bc4a,1,2226,43371296,FALSE,TRUE,TRUE,2,8,Bellview Bench,39.00648,-107.02795,3200,2018,8,"north draw above BVB in 2018, merge with BVB",43.47088931723938
10223,BellNFlr32Aug16_08202018.qgd,NA,floral,NA,NA,BellN,18,32,8202018,NA,0,2018-08-20T08:33:56Z,2018-08-20T23:28:59Z,2018-08-20T23:39:02Z,2018-08-20T23:28:59Z,Desorbed NA,14,14,NA,14,NA,603,NA,NA,C:/GCMSsolution/Data/Project1/Campbell RMBL Data/Lupinus argenteus/BellNFlr32Aug16_08202018.qgd,d411aaf6-db84-426d-a90c-107814d8bc4a,1,2254,134085336,FALSE,TRUE,TRUE,2,8,Bellview Bench,39.00648,-107.02795,3200,2018,8,"north draw above BVB in 2018, merge with BVB",171.6648736932918
10220,BellNFlr33Aug16_08202018.qgd,NA,floral,NA,NA,BellN,18,33,8202018,NA,0,2018-08-20T08:33:56Z,2018-08-20T21:38:04Z,2018-08-20T21:47:05Z,2018-08-20T21:38:04Z,Desorbed NA,11,11,NA,11,NA,541,NA,NA,C:/GCMSsolution/Data/Project1/Campbell RMBL Data/Lupinus argenteus/BellNFlr33Aug16_08202018.qgd,d411aaf6-db84-426d-a90c-107814d8bc4a,1,2251,71407237,FALSE,TRUE,TRUE,2,8,Bellview Bench,39.00648,-107.02795,3200,2018,8,"north draw above BVB in 2018, merge with BVB",77.66709748857441
10219,BellNFlr34Aug16_08202018.qgd,NA,floral,NA,NA,BellN,18,34,8202018,NA,0,2018-08-20T08:33:56Z,2018-08-20T21:00:33Z,2018-08-20T21:10:26Z,2018-08-20T21:00:33Z,Desorbed NA,10,10,NA,10,NA,593,NA,NA,C:/GCMSsolution/Data/Project1/Campbell RMBL Data/Lupinus argenteus/BellNFlr34Aug16_08202018.qgd,d411aaf6-db84-426d-a90c-107814d8bc4a,1,2244,62908427,FALSE,TRUE,TRUE,2,8,Bellview Bench,39.00648,-107.02795,3200,2018,8,"north draw above BVB in 2018, merge with BVB",32.558084884762444
10215,BellNFlr35Aug16_08202018.qgd,NA,floral,NA,NA,BellN,18,35,8202018,NA,1,2018-08-20T08:33:56Z,2018-08-20T18:32:47Z,2018-08-20T18:42:53Z,2018-08-20T18:32:47Z,Desorbed NA,6,6,NA,6,NA,606,NA,NA,C:/GCMSsolution/Data/Project1/Campbell RMBL Data/Lupinus argenteus/BellNFlr35Aug16_08202018.qgd,d411aaf6-db84-426d-a90c-107814d8bc4a,1,2167,109308775,FALSE,TRUE,TRUE,2,8,Bellview Bench,39.00648,-107.02795,3200,2018,8,"north draw above BVB in 2018, merge with BVB",832.5076231544501
10217,BellNFlr38Aug16_08202018.qgd,NA,floral,NA,NA,BellN,18,38,8202018,NA,0,2018-08-20T08:33:56Z,2018-08-20T19:46:03Z,2018-08-20T19:56:07Z,2018-08-20T19:46:03Z,Desorbed NA,8,8,NA,8,NA,604,NA,NA,C:/GCMSsolution/Data/Project1/Campbell RMBL Data/Lupinus argenteus/BellNFlr38Aug16_08202018.qgd,d411aaf6-db84-426d-a90c-107814d8bc4a,1,2207,91163699,FALSE,TRUE,TRUE,2,8,Bellview Bench,39.00648,-107.02795,3200,2018,8,"north draw above BVB in 2018, merge with BVB",112.02251272421032
10222,BellNFlr39Aug16_08202018.qgd,NA,floral,NA,NA,BellN,18,39,8202018,NA,0,2018-08-20T08:33:56Z,2018-08-20T22:51:25Z,2018-08-20T23:01:27Z,2018-08-20T22:51:25Z,Desorbed NA,13,13,NA,13,NA,602,NA,NA,C:/GCMSsolution/Data/Project1/Campbell RMBL Data/Lupinus argenteus/BellNFlr39Aug16_08202018.qgd,d411aaf6-db84-426d-a90c-107814d8bc4a,1,2238,71181434,FALSE,TRUE,TRUE,2,8,Bellview Bench,39.00648,-107.02795,3200,2018,8,"north draw above BVB in 2018, merge with BVB",111.62475494001025
10214,BellNFlr40Aug16_08202018.qgd,NA,floral,NA,NA,BellN,18,40,8202018,NA,1,2018-08-20T08:33:56Z,2018-08-20T17:56:40Z,2018-08-20T18:06:44Z,2018-08-20T17:56:40Z,Desorbed NA,5,5,NA,5,NA,604,NA,NA,C:/GCMSsolution/Data/Project1/Campbell RMBL Data/Lupinus argenteus/BellNFlr40Aug16_08202018.qgd,d411aaf6-db84-426d-a90c-107814d8bc4a,1,2154,83207532,FALSE,TRUE,TRUE,2,8,Bellview Bench,39.00648,-107.02795,3200,2018,8,"north draw above BVB in 2018, merge with BVB",95.52147761742017
10221,BellNFlr42Aug16_08202018.qgd,NA,floral,NA,NA,BellN,18,42,8202018,NA,0,2018-08-20T08:33:56Z,2018-08-20T22:14:07Z,2018-08-20T22:24:10Z,2018-08-20T22:14:07Z,Desorbed NA,12,12,NA,12,NA,603,NA,NA,C:/GCMSsolution/Data/Project1/Campbell RMBL Data/Lupinus argenteus/BellNFlr42Aug16_08202018.qgd,d411aaf6-db84-426d-a90c-107814d8bc4a,1,2163,60811245,FALSE,TRUE,TRUE,2,8,Bellview Bench,39.00648,-107.02795,3200,2018,8,"north draw above BVB in 2018, merge with BVB",65.89051698487296
10228,BellNFlr44Aug18_08202018.qgd,NA,floral,NA,NA,BellN,18,44,8202018,NA,1,2018-08-20T08:33:56Z,2018-08-21T02:36:02Z,2018-08-21T02:45:58Z,2018-08-21T02:36:02Z,Desorbed NA,19,19,NA,19,NA,596,NA,NA,C:/GCMSsolution/Data/Project1/Campbell RMBL Data/Lupinus argenteus/BellNFlr44Aug18_08202018.qgd,d411aaf6-db84-426d-a90c-107814d8bc4a,1,2227,100185167,FALSE,TRUE,TRUE,2,8,Bellview Bench,39.00648,-107.02795,3200,2018,8,"north draw above BVB in 2018, merge with BVB",73.05936674024827
10230,BellNFlr45Aug18retry_08212018.qgd,NA,floral,NA,NA,BellN,18,45,8212018,NA,0,2018-08-21T16:05:06Z,2018-08-21T23:39:15Z,2018-08-21T23:49:24Z,2018-08-21T23:39:15Z,Desorbed NA,2,2,NA,2,NA,609,NA,NA,C:/GCMSsolution/Data/Project1/Campbell RMBL Data/Lupinus argenteus/BellNFlr45Aug18retry_08212018.qgd,2e43b46b-71c5-4665-8059-da737c3a4a10,1,1825,118894078,FALSE,TRUE,TRUE,2,8,Bellview Bench,39.00648,-107.02795,3200,2018,8,"north draw above BVB in 2018, merge with BVB",192.93678128379017
10231,BellNFlr46Aug18_08212018.qgd,NA,floral,NA,NA,BellN,18,46,8212018,NA,0,2018-08-21T16:05:06Z,2018-08-22T00:15:17Z,2018-08-22T00:25:28Z,2018-08-22T00:15:17Z,Desorbed NA,3,3,NA,3,NA,611,NA,NA,C:/GCMSsolution/Data/Project1/Campbell RMBL Data/Lupinus argenteus/BellNFlr46Aug18_08212018.qgd,2e43b46b-71c5-4665-8059-da737c3a4a10,1,2162,90780177,FALSE,TRUE,TRUE,2,8,Bellview Bench,39.00648,-107.02795,3200,2018,8,"north draw above BVB in 2018, merge with BVB",37.31295112244605
10232,BellNFlr48Aug18_08212018.qgd,NA,floral,NA,NA,BellN,18,48,8212018,NA,1,2018-08-21T16:05:06Z,2018-08-22T00:51:25Z,2018-08-22T01:01:27Z,2018-08-22T00:51:25Z,Desorbed NA,4,4,NA,4,NA,602,NA,NA,C:/GCMSsolution/Data/Project1/Campbell RMBL Data/Lupinus argenteus/BellNFlr48Aug18_08212018.qgd,2e43b46b-71c5-4665-8059-da737c3a4a10,1,2168,86904735,FALSE,TRUE,TRUE,2,8,Bellview Bench,39.00648,-107.02795,3200,2018,8,"north draw above BVB in 2018, merge with BVB",41.290274343122036
10251,BVB1_08282019.qgd,NA,floral,NA,NA,bvb,19,2,8282019,NA,1,2019-08-28T15:36:06Z,2019-08-29T01:41:26Z,2019-08-29T01:46:45Z,2019-08-29T01:41:26Z,Desorbed NA,17,6,NA,6,NA,319,NA,NA,C:/GCMSsolution/Data/Project1/Campbell RMBL Data/Lupinus argenteus/BVB1_08282019.qgd,ebaecfe7-7059-4c39-bc8f-785c21c6bbde,1,2239,278598109,FALSE,TRUE,TRUE,6,8,Bellview Bench,39.00648,-107.02795,3200,2018,8,NA,16.449244424597385
10252,BVB2_08282019.qgd,NA,floral,NA,NA,bvb,19,3,8282019,NA,0,2019-08-28T15:36:06Z,2019-08-29T02:18:32Z,2019-08-29T02:23:38Z,2019-08-29T02:18:32Z,Desorbed NA,18,7,NA,7,NA,306,NA,NA,C:/GCMSsolution/Data/Project1/Campbell RMBL Data/Lupinus argenteus/BVB2_08282019.qgd,ebaecfe7-7059-4c39-bc8f-785c21c6bbde,1,2226,302591926,FALSE,TRUE,TRUE,6,8,Bellview Bench,39.00648,-107.02795,3200,2018,8,NA,109.84697572533281
10253,BVB3_08282019.qgd,NA,floral,NA,NA,bvb,19,4,8282019,NA,1,2019-08-28T15:36:06Z,2019-08-29T02:54:57Z,2019-08-29T03:00:13Z,2019-08-29T02:54:57Z,Desorbed NA,19,8,NA,8,NA,316,NA,NA,C:/GCMSsolution/Data/Project1/Campbell RMBL Data/Lupinus argenteus/BVB3_08282019.qgd,ebaecfe7-7059-4c39-bc8f-785c21c6bbde,1,2185,258804306,FALSE,TRUE,TRUE,6,8,Bellview Bench,39.00648,-107.02795,3200,2018,8,NA,11.840976445482701
10302,bwb1_08292019pm.qgd,NA,floral,NA,NA,bwb,19,1,8292019,NA,1,2019-08-29T23:07:09Z,2019-08-30T10:51:20Z,2019-08-30T10:56:28Z,2019-08-30T10:51:20Z,Desorbed NA,9,9,NA,9,NA,308,NA,NA,C:/GCMSsolution/Data/Project1/Campbell RMBL Data/Lupinus argenteus/bwb1_08292019pm.qgd,39685a14-1ca8-4d9e-a820-ef733a36fc62,1,2133,291514775,FALSE,TRUE,TRUE,6,15,Bellview Wilderness Boundary,39.01529,-107.03471,3477,2019,8,NA,345.19585340510787
10303,bwb2_08292019pm.qgd,NA,floral,NA,NA,bwb,19,2,8292019,NA,0,2019-08-29T23:07:09Z,2019-08-30T11:26:49Z,2019-08-30T11:32:08Z,2019-08-30T11:26:49Z,Desorbed NA,10,10,NA,10,NA,319,NA,NA,C:/GCMSsolution/Data/Project1/Campbell RMBL Data/Lupinus argenteus/bwb2_08292019pm.qgd,39685a14-1ca8-4d9e-a820-ef733a36fc62,1,2129,304321883,FALSE,TRUE,TRUE,6,15,Bellview Wilderness Boundary,39.01529,-107.03471,3477,2019,8,NA,626.6205924706293
10304,bwb3_08292019pm.qgd,NA,floral,NA,NA,bwb,19,3,8292019,NA,1,2019-08-29T23:07:09Z,2019-08-30T12:03:21Z,2019-08-30T12:07:39Z,2019-08-30T12:03:21Z,Desorbed NA,11,11,NA,11,NA,258,NA,NA,C:/GCMSsolution/Data/Project1/Campbell RMBL Data/Lupinus argenteus/bwb3_08292019pm.qgd,39685a14-1ca8-4d9e-a820-ef733a36fc62,1,2192,239426444,FALSE,TRUE,TRUE,6,15,Bellview Wilderness Boundary,39.01529,-107.03471,3477,2019,8,NA,100.19807451441606
10305,bwb4_08292019pm.qgd,NA,floral,NA,NA,bwb,19,4,8292019,NA,1,2019-08-29T23:07:09Z,2019-08-30T12:37:46Z,2019-08-30T12:43:06Z,2019-08-30T12:37:46Z,Desorbed NA,12,12,NA,12,NA,320,NA,NA,C:/GCMSsolution/Data/Project1/Campbell RMBL Data/Lupinus argenteus/bwb4_08292019pm.qgd,39685a14-1ca8-4d9e-a820-ef733a36fc62,1,2065,318845035,FALSE,TRUE,TRUE,6,15,Bellview Wilderness Boundary,39.01529,-107.03471,3477,2019,8,NA,442.93882105689437
10306,bwb5_08292019pm.qgd,NA,floral,NA,NA,bwb,19,5,8292019,NA,0,2019-08-29T23:07:09Z,2019-08-30T13:13:21Z,2019-08-30T13:18:41Z,2019-08-30T13:13:21Z,Desorbed NA,13,13,NA,13,NA,320,NA,NA,C:/GCMSsolution/Data/Project1/Campbell RMBL Data/Lupinus argenteus/bwb5_08292019pm.qgd,39685a14-1ca8-4d9e-a820-ef733a36fc62,1,2135,330860206,FALSE,TRUE,TRUE,6,15,Bellview Wilderness Boundary,39.01529,-107.03471,3477,2019,8,NA,395.9539422681816
10307,bwb6_08292019pm.qgd,NA,floral,NA,NA,bwb,19,6,8292019,NA,1,2019-08-29T23:07:09Z,2019-08-30T13:48:47Z,2019-08-30T13:53:54Z,2019-08-30T13:48:47Z,Desorbed NA,14,14,NA,14,NA,307,NA,NA,C:/GCMSsolution/Data/Project1/Campbell RMBL Data/Lupinus argenteus/bwb6_08292019pm.qgd,39685a14-1ca8-4d9e-a820-ef733a36fc62,1,2126,297309929,FALSE,TRUE,TRUE,6,15,Bellview Wilderness Boundary,39.01529,-107.03471,3477,2019,8,NA,225.71322482730477
10308,bwb7_08292019pm.qgd,NA,floral,NA,NA,bwb,19,7,8292019,NA,1,2019-08-29T23:07:09Z,2019-08-30T14:24:11Z,2019-08-30T14:29:30Z,2019-08-30T14:24:11Z,Desorbed NA,15,15,NA,15,NA,319,NA,NA,C:/GCMSsolution/Data/Project1/Campbell RMBL Data/Lupinus argenteus/bwb7_08292019pm.qgd,39685a14-1ca8-4d9e-a820-ef733a36fc62,1,2124,263156477,FALSE,TRUE,TRUE,6,15,Bellview Wilderness Boundary,39.01529,-107.03471,3477,2019,8,NA,213.78301163086257
10309,bwb8_08292019pm.qgd,NA,floral,NA,NA,bwb,19,8,8292019,NA,1,2019-08-29T23:07:09Z,2019-08-30T15:00:00Z,2019-08-30T15:05:27Z,2019-08-30T15:00:00Z,Desorbed NA,16,16,NA,16,NA,327,NA,NA,C:/GCMSsolution/Data/Project1/Campbell RMBL Data/Lupinus argenteus/bwb8_08292019pm.qgd,39685a14-1ca8-4d9e-a820-ef733a36fc62,1,2149,302370518,FALSE,TRUE,TRUE,6,15,Bellview Wilderness Boundary,39.01529,-107.03471,3477,2019,8,NA,1000.4656035037023
10310,bwb9_08292019pm.qgd,NA,floral,NA,NA,bwb,19,9,8292019,NA,1,2019-08-29T23:07:09Z,2019-08-30T15:35:54Z,2019-08-30T15:41:11Z,2019-08-30T15:35:54Z,Desorbed NA,17,17,NA,17,NA,317,NA,NA,C:/GCMSsolution/Data/Project1/Campbell RMBL Data/Lupinus argenteus/bwb9_08292019pm.qgd,39685a14-1ca8-4d9e-a820-ef733a36fc62,1,2154,396153179,FALSE,TRUE,TRUE,6,15,Bellview Wilderness Boundary,39.01529,-107.03471,3477,2019,8,NA,1278.0778300695117
10339,cm2forreal_08312019.qgd,NA,floral,NA,NA,cmn,19,2,8312019,NA,1,2019-08-31T08:31:12Z,2019-08-31T21:35:31Z,2019-08-31T21:40:00Z,2019-08-31T21:35:31Z,Desorbed NA,11,11,NA,11,NA,269,NA,NA,C:/GCMSsolution/Data/Project1/Campbell RMBL Data/Lupinus argenteus/cm2forreal_08312019.qgd,956d32ba-d748-44eb-bfca-5ea55c32f10b,1,2251,308491685,FALSE,TRUE,TRUE,6,17,Cinnamon,38.99747,-107.06794,3660,2019,8,NA,125.34941139639784
10323,cmn1_08302019am.qgd,NA,floral,NA,NA,cmn,19,1,8302019,NA,1,2019-08-30T11:17:10Z,2019-08-30T23:46:27Z,2019-08-30T23:51:47Z,2019-08-30T23:46:27Z,Desorbed NA,10,10,NA,10,NA,320,NA,NA,C:/GCMSsolution/Data/Project1/Campbell RMBL Data/Lupinus argenteus/cmn1_08302019am.qgd,4087e644-ad58-45df-88e4-b4d30f9b2cce,1,2207,388759760,FALSE,TRUE,TRUE,6,17,Cinnamon,38.99747,-107.06794,3660,2019,8,NA,221.56663292229214
10324,cmn2reallycm3_08302019am.qgd,NA,floral,NA,NA,cmn,19,3,8302019,NA,1,2019-08-30T11:17:10Z,2019-08-31T00:24:09Z,2019-08-31T00:28:31Z,2019-08-31T00:24:09Z,Desorbed NA,12,12,NA,12,NA,262,NA,NA,C:/GCMSsolution/Data/Project1/Campbell RMBL Data/Lupinus argenteus/cmn2reallycm3_08302019am.qgd,4087e644-ad58-45df-88e4-b4d30f9b2cce,1,NA,292173746,FALSE,TRUE,TRUE,6,17,Cinnamon,38.99747,-107.06794,3660,2019,8,NA,62.28720261454132
10325,cmn3reallycm4_08302019am.qgd,NA,floral,NA,NA,cmn,19,4,8302019,NA,1,2019-08-30T11:17:10Z,2019-08-31T01:00:06Z,2019-08-31T01:05:26Z,2019-08-31T01:00:06Z,Desorbed NA,13,13,NA,13,NA,320,NA,NA,C:/GCMSsolution/Data/Project1/Campbell RMBL Data/Lupinus argenteus/cmn3reallycm4_08302019am.qgd,4087e644-ad58-45df-88e4-b4d30f9b2cce,1,2157,318931199,FALSE,TRUE,TRUE,6,17,Cinnamon,38.99747,-107.06794,3660,2019,8,NA,108.35433039996487
10326,cmn4reallycm5_08302019am.qgd,NA,floral,NA,NA,cmn,19,5,8302019,NA,1,2019-08-30T11:17:10Z,2019-08-31T01:36:42Z,2019-08-31T01:42:01Z,2019-08-31T01:36:42Z,Desorbed NA,14,14,NA,14,NA,319,NA,NA,C:/GCMSsolution/Data/Project1/Campbell RMBL Data/Lupinus argenteus/cmn4reallycm5_08302019am.qgd,4087e644-ad58-45df-88e4-b4d30f9b2cce,1,2196,347811248,FALSE,TRUE,TRUE,6,17,Cinnamon,38.99747,-107.06794,3660,2019,8,NA,414.4772103726345
10327,cmn5reallycm6_08302019am.qgd,NA,floral,NA,NA,cmn,19,6,8302019,NA,1,2019-08-30T11:17:10Z,2019-08-31T02:13:13Z,2019-08-31T02:18:30Z,2019-08-31T02:13:13Z,Desorbed NA,15,15,NA,15,NA,317,NA,NA,C:/GCMSsolution/Data/Project1/Campbell RMBL Data/Lupinus argenteus/cmn5reallycm6_08302019am.qgd,4087e644-ad58-45df-88e4-b4d30f9b2cce,1,2191,299027371,FALSE,TRUE,TRUE,6,17,Cinnamon,38.99747,-107.06794,3660,2019,8,NA,153.8312328995465
10328,cmn6reallycm7_08302019am.qgd,NA,floral,NA,NA,cmn,19,7,8302019,NA,1,2019-08-30T11:17:10Z,2019-08-31T02:50:15Z,2019-08-31T02:55:35Z,2019-08-31T02:50:15Z,Desorbed NA,16,16,NA,16,NA,320,NA,NA,C:/GCMSsolution/Data/Project1/Campbell RMBL Data/Lupinus argenteus/cmn6reallycm7_08302019am.qgd,4087e644-ad58-45df-88e4-b4d30f9b2cce,1,2222,377541148,FALSE,TRUE,TRUE,6,17,Cinnamon,38.99747,-107.06794,3660,2019,8,NA,565.4754891842075
10281,elk1_08292019am.qgd,NA,floral,NA,NA,elk,19,1,8292019,NA,1,2019-08-29T10:24:18Z,2019-08-29T21:40:31Z,2019-08-29T21:45:53Z,2019-08-29T21:40:31Z,Desorbed NA,8,8,NA,8,NA,322,NA,NA,C:/GCMSsolution/Data/Project1/Campbell RMBL Data/Lupinus argenteus/elk1_08292019am.qgd,22389d36-133d-4a55-920c-4596e17eee76,1,2221,344627752,FALSE,TRUE,TRUE,6,10,Elko Park,39.00726,-107.05486,3294,2019,8,NA,1127.1949175935808
10282,elk2_08292019am.qgd,NA,floral,NA,NA,elk,19,2,8292019,NA,1,2019-08-29T10:24:18Z,2019-08-29T22:17:45Z,2019-08-29T22:23:01Z,2019-08-29T22:17:45Z,Desorbed NA,9,9,NA,9,NA,316,NA,NA,C:/GCMSsolution/Data/Project1/Campbell RMBL Data/Lupinus argenteus/elk2_08292019am.qgd,22389d36-133d-4a55-920c-4596e17eee76,1,2234,364614092,FALSE,TRUE,TRUE,6,10,Elko Park,39.00726,-107.05486,3294,2019,8,NA,844.1223233601709
10283,elk3_08292019am.qgd,NA,floral,NA,NA,elk,19,3,8292019,NA,1,2019-08-29T10:24:18Z,2019-08-29T22:54:46Z,2019-08-29T23:00:05Z,2019-08-29T22:54:46Z,Desorbed NA,10,10,NA,10,NA,319,NA,NA,C:/GCMSsolution/Data/Project1/Campbell RMBL Data/Lupinus argenteus/elk3_08292019am.qgd,22389d36-133d-4a55-920c-4596e17eee76,1,2221,360728168,FALSE,TRUE,TRUE,6,10,Elko Park,39.00726,-107.05486,3294,2019,8,NA,994.8080267808401
10284,elk4_08292019am.qgd,NA,floral,NA,NA,elk,19,4,8292019,NA,1,2019-08-29T10:24:18Z,2019-08-29T23:32:48Z,2019-08-29T23:37:09Z,2019-08-29T23:32:48Z,Desorbed NA,11,11,NA,11,NA,261,NA,NA,C:/GCMSsolution/Data/Project1/Campbell RMBL Data/Lupinus argenteus/elk4_08292019am.qgd,22389d36-133d-4a55-920c-4596e17eee76,1,2282,280936885,FALSE,TRUE,TRUE,6,10,Elko Park,39.00726,-107.05486,3294,2019,8,NA,235.22901488067495
10285,elk5_08292019am.qgd,NA,floral,NA,NA,elk,19,5,8292019,NA,1,2019-08-29T10:24:18Z,2019-08-30T00:08:16Z,2019-08-30T00:13:32Z,2019-08-30T00:08:16Z,Desorbed NA,12,12,NA,12,NA,316,NA,NA,C:/GCMSsolution/Data/Project1/Campbell RMBL Data/Lupinus argenteus/elk5_08292019am.qgd,22389d36-133d-4a55-920c-4596e17eee76,1,2128,312660729,FALSE,TRUE,TRUE,6,10,Elko Park,39.00726,-107.05486,3294,2019,8,NA,223.48521580899296
10286,elk6_08292019am.qgd,NA,floral,NA,NA,elk,19,6,8292019,NA,1,2019-08-29T10:24:18Z,2019-08-30T00:44:46Z,2019-08-30T00:50:06Z,2019-08-30T00:44:46Z,Desorbed NA,13,13,NA,13,NA,320,NA,NA,C:/GCMSsolution/Data/Project1/Campbell RMBL Data/Lupinus argenteus/elk6_08292019am.qgd,22389d36-133d-4a55-920c-4596e17eee76,1,2190,351267026,FALSE,TRUE,TRUE,6,10,Elko Park,39.00726,-107.05486,3294,2019,8,NA,333.38312676349665
10287,elk7_08292019am.qgd,NA,floral,NA,NA,elk,19,7,8292019,NA,1,2019-08-29T10:24:18Z,2019-08-30T01:22:09Z,2019-08-30T01:27:27Z,2019-08-30T01:22:09Z,Desorbed NA,14,14,NA,14,NA,318,NA,NA,C:/GCMSsolution/Data/Project1/Campbell RMBL Data/Lupinus argenteus/elk7_08292019am.qgd,22389d36-133d-4a55-920c-4596e17eee76,1,2243,339728958,FALSE,TRUE,TRUE,6,10,Elko Park,39.00726,-107.05486,3294,2019,8,NA,289.12319381642567
10288,elk8_08292019am.qgd,NA,floral,NA,NA,elk,19,8,8292019,NA,1,2019-08-29T10:24:18Z,2019-08-30T01:59:16Z,2019-08-30T02:04:23Z,2019-08-30T01:59:16Z,Desorbed NA,15,15,NA,15,NA,307,NA,NA,C:/GCMSsolution/Data/Project1/Campbell RMBL Data/Lupinus argenteus/elk8_08292019am.qgd,22389d36-133d-4a55-920c-4596e17eee76,1,2227,294985747,FALSE,TRUE,TRUE,6,10,Elko Park,39.00726,-107.05486,3294,2019,8,NA,69.53162528561357
10236,ERB1_08282019.qgd,NA,floral,NA,NA,erb,19,1,8282019,NA,0,2019-08-28T08:45:49Z,2019-08-28T16:21:05Z,2019-08-28T16:26:24Z,2019-08-28T16:21:05Z,Desorbed NA,2,2,NA,2,NA,319,NA,NA,C:/GCMSsolution/Data/Project1/Campbell RMBL Data/Lupinus argenteus/ERB1_08282019.qgd,cffb1e93-951d-4d26-a300-f7e37b497793,1,1823,295391244,FALSE,TRUE,TRUE,6,3,East River Bridge,38.95409,-106.98832,2873,2019,8,NA,13.042952151595056
10237,ERB2_08282019.qgd,NA,floral,NA,NA,erb,19,2,8282019,NA,0,2019-08-28T08:45:49Z,2019-08-28T16:56:35Z,2019-08-28T17:01:51Z,2019-08-28T16:56:35Z,Desorbed NA,3,3,NA,3,NA,316,NA,NA,C:/GCMSsolution/Data/Project1/Campbell RMBL Data/Lupinus argenteus/ERB2_08282019.qgd,cffb1e93-951d-4d26-a300-f7e37b497793,1,2130,317139516,FALSE,TRUE,TRUE,6,3,East River Bridge,38.95409,-106.98832,2873,2019,8,NA,1.432332748428423
10238,ERB3_08282019.qgd,NA,floral,NA,NA,erb,19,3,8282019,NA,0,2019-08-28T08:45:49Z,2019-08-28T17:32:12Z,2019-08-28T17:37:30Z,2019-08-28T17:32:12Z,Desorbed NA,4,4,NA,4,NA,318,NA,NA,C:/GCMSsolution/Data/Project1/Campbell RMBL Data/Lupinus argenteus/ERB3_08282019.qgd,cffb1e93-951d-4d26-a300-f7e37b497793,1,2137,321210783,FALSE,TRUE,TRUE,6,3,East River Bridge,38.95409,-106.98832,2873,2019,8,NA,92.21269855835027
10239,ERB4_08282019.qgd,NA,floral,NA,NA,erb,19,4,8282019,NA,0,2019-08-28T08:45:49Z,2019-08-28T18:08:12Z,2019-08-28T18:13:31Z,2019-08-28T18:08:12Z,Desorbed NA,5,5,NA,5,NA,319,NA,NA,C:/GCMSsolution/Data/Project1/Campbell RMBL Data/Lupinus argenteus/ERB4_08282019.qgd,cffb1e93-951d-4d26-a300-f7e37b497793,1,2160,260984412,FALSE,TRUE,TRUE,6,3,East River Bridge,38.95409,-106.98832,2873,2019,8,NA,16.069703120817632
10240,ERB5_08282019.qgd,NA,floral,NA,NA,erb,19,5,8282019,NA,0,2019-08-28T08:45:49Z,2019-08-28T18:44:39Z,2019-08-28T18:49:45Z,2019-08-28T18:44:39Z,Desorbed NA,6,6,NA,6,NA,306,NA,NA,C:/GCMSsolution/Data/Project1/Campbell RMBL Data/Lupinus argenteus/ERB5_08282019.qgd,cffb1e93-951d-4d26-a300-f7e37b497793,1,2187,298732862,FALSE,TRUE,TRUE,6,3,East River Bridge,38.95409,-106.98832,2873,2019,8,NA,76.59511731881544
10241,ERB6_08282019.qgd,NA,floral,NA,NA,erb,19,6,8282019,NA,0,2019-08-28T08:45:49Z,2019-08-28T19:21:13Z,2019-08-28T19:26:32Z,2019-08-28T19:21:13Z,Desorbed NA,7,7,NA,7,NA,319,NA,NA,C:/GCMSsolution/Data/Project1/Campbell RMBL Data/Lupinus argenteus/ERB6_08282019.qgd,cffb1e93-951d-4d26-a300-f7e37b497793,1,2194,259316290,FALSE,TRUE,TRUE,6,3,East River Bridge,38.95409,-106.98832,2873,2019,8,NA,11.296986956839984
10242,ERB7_08282019.qgd,NA,floral,NA,NA,erb,19,7,8282019,NA,0,2019-08-28T08:45:49Z,2019-08-28T19:58:24Z,2019-08-28T20:03:35Z,2019-08-28T19:58:24Z,Desorbed NA,8,8,NA,8,NA,311,NA,NA,C:/GCMSsolution/Data/Project1/Campbell RMBL Data/Lupinus argenteus/ERB7_08282019.qgd,cffb1e93-951d-4d26-a300-f7e37b497793,1,2231,298763853,FALSE,TRUE,TRUE,6,3,East River Bridge,38.95409,-106.98832,2873,2019,8,NA,71.14251439846339
10243,ERB8_08282019.qgd,NA,floral,NA,NA,erb,19,8,8282019,NA,0,2019-08-28T08:45:49Z,2019-08-28T20:34:51Z,2019-08-28T20:40:05Z,2019-08-28T20:34:51Z,Desorbed NA,9,9,NA,9,NA,314,NA,NA,C:/GCMSsolution/Data/Project1/Campbell RMBL Data/Lupinus argenteus/ERB8_08282019.qgd,cffb1e93-951d-4d26-a300-f7e37b497793,1,2187,279390326,FALSE,TRUE,TRUE,6,3,East River Bridge,38.95409,-106.98832,2873,2019,8,NA,3.8165625472227642
10246,ERB9_08282019.qgd,NA,floral,NA,NA,lerb,19,1,8282019,NA,0,2019-08-28T15:36:06Z,2019-08-28T22:40:40Z,2019-08-28T22:34:02Z,2019-08-28T22:34:02Z,Desorbed NA,12,1,NA,1,NA,398,NA,NA,C:/GCMSsolution/Data/Project1/Campbell RMBL Data/Lupinus argenteus/ERB9_08282019.qgd,ebaecfe7-7059-4c39-bc8f-785c21c6bbde,1,1531,288998401,FALSE,TRUE,TRUE,6,2,East River Bridge,38.95225,-106.98946,2863,2019,8,"Lower ERB, merge with ERB",16.39936062021577
273,JH_Lup_arg_BVB_24-10_772025_01.qgd,NA,floral,JH_Lup_arg_BVB_24-10_772025_01,JH,bvb,24,24-10,772025,10,NA,2025-07-07T11:38:25Z,2025-07-07T18:42:59Z,2025-07-07T18:37:59Z,2025-07-07T18:37:59Z,Desorbed NA,2,1,1,1,0,300,NA,Heiling,C:/GCMSsolution/Data/Project1/Campbell RMBL Data/Lupinus argenteus/JH_Lup_arg_BVB_24-10_772025_01.qgd,d023f6c1-a33b-4599-b46d-06674f069657,1,3899,612698160,FALSE,FALSE,FALSE,7,8,Bellview Bench,39.00648,-107.02795,3200,2018,8,NA,130.5601829735527
280,JH_Lup_arg_BVB_24-11_772025_07.qgd,NA,floral,JH_Lup_arg_BVB_24-5_772025_08,JH,bvb,24,24-5,772025,5,NA,2025-07-07T11:38:25Z,2025-07-07T22:17:40Z,2025-07-07T22:22:31Z,2025-07-07T22:17:40Z,Desorbed NA,9,8,7,7,1,291,NA,Heiling,C:/GCMSsolution/Data/Project1/Campbell RMBL Data/Lupinus argenteus/JH_Lup_arg_BVB_24-11_772025_07.qgd,d023f6c1-a33b-4599-b46d-06674f069657,1,NA,266837399,FALSE,FALSE,FALSE,4,8,Bellview Bench,39.00648,-107.02795,3200,2018,8,NA,125.18137850136239
287,JH_Lup_arg_BVB_24-11redo_792025_04.qgd,NA,floral,JH_Lup_arg_BVB_24-11redo_792025_04,JH,bvb,24,24-11,792025,11redo,NA,2025-07-09T09:01:14Z,2025-07-09T17:48:00Z,2025-07-09T17:52:49Z,2025-07-09T17:48:00Z,Desorbed NA,8,4,4,4,0,289,NA,Heiling,C:/GCMSsolution/Data/Project1/Campbell RMBL Data/Lupinus argenteus/JH_Lup_arg_BVB_24-11redo_792025_04.qgd,6955d023-0a86-4332-bafb-48bc7b8a7d82,1,2157,2276938746,FALSE,FALSE,FALSE,5,8,Bellview Bench,39.00648,-107.02795,3200,2018,8,NA,292.2114857152592
291,JH_Lup_arg_BVB_24-12_792025_02.qgd,NA,floral,JH_Lup_arg_BVB_24-12_792025_02,JH,bvb,24,24-12,792025,12,NA,2025-07-09T12:58:29Z,2025-07-09T20:33:31Z,2025-07-09T20:38:25Z,2025-07-09T20:33:31Z,Desorbed NA,2,2,2,2,0,294,NA,Heiling,C:/GCMSsolution/Data/Project1/Campbell RMBL Data/Lupinus argenteus/JH_Lup_arg_BVB_24-12_792025_02.qgd,018179df-8010-4ae0-a84d-4dd132ced9e2,1,1828,442043086,FALSE,FALSE,FALSE,7,8,Bellview Bench,39.00648,-107.02795,3200,2018,8,NA,36.23600913133103
276,JH_Lup_arg_BVB_24-13_772025_04.qgd,NA,floral,JH_Lup_arg_BVB_24-13_772025_04,JH,bvb,24,24-13,772025,13,NA,2025-07-07T11:38:25Z,2025-07-07T20:27:05Z,2025-07-07T20:32:00Z,2025-07-07T20:27:05Z,Desorbed NA,5,4,4,4,0,295,NA,Heiling,C:/GCMSsolution/Data/Project1/Campbell RMBL Data/Lupinus argenteus/JH_Lup_arg_BVB_24-13_772025_04.qgd,d023f6c1-a33b-4599-b46d-06674f069657,1,2216,794108376,FALSE,FALSE,FALSE,7,8,Bellview Bench,39.00648,-107.02795,3200,2018,8,NA,51.51776664475525
275,JH_Lup_arg_BVB_24-15_772025_03.qgd,NA,floral,JH_Lup_arg_BVB_24-15_772025_03,JH,bvb,24,24-15,772025,15,NA,2025-07-07T11:38:25Z,2025-07-07T19:50:09Z,2025-07-07T19:55:02Z,2025-07-07T19:50:09Z,Desorbed NA,4,3,3,3,0,293,NA,Heiling,C:/GCMSsolution/Data/Project1/Campbell RMBL Data/Lupinus argenteus/JH_Lup_arg_BVB_24-15_772025_03.qgd,d023f6c1-a33b-4599-b46d-06674f069657,1,3157,696065877,FALSE,FALSE,FALSE,7,8,Bellview Bench,39.00648,-107.02795,3200,2018,8,NA,128.88433646809804
297,JH_Lup_arg_BVB_24-18_792025_07.qgd,NA,floral,JH_Lup_arg_BVB_24-22_792025_08,JH,bvb,24,24-22,792025,22,NA,2025-07-09T12:58:29Z,2025-07-09T23:40:26Z,2025-07-09T23:45:19Z,2025-07-09T23:40:26Z,Desorbed NA,8,8,7,7,1,293,NA,Heiling,C:/GCMSsolution/Data/Project1/Campbell RMBL Data/Lupinus argenteus/JH_Lup_arg_BVB_24-18_792025_07.qgd,018179df-8010-4ae0-a84d-4dd132ced9e2,1,2286,2796363225,FALSE,FALSE,FALSE,5,8,Bellview Bench,39.00648,-107.02795,3200,2018,8,NA,531.2503699563409
1509,JH_Lup_arg_BVB_24-19_772025_02.qgd,NA,floral,JH_Lup_arg_BVB_24-19_772025_02,JH,bvb,24,24-19,772025,19,NA,NA,NA,2025-07-07T19:18:26Z,2025-07-07T19:18:26Z,NA NA,NA,NA,2,2,NA,NA,NA,Heiling,C:/GCMSsolution/Data/Project1/Campbell RMBL Data/Lupinus argenteus/JH_Lup_arg_BVB_24-19_772025_02.qgd,NA,NA,NA,588869372,FALSE,FALSE,FALSE,7,8,Bellview Bench,39.00648,-107.02795,3200,2018,8,NA,125.85342511704661
301,JH_Lup_arg_BVB_24-21_792025_11.qgd,NA,floral,JH_Lup_arg_BVB_24-29_792025_12,JH,bvb,24,24-29,792025,29,NA,2025-07-09T12:58:29Z,2025-07-10T02:13:29Z,2025-07-10T02:18:25Z,2025-07-10T02:13:29Z,Desorbed NA,12,12,11,11,1,296,NA,Heiling,C:/GCMSsolution/Data/Project1/Campbell RMBL Data/Lupinus argenteus/JH_Lup_arg_BVB_24-21_792025_11.qgd,018179df-8010-4ae0-a84d-4dd132ced9e2,1,2242,1185452664,FALSE,FALSE,FALSE,5,8,Bellview Bench,39.00648,-107.02795,3200,2018,8,NA,172.88745123426293
353,JH_Lup_arg_BVB_24-23redo3_7122025_02.qgd,NA,floral,JH_Lup_arg_BVB_24-23redo3_7122025_02,JH,lerb,24,24-23,7122025,23redo3,NA,2025-07-12T11:49:28Z,2025-07-12T19:24:35Z,2025-07-12T19:29:32Z,2025-07-12T19:24:35Z,Desorbed NA,2,2,2,2,0,297,NA,Heiling,C:/GCMSsolution/Data/Project1/Campbell RMBL Data/Lupinus argenteus/JH_Lup_arg_BVB_24-23redo3_7122025_02.qgd,397830e1-f0b9-4558-8a76-b4e4f7b82cc7,1,1831,734649594,FALSE,FALSE,FALSE,7,2,East River Bridge,38.95225,-106.98946,2863,2019,8,"Lower ERB, merge with ERB",143.38568530144843
289,JH_Lup_arg_BVB_24-26_792025_06.qgd,NA,floral,JH_Lup_arg_BVB_24-26_792025_06,JH,bvb,24,24-26,792025,26,NA,2025-07-09T09:01:14Z,2025-07-09T19:01:10Z,2025-07-09T19:06:07Z,2025-07-09T19:01:10Z,Desorbed NA,10,6,6,6,0,297,NA,Heiling,C:/GCMSsolution/Data/Project1/Campbell RMBL Data/Lupinus argenteus/JH_Lup_arg_BVB_24-26_792025_06.qgd,6955d023-0a86-4332-bafb-48bc7b8a7d82,1,3169,675251725,FALSE,FALSE,FALSE,7,8,Bellview Bench,39.00648,-107.02795,3200,2018,8,NA,96.04441129463865
304,JH_Lup_arg_BVB_24-27_792025_13.qgd,NA,floral,JH_Lup_arg_CIN23_24-13_792025_15,JH,cmn,24,24-13,792025,13,NA,2025-07-09T12:58:29Z,2025-07-10T03:29:14Z,2025-07-10T03:34:06Z,2025-07-10T03:29:14Z,Desorbed NA,15,15,13,13,2,292,NA,Heiling,C:/GCMSsolution/Data/Project1/Campbell RMBL Data/Lupinus argenteus/JH_Lup_arg_BVB_24-27_792025_13.qgd,018179df-8010-4ae0-a84d-4dd132ced9e2,1,2262,446364442,FALSE,FALSE,FALSE,7,17,Cinnamon,38.99747,-107.06794,3660,2019,8,NA,85.3612646688748
324,JH_Lup_arg_BVB_24-27redo_7102025_04.qgd,NA,floral,JH_Lup_arg_BVB_24-27redo_7102025_04,JH,bvb,24,24-27,7102025,27redo,NA,2025-07-10T15:44:01Z,2025-07-11T00:34:53Z,2025-07-11T00:38:23Z,2025-07-11T00:34:53Z,Desorbed NA,13,4,4,4,0,210,NA,Heiling,C:/GCMSsolution/Data/Project1/Campbell RMBL Data/Lupinus argenteus/JH_Lup_arg_BVB_24-27redo_7102025_04.qgd,5f20f76d-dbdc-4437-8d3a-5c6d743ede36,1,2271.5,214880819,FALSE,FALSE,FALSE,4,8,Bellview Bench,39.00648,-107.02795,3200,2018,8,NA,42.71528497792271
303,JH_Lup_arg_BVB_24-29_792025_12.qgd,NA,floral,JH_Lup_arg_CIN23_23-2_792025_14,JH,cmn,24,23-2,792025,2,NA,2025-07-09T12:58:29Z,2025-07-10T02:51:32Z,2025-07-10T02:56:24Z,2025-07-10T02:51:32Z,Desorbed NA,14,14,12,12,2,292,NA,Heiling,C:/GCMSsolution/Data/Project1/Campbell RMBL Data/Lupinus argenteus/JH_Lup_arg_BVB_24-29_792025_12.qgd,018179df-8010-4ae0-a84d-4dd132ced9e2,1,NA,2104494464,FALSE,FALSE,FALSE,5,17,Cinnamon,38.99747,-107.06794,3660,2019,8,NA,369.7840849077497
322,JH_Lup_arg_BVB_24-30redo_7102025_02.qgd,NA,floral,JH_Lup_arg_BVB_24-30redo_7102025_02,JH,bvb,24,24-30,7102025,30redo,NA,2025-07-10T15:44:01Z,2025-07-10T23:19:10Z,2025-07-10T23:24:04Z,2025-07-10T23:19:10Z,Desorbed NA,3,2,2,2,0,294,NA,Heiling,C:/GCMSsolution/Data/Project1/Campbell RMBL Data/Lupinus argenteus/JH_Lup_arg_BVB_24-30redo_7102025_02.qgd,5f20f76d-dbdc-4437-8d3a-5c6d743ede36,1,1836,1262877550,FALSE,FALSE,FALSE,7,8,Bellview Bench,39.00648,-107.02795,3200,2018,8,NA,126.48773403294776
281,JH_Lup_arg_BVB_24-5_772025_08.qgd,NA,floral,JH_Lup_arg_BVB_24-8tube2_772025_09,JH,bvb,24,24-8tube2,772025,8tube2,NA,NA,NA,2025-07-07T22:59:13Z,2025-07-07T22:59:13Z,NA NA,NA,NA,8,8,NA,NA,NA,Heiling,C:/GCMSsolution/Data/Project1/Campbell RMBL Data/Lupinus argenteus/JH_Lup_arg_BVB_24-5_772025_08.qgd,NA,NA,NA,833744994,FALSE,FALSE,FALSE,7,8,Bellview Bench,39.00648,-107.02795,3200,2018,8,NA,102.22441608886012
278,JH_Lup_arg_BVB_24-7_772025_06.qgd,NA,floral,JH_Lup_arg_BVB_24-7_772025_06,JH,bvb,24,24-7,772025,7,NA,2025-07-07T11:38:25Z,2025-07-07T21:41:21Z,2025-07-07T21:46:03Z,2025-07-07T21:41:21Z,Desorbed NA,7,6,6,6,0,282,NA,Heiling,C:/GCMSsolution/Data/Project1/Campbell RMBL Data/Lupinus argenteus/JH_Lup_arg_BVB_24-7_772025_06.qgd,d023f6c1-a33b-4599-b46d-06674f069657,1,2229,1513627576,FALSE,FALSE,FALSE,5,8,Bellview Bench,39.00648,-107.02795,3200,2018,8,NA,160.50753557663026
277,JH_Lup_arg_BVB_24-8_772025_05.qgd,NA,floral,JH_Lup_arg_BVB_24-8_772025_05,JH,bvb,24,24-8,772025,8,NA,2025-07-07T11:38:25Z,2025-07-07T21:04:12Z,2025-07-07T21:08:57Z,2025-07-07T21:04:12Z,Desorbed NA,6,5,5,5,0,285,NA,Heiling,C:/GCMSsolution/Data/Project1/Campbell RMBL Data/Lupinus argenteus/JH_Lup_arg_BVB_24-8_772025_05.qgd,d023f6c1-a33b-4599-b46d-06674f069657,1,2227,808003585,FALSE,FALSE,FALSE,7,8,Bellview Bench,39.00648,-107.02795,3200,2018,8,NA,97.78937026924133
300,JH_Lup_arg_BVB_24-Air1_792025_10.qgd,NA,floral,JH_Lup_arg_BVB_24-21_792025_11,JH,bvb,24,24-21,792025,21,NA,2025-07-09T12:58:29Z,2025-07-10T01:36:07Z,2025-07-10T01:40:04Z,2025-07-10T01:36:07Z,Desorbed NA,11,11,10,10,1,237,NA,Heiling,C:/GCMSsolution/Data/Project1/Campbell RMBL Data/Lupinus argenteus/JH_Lup_arg_BVB_24-Air1_792025_10.qgd,018179df-8010-4ae0-a84d-4dd132ced9e2,1,2362,448192066,FALSE,FALSE,FALSE,7,8,Bellview Bench,39.00648,-107.02795,3200,2018,8,NA,109.39796985008334
296,JH_Lup_arg_BVB_24-Air3_792025_06.qgd,NA,floral,JH_Lup_arg_BVB_24-18_792025_07,JH,bvb,24,24-18,792025,18,NA,2025-07-09T12:58:29Z,2025-07-09T23:02:20Z,2025-07-09T23:07:14Z,2025-07-09T23:02:20Z,Desorbed NA,7,7,6,6,1,294,NA,Heiling,C:/GCMSsolution/Data/Project1/Campbell RMBL Data/Lupinus argenteus/JH_Lup_arg_BVB_24-Air3_792025_06.qgd,018179df-8010-4ae0-a84d-4dd132ced9e2,1,2257,635761732,FALSE,FALSE,FALSE,7,8,Bellview Bench,39.00648,-107.02795,3200,2018,8,NA,35.182115538595205
1986,JH_Lup_arg_CIN_23-10_8312023_04.qgd,JH_Lup_arg_230831b.txt,floral,JH_Lup_arg_CIN_23-10_8312023_04,JH,cmn,23,23-10,8312023,10,1,2023-08-31T21:31:45Z,2023-09-01T06:18:41Z,2023-09-01T06:23:34Z,2023-09-01T06:18:41Z,Desorbed NA,4,4,4,4,0,127,NA,Heiling,C:/GCMSsolution/Data/Project1/Campbell RMBL Data/Emitters 2023/JH_Lup_arg_CIN_23-10_8312023_04.qgd,8d3524a0-d44e-49ce-8f1e-db50c497cf35,1,2152,139383732,FALSE,FALSE,FALSE,4,17,Cinnamon,38.99747,-107.06794,3660,2019,8,NA,246.57271478468053
1987,JH_Lup_arg_CIN_23-11_8312023_05.qgd,JH_Lup_arg_230831b.txt,floral,JH_Lup_arg_CIN_23-11_8312023_05,JH,cmn,23,23-11,8312023,11,1,2023-08-31T21:31:45Z,2023-09-01T06:54:17Z,2023-09-01T06:59:13Z,2023-09-01T06:54:17Z,Desorbed NA,5,5,5,5,0,124,NA,Heiling,C:/GCMSsolution/Data/Project1/Campbell RMBL Data/Emitters 2023/JH_Lup_arg_CIN_23-11_8312023_05.qgd,8d3524a0-d44e-49ce-8f1e-db50c497cf35,1,2136,347966891,FALSE,FALSE,FALSE,1,17,Cinnamon,38.99747,-107.06794,3660,2019,8,NA,763.8500159201925
1988,JH_Lup_arg_CIN_23-12_8312023_06.qgd,JH_Lup_arg_230831b.txt,floral,JH_Lup_arg_CIN_23-12_8312023_06,JH,cmn,23,23-12,8312023,12,1,2023-08-31T21:31:45Z,2023-09-01T07:29:46Z,2023-09-01T07:34:41Z,2023-09-01T07:29:46Z,Desorbed NA,6,6,6,6,0,125,NA,Heiling,C:/GCMSsolution/Data/Project1/Campbell RMBL Data/Emitters 2023/JH_Lup_arg_CIN_23-12_8312023_06.qgd,8d3524a0-d44e-49ce-8f1e-db50c497cf35,1,2129,119853965,FALSE,FALSE,FALSE,4,17,Cinnamon,38.99747,-107.06794,3660,2019,8,NA,90.93167542713961
1989,JH_Lup_arg_CIN_23-13_8312023_07.qgd,JH_Lup_arg_230831b.txt,floral,JH_Lup_arg_CIN_23-13_8312023_07,JH,cmn,23,23-13,8312023,13,1,2023-08-31T21:31:45Z,2023-09-01T08:06:10Z,2023-09-01T08:11:08Z,2023-09-01T08:06:10Z,Desorbed NA,7,7,7,7,0,122,NA,Heiling,C:/GCMSsolution/Data/Project1/Campbell RMBL Data/Emitters 2023/JH_Lup_arg_CIN_23-13_8312023_07.qgd,8d3524a0-d44e-49ce-8f1e-db50c497cf35,1,2184,91011427,FALSE,FALSE,FALSE,4,17,Cinnamon,38.99747,-107.06794,3660,2019,8,NA,24.083538959304057
1990,JH_Lup_arg_CIN_23-14_8312023_08.qgd,JH_Lup_arg_230831b.txt,floral,JH_Lup_arg_CIN_23-14_8312023_08,JH,cmn,23,23-14,8312023,14,1,2023-08-31T21:31:45Z,2023-09-01T08:41:40Z,2023-09-01T08:46:38Z,2023-09-01T08:41:40Z,Desorbed NA,8,8,8,8,0,122,NA,Heiling,C:/GCMSsolution/Data/Project1/Campbell RMBL Data/Emitters 2023/JH_Lup_arg_CIN_23-14_8312023_08.qgd,8d3524a0-d44e-49ce-8f1e-db50c497cf35,1,2130,222151738,FALSE,FALSE,FALSE,4,17,Cinnamon,38.99747,-107.06794,3660,2019,8,NA,909.0500928803004
1991,JH_Lup_arg_CIN_23-15_8312023_09.qgd,JH_Lup_arg_230831b.txt,floral,JH_Lup_arg_CIN_23-15_8312023_09,JH,cmn,23,23-15,8312023,15,1,2023-08-31T21:31:45Z,2023-09-01T09:17:22Z,2023-09-01T09:22:13Z,2023-09-01T09:17:22Z,Desorbed NA,9,9,9,9,0,129,NA,Heiling,C:/GCMSsolution/Data/Project1/Campbell RMBL Data/Emitters 2023/JH_Lup_arg_CIN_23-15_8312023_09.qgd,8d3524a0-d44e-49ce-8f1e-db50c497cf35,1,2142,249846323,FALSE,FALSE,FALSE,1,17,Cinnamon,38.99747,-107.06794,3660,2019,8,NA,134.78767228789013
1983,JH_Lup_arg_CIN_23-6_8312023_01.qgd,JH_Lup_arg_230831b.txt,floral,JH_Lup_arg_CIN_23-6_8312023_01,JH,cmn,23,23-6,8312023,6,1,2023-08-31T21:31:45Z,2023-09-01T04:36:14Z,2023-09-01T04:30:57Z,2023-09-01T04:30:57Z,Desorbed NA,1,1,1,1,0,737,NA,Heiling,C:/GCMSsolution/Data/Project1/Campbell RMBL Data/Emitters 2023/JH_Lup_arg_CIN_23-6_8312023_01.qgd,8d3524a0-d44e-49ce-8f1e-db50c497cf35,1,2602.5,331395669,FALSE,FALSE,FALSE,4,17,Cinnamon,38.99747,-107.06794,3660,2019,8,NA,252.8230737246147
1984,JH_Lup_arg_CIN_23-7_8312023_02.qgd,JH_Lup_arg_230831b.txt,floral,JH_Lup_arg_CIN_23-7_8312023_02,JH,cmn,23,23-7,8312023,7,1,2023-08-31T21:31:45Z,2023-09-01T05:06:47Z,2023-09-01T05:11:37Z,2023-09-01T05:06:47Z,Desorbed NA,2,2,2,2,0,130,NA,Heiling,C:/GCMSsolution/Data/Project1/Campbell RMBL Data/Emitters 2023/JH_Lup_arg_CIN_23-7_8312023_02.qgd,8d3524a0-d44e-49ce-8f1e-db50c497cf35,1,1833,188345402,FALSE,FALSE,FALSE,4,17,Cinnamon,38.99747,-107.06794,3660,2019,8,NA,275.32306819746526
1985,JH_Lup_arg_CIN_23-8_8312023_03.qgd,JH_Lup_arg_230831b.txt,floral,JH_Lup_arg_CIN_23-8_8312023_03,JH,cmn,23,23-8,8312023,8,1,2023-08-31T21:31:45Z,2023-09-01T05:42:49Z,2023-09-01T05:47:43Z,2023-09-01T05:42:49Z,Desorbed NA,3,3,3,3,0,126,NA,Heiling,C:/GCMSsolution/Data/Project1/Campbell RMBL Data/Emitters 2023/JH_Lup_arg_CIN_23-8_8312023_03.qgd,8d3524a0-d44e-49ce-8f1e-db50c497cf35,1,2162,183017694,FALSE,FALSE,FALSE,4,17,Cinnamon,38.99747,-107.06794,3660,2019,8,NA,1101.0736739130657
325,JH_Lup_arg_CIN23_23-14redo_7102025_05.qgd,NA,floral,JH_Lup_arg_CIN23_23-14redo_7102025_05,JH,cmn,24,23-14,7102025,14redo,NA,2025-07-10T15:44:01Z,2025-07-11T01:11:47Z,2025-07-11T01:15:43Z,2025-07-11T01:11:47Z,Desorbed NA,23,5,5,5,0,236,NA,Heiling,C:/GCMSsolution/Data/Project1/Campbell RMBL Data/Lupinus argenteus/JH_Lup_arg_CIN23_23-14redo_7102025_05.qgd,5f20f76d-dbdc-4437-8d3a-5c6d743ede36,1,2214,922415788,FALSE,FALSE,FALSE,7,17,Cinnamon,38.99747,-107.06794,3660,2019,8,NA,678.3818821818727
305,JH_Lup_arg_CIN23_23-2_792025_14.qgd,NA,floral,JH_Lup_arg_CIN23_24-4_792025_16,JH,cmn,24,24-4,792025,4,NA,2025-07-09T12:58:29Z,2025-07-10T04:06:52Z,2025-07-10T04:11:49Z,2025-07-10T04:06:52Z,Desorbed NA,16,16,14,14,2,297,NA,Heiling,C:/GCMSsolution/Data/Project1/Campbell RMBL Data/Lupinus argenteus/JH_Lup_arg_CIN23_23-2_792025_14.qgd,018179df-8010-4ae0-a84d-4dd132ced9e2,1,2258,577356435,FALSE,FALSE,FALSE,7,17,Cinnamon,38.99747,-107.06794,3660,2019,8,NA,380.1011004711308
310,JH_Lup_arg_CIN23_23-9_792025_19.qgd,NA,floral,JH_Lup_arg_CIN23_24-17_792025_21,JH,cmn,24,24-17,792025,17,NA,2025-07-09T12:58:29Z,2025-07-10T07:14:05Z,2025-07-10T07:18:05Z,2025-07-10T07:14:05Z,Desorbed NA,21,21,19,19,2,240,NA,Heiling,C:/GCMSsolution/Data/Project1/Campbell RMBL Data/Lupinus argenteus/JH_Lup_arg_CIN23_23-9_792025_19.qgd,018179df-8010-4ae0-a84d-4dd132ced9e2,1,2282,284293586,FALSE,FALSE,FALSE,4,17,Cinnamon,38.99747,-107.06794,3660,2019,8,NA,31.929123158243517
330,JH_Lup_arg_CIN23_24-12_7102025_10.qgd,NA,floral,JH_Lup_arg_CIN23_24-12_7102025_10,JH,cmn,24,24-12,7102025,12,NA,2025-07-10T15:44:01Z,2025-07-11T04:17:37Z,2025-07-11T04:22:29Z,2025-07-11T04:17:37Z,Desorbed NA,28,10,10,10,0,292,NA,Heiling,C:/GCMSsolution/Data/Project1/Campbell RMBL Data/Lupinus argenteus/JH_Lup_arg_CIN23_24-12_7102025_10.qgd,5f20f76d-dbdc-4437-8d3a-5c6d743ede36,1,2251,1714472097,FALSE,FALSE,FALSE,5,17,Cinnamon,38.99747,-107.06794,3660,2019,8,NA,221.19875110320393
306,JH_Lup_arg_CIN23_24-13_792025_15.qgd,NA,floral,JH_Lup_arg_CIN23_24-9_792025_17,JH,cmn,24,24-9,792025,9,NA,2025-07-09T12:58:29Z,2025-07-10T04:44:26Z,2025-07-10T04:49:23Z,2025-07-10T04:44:26Z,Desorbed NA,17,17,15,15,2,297,NA,Heiling,C:/GCMSsolution/Data/Project1/Campbell RMBL Data/Lupinus argenteus/JH_Lup_arg_CIN23_24-13_792025_15.qgd,018179df-8010-4ae0-a84d-4dd132ced9e2,1,2254,1084104547,FALSE,FALSE,FALSE,5,17,Cinnamon,38.99747,-107.06794,3660,2019,8,NA,465.88152865281523
326,JH_Lup_arg_CIN23_24-14_7102025_06.qgd,NA,floral,JH_Lup_arg_CIN23_24-14_7102025_06,JH,cmn,24,24-14,7102025,14,NA,2025-07-10T15:44:01Z,2025-07-11T01:48:21Z,2025-07-11T01:53:07Z,2025-07-11T01:48:21Z,Desorbed NA,24,6,6,6,0,286,NA,Heiling,C:/GCMSsolution/Data/Project1/Campbell RMBL Data/Lupinus argenteus/JH_Lup_arg_CIN23_24-14_7102025_06.qgd,5f20f76d-dbdc-4437-8d3a-5c6d743ede36,1,2194,570271997,FALSE,FALSE,FALSE,7,17,Cinnamon,38.99747,-107.06794,3660,2019,8,NA,197.40384253684692
328,JH_Lup_arg_CIN23_24-15_7102025_08.qgd,NA,floral,JH_Lup_arg_CIN23_24-15_7102025_08,JH,cmn,24,24-15,7102025,15,NA,2025-07-10T15:44:01Z,2025-07-11T03:02:59Z,2025-07-11T03:07:56Z,2025-07-11T03:02:59Z,Desorbed NA,26,8,8,8,0,297,NA,Heiling,C:/GCMSsolution/Data/Project1/Campbell RMBL Data/Lupinus argenteus/JH_Lup_arg_CIN23_24-15_7102025_08.qgd,5f20f76d-dbdc-4437-8d3a-5c6d743ede36,1,2234,410109468,FALSE,FALSE,FALSE,4,17,Cinnamon,38.99747,-107.06794,3660,2019,8,NA,622.5089806113187
313,JH_Lup_arg_CIN23_24-17_792025_21.qgd,NA,floral,JH_Lup_arg_CIN23_24-18_792025_24,JH,cmn,24,24-18,792025,18,NA,2025-07-09T12:58:29Z,2025-07-10T08:26:38Z,2025-07-10T08:31:33Z,2025-07-10T08:26:38Z,Desorbed NA,24,24,21,21,3,295,NA,Heiling,C:/GCMSsolution/Data/Project1/Campbell RMBL Data/Lupinus argenteus/JH_Lup_arg_CIN23_24-17_792025_21.qgd,018179df-8010-4ae0-a84d-4dd132ced9e2,1,NA,713303692,FALSE,FALSE,FALSE,7,17,Cinnamon,38.99747,-107.06794,3660,2019,8,NA,73.09507741757375
329,JH_Lup_arg_CIN23_24-19_7102025_09.qgd,NA,floral,JH_Lup_arg_CIN23_24-19_7102025_09,JH,cmn,24,24-19,7102025,19,NA,2025-07-10T15:44:01Z,2025-07-11T03:40:06Z,2025-07-11T03:45:02Z,2025-07-11T03:40:06Z,Desorbed NA,27,9,9,9,0,296,NA,Heiling,C:/GCMSsolution/Data/Project1/Campbell RMBL Data/Lupinus argenteus/JH_Lup_arg_CIN23_24-19_7102025_09.qgd,5f20f76d-dbdc-4437-8d3a-5c6d743ede36,1,2227,947688966,FALSE,FALSE,FALSE,5,17,Cinnamon,38.99747,-107.06794,3660,2019,8,NA,26.39954638723912
309,JH_Lup_arg_CIN23_24-20_792025_18.qgd,NA,floral,JH_Lup_arg_CIN23_24-5_792025_20,JH,cmn,24,24-5,792025,5,NA,2025-07-09T12:58:29Z,2025-07-10T06:36:03Z,2025-07-10T06:40:59Z,2025-07-10T06:36:03Z,Desorbed NA,20,20,18,18,2,296,NA,Heiling,C:/GCMSsolution/Data/Project1/Campbell RMBL Data/Lupinus argenteus/JH_Lup_arg_CIN23_24-20_792025_18.qgd,018179df-8010-4ae0-a84d-4dd132ced9e2,1,2240,663792051,FALSE,FALSE,FALSE,7,17,Cinnamon,38.99747,-107.06794,3660,2019,8,NA,466.1239887049897
307,JH_Lup_arg_CIN23_24-4_792025_16.qgd,NA,floral,JH_Lup_arg_CIN23_24-20_792025_18,JH,cmn,24,24-20,792025,20,NA,2025-07-09T12:58:29Z,2025-07-10T05:21:51Z,2025-07-10T05:26:44Z,2025-07-10T05:21:51Z,Desorbed NA,18,18,16,16,2,293,NA,Heiling,C:/GCMSsolution/Data/Project1/Campbell RMBL Data/Lupinus argenteus/JH_Lup_arg_CIN23_24-4_792025_16.qgd,018179df-8010-4ae0-a84d-4dd132ced9e2,1,2245,777027252,FALSE,FALSE,FALSE,7,17,Cinnamon,38.99747,-107.06794,3660,2019,8,NA,102.22004941046397
308,JH_Lup_arg_CIN23_24-9_792025_17.qgd,NA,floral,JH_Lup_arg_CIN23_23-9_792025_19,JH,cmn,24,23-9,792025,9,NA,2025-07-09T12:58:29Z,2025-07-10T05:58:43Z,2025-07-10T06:03:28Z,2025-07-10T05:58:43Z,Desorbed NA,19,19,17,17,2,285,NA,Heiling,C:/GCMSsolution/Data/Project1/Campbell RMBL Data/Lupinus argenteus/JH_Lup_arg_CIN23_24-9_792025_17.qgd,018179df-8010-4ae0-a84d-4dd132ced9e2,1,2212,376191190,FALSE,FALSE,FALSE,7,17,Cinnamon,38.99747,-107.06794,3660,2019,8,NA,19.147455663639924
314,JH_Lup_arg_CIN23_24-Air2_792025_22.qgd,NA,floral,JH_Lup_arg_CIN23_23-6_792025_25,JH,cmn,24,23-6,792025,6,NA,2025-07-09T12:58:29Z,2025-07-10T09:03:09Z,2025-07-10T09:08:05Z,2025-07-10T09:03:09Z,Desorbed NA,25,25,22,22,3,296,NA,Heiling,C:/GCMSsolution/Data/Project1/Campbell RMBL Data/Lupinus argenteus/JH_Lup_arg_CIN23_24-Air2_792025_22.qgd,018179df-8010-4ae0-a84d-4dd132ced9e2,1,2191,2731791753,FALSE,FALSE,FALSE,5,17,Cinnamon,38.99747,-107.06794,3660,2019,8,NA,769.8382761075742
2011,JH_Lup_arg_ELK_23-1_912023_07.qgd,JH_Lup_arg_230901a.txt,floral,JH_Lup_arg_ELK_23-2_912023_08,JH,elk,23,23-2,912023,2,1,2023-09-01T10:24:42Z,2023-09-01T21:06:17Z,2023-09-01T21:11:11Z,2023-09-01T21:06:17Z,Desorbed NA,8,8,7,7,1,126,NA,Heiling,C:/GCMSsolution/Data/Project1/Campbell RMBL Data/Emitters 2023/JH_Lup_arg_ELK_23-1_912023_07.qgd,b6f9659a-3957-43a7-8b8a-da01d7244272,1,2271,183304933,FALSE,FALSE,FALSE,4,10,Elko Park,39.00726,-107.05486,3294,2019,8,NA,128.16737324813786
2012,JH_Lup_arg_ELK_23-2_912023_08.qgd,JH_Lup_arg_230901a.txt,floral,JH_Lup_arg_ELK_23-3_912023_09,JH,elk,23,23-3,912023,3,1,2023-09-01T10:24:42Z,2023-09-01T21:44:22Z,2023-09-01T21:49:16Z,2023-09-01T21:44:22Z,Desorbed NA,9,9,8,8,1,126,NA,Heiling,C:/GCMSsolution/Data/Project1/Campbell RMBL Data/Emitters 2023/JH_Lup_arg_ELK_23-2_912023_08.qgd,b6f9659a-3957-43a7-8b8a-da01d7244272,1,2285,136919303,FALSE,FALSE,FALSE,4,10,Elko Park,39.00726,-107.05486,3294,2019,8,NA,313.8290952753506
2013,JH_Lup_arg_ELK_23-3_912023_09.qgd,JH_Lup_arg_230901a.txt,floral,JH_Lup_arg_ELK_23-4_912023_10,JH,elk,23,23-4,912023,4,0,2023-09-01T10:24:42Z,2023-09-01T22:22:55Z,2023-09-01T22:27:48Z,2023-09-01T22:22:55Z,Desorbed NA,10,10,9,9,1,127,NA,Heiling,C:/GCMSsolution/Data/Project1/Campbell RMBL Data/Emitters 2023/JH_Lup_arg_ELK_23-3_912023_09.qgd,b6f9659a-3957-43a7-8b8a-da01d7244272,1,2313,90109616,FALSE,FALSE,FALSE,4,10,Elko Park,39.00726,-107.05486,3294,2019,8,NA,20.617310346002487
2015,JH_Lup_arg_ELK_23-5_912023_01.qgd,JH_Lup_arg__and_Nayeli_230901b.txt,floral,JH_Lup_arg_ELK_23-5_912023_01,JH,elk,23,23-5,912023,5,1,2023-09-01T18:01:09Z,2023-09-02T01:05:37Z,2023-09-02T01:00:15Z,2023-09-02T01:00:15Z,Desorbed NA,1,1,1,1,0,742,NA,Heiling,C:/GCMSsolution/Data/Project1/Campbell RMBL Data/Emitters 2023/JH_Lup_arg_ELK_23-5_912023_01.qgd,e842f893-0df6-4bdc-aac2-d03df8fccc99,1,7401,423948320,FALSE,FALSE,FALSE,1,10,Elko Park,39.00726,-107.05486,3294,2019,8,NA,72.38620531218778
2016,JH_Lup_arg_ELK_23-6_912023_02.qgd,JH_Lup_arg__and_Nayeli_230901b.txt,floral,JH_Lup_arg_ELK_23-6_912023_02,JH,elk,23,23-6,912023,6,1,2023-09-01T18:01:09Z,2023-09-02T01:36:04Z,2023-09-02T01:41:00Z,2023-09-02T01:36:04Z,Desorbed NA,2,2,2,2,0,124,NA,Heiling,C:/GCMSsolution/Data/Project1/Campbell RMBL Data/Emitters 2023/JH_Lup_arg_ELK_23-6_912023_02.qgd,e842f893-0df6-4bdc-aac2-d03df8fccc99,1,1827,186404697,FALSE,FALSE,FALSE,4,10,Elko Park,39.00726,-107.05486,3294,2019,8,NA,38.77339549144439
2017,JH_Lup_arg_ELK_23-7_912023_03.qgd,JH_Lup_arg__and_Nayeli_230901b.txt,floral,JH_Lup_arg_ELK_23-7_912023_03,JH,elk,23,23-7,912023,7,1,2023-09-01T18:01:09Z,2023-09-02T02:13:14Z,2023-09-02T02:18:16Z,2023-09-02T02:13:14Z,Desorbed NA,3,3,3,3,0,118,NA,Heiling,C:/GCMSsolution/Data/Project1/Campbell RMBL Data/Emitters 2023/JH_Lup_arg_ELK_23-7_912023_03.qgd,e842f893-0df6-4bdc-aac2-d03df8fccc99,1,2230,371810351,FALSE,FALSE,FALSE,4,10,Elko Park,39.00726,-107.05486,3294,2019,8,NA,76.74078755313853
2018,JH_Lup_arg_ELK_23-8_912023_04.qgd,JH_Lup_arg__and_Nayeli_230901b.txt,floral,JH_Lup_arg_ELK_23-8_912023_04,JH,elk,23,23-8,912023,8,1,2023-09-01T18:01:09Z,2023-09-02T02:50:14Z,2023-09-02T02:55:01Z,2023-09-02T02:50:14Z,Desorbed NA,4,4,4,4,0,133,NA,Heiling,C:/GCMSsolution/Data/Project1/Campbell RMBL Data/Emitters 2023/JH_Lup_arg_ELK_23-8_912023_04.qgd,e842f893-0df6-4bdc-aac2-d03df8fccc99,1,2220,324347383,FALSE,FALSE,FALSE,1,10,Elko Park,39.00726,-107.05486,3294,2019,8,NA,3.6792023714202964
2048,JH_Lup_arg_ELK_23-9redo_922023_05.qgd,Nayeli_and_JH_redos_230902a.txt,floral,JH_Lup_arg_ELK_23-9redo_922023_05,JH,elk,23,23-9,922023,9redo,NA,2023-09-02T10:39:47Z,2023-09-02T19:50:20Z,2023-09-02T19:50:55Z,2023-09-02T19:50:20Z,Desorbed NA,5,5,5,5,0,385,NA,Heiling,C:/GCMSsolution/Data/Project1/Campbell RMBL Data/Emitters 2023/JH_Lup_arg_ELK_23-9redo_922023_05.qgd,edd29eb9-0230-4524-a06a-210de88248c2,1,1923,268946571,FALSE,FALSE,FALSE,4,10,Elko Park,39.00726,-107.05486,3294,2019,8,NA,46.2006425621434
1994,JH_Lup_arg_ERB_23-1_8312023_12.qgd,JH_Lup_arg_230831b.txt,floral,JH_Lup_arg_ERB_23-1_8312023_12,JH,erb,23,23-1,8312023,1,0,2023-08-31T21:31:45Z,2023-09-01T11:04:53Z,2023-09-01T11:09:46Z,2023-09-01T11:04:53Z,Desorbed NA,12,12,12,12,0,127,NA,Heiling,C:/GCMSsolution/Data/Project1/Campbell RMBL Data/Emitters 2023/JH_Lup_arg_ERB_23-1_8312023_12.qgd,8d3524a0-d44e-49ce-8f1e-db50c497cf35,1,2059,131347272,FALSE,FALSE,FALSE,4,3,East River Bridge,38.95409,-106.98832,2873,2019,8,NA,159.81853283207025
2004,JH_Lup_arg_ERB_23-10_912023_01.qgd,JH_Lup_arg_230901a.txt,floral,JH_Lup_arg_ERB_23-10_912023_01,JH,erb,23,23-10,912023,10,0,2023-09-01T10:24:42Z,2023-09-01T17:29:14Z,2023-09-01T17:24:16Z,2023-09-01T17:24:16Z,Desorbed NA,1,1,1,1,0,718,NA,Heiling,C:/GCMSsolution/Data/Project1/Campbell RMBL Data/Emitters 2023/JH_Lup_arg_ERB_23-10_912023_01.qgd,b6f9659a-3957-43a7-8b8a-da01d7244272,1,3736,173696950,FALSE,FALSE,FALSE,4,3,East River Bridge,38.95409,-106.98832,2873,2019,8,NA,217.34070775497335
2005,JH_Lup_arg_ERB_23-11_912023_02.qgd,JH_Lup_arg_230901a.txt,floral,JH_Lup_arg_ERB_23-11_912023_02,JH,erb,23,23-11,912023,11,1,2023-09-01T10:24:42Z,2023-09-01T17:59:40Z,2023-09-01T18:04:35Z,2023-09-01T17:59:40Z,Desorbed NA,2,2,2,2,0,125,NA,Heiling,C:/GCMSsolution/Data/Project1/Campbell RMBL Data/Emitters 2023/JH_Lup_arg_ERB_23-11_912023_02.qgd,b6f9659a-3957-43a7-8b8a-da01d7244272,1,1826,117932205,FALSE,FALSE,FALSE,4,3,East River Bridge,38.95409,-106.98832,2873,2019,8,NA,80.01225271228327
2006,JH_Lup_arg_ERB_23-12_912023_03.qgd,JH_Lup_arg_230901a.txt,floral,JH_Lup_arg_ERB_23-12_912023_03,JH,erb,23,23-12,912023,12,0,2023-09-01T10:24:42Z,2023-09-01T18:36:34Z,2023-09-01T18:41:33Z,2023-09-01T18:36:34Z,Desorbed NA,3,3,3,3,0,121,NA,Heiling,C:/GCMSsolution/Data/Project1/Campbell RMBL Data/Emitters 2023/JH_Lup_arg_ERB_23-12_912023_03.qgd,b6f9659a-3957-43a7-8b8a-da01d7244272,1,2214,126439483,FALSE,FALSE,FALSE,4,3,East River Bridge,38.95409,-106.98832,2873,2019,8,NA,198.49175453623903
1995,JH_Lup_arg_ERB_23-2_8312023_13.qgd,JH_Lup_arg_230831b.txt,floral,JH_Lup_arg_ERB_23-2_8312023_13,JH,erb,23,23-2,8312023,2,0,2023-08-31T21:31:45Z,2023-09-01T11:40:28Z,2023-09-01T11:45:16Z,2023-09-01T11:40:28Z,Desorbed NA,13,13,13,13,0,132,NA,Heiling,C:/GCMSsolution/Data/Project1/Campbell RMBL Data/Emitters 2023/JH_Lup_arg_ERB_23-2_8312023_13.qgd,8d3524a0-d44e-49ce-8f1e-db50c497cf35,1,2135,407625373,FALSE,FALSE,FALSE,4,3,East River Bridge,38.95409,-106.98832,2873,2019,8,NA,463.7693997175815
1996,JH_Lup_arg_ERB_23-3_8312023_14.qgd,JH_Lup_arg_230831b.txt,floral,JH_Lup_arg_ERB_23-3_8312023_14,JH,erb,23,23-3,8312023,3,0,2023-08-31T21:31:45Z,2023-09-01T12:15:55Z,2023-09-01T12:20:49Z,2023-09-01T12:15:55Z,Desorbed NA,14,14,14,14,0,126,NA,Heiling,C:/GCMSsolution/Data/Project1/Campbell RMBL Data/Emitters 2023/JH_Lup_arg_ERB_23-3_8312023_14.qgd,8d3524a0-d44e-49ce-8f1e-db50c497cf35,1,2127,394609440,FALSE,FALSE,FALSE,4,3,East River Bridge,38.95409,-106.98832,2873,2019,8,NA,60.12424581563857
1997,JH_Lup_arg_ERB_23-4_8312023_15.qgd,JH_Lup_arg_230831b.txt,floral,JH_Lup_arg_ERB_23-4_8312023_15,JH,erb,23,23-4,8312023,4,0,2023-08-31T21:31:45Z,2023-09-01T12:51:34Z,2023-09-01T12:56:31Z,2023-09-01T12:51:34Z,Desorbed NA,15,15,15,15,0,123,NA,Heiling,C:/GCMSsolution/Data/Project1/Campbell RMBL Data/Emitters 2023/JH_Lup_arg_ERB_23-4_8312023_15.qgd,8d3524a0-d44e-49ce-8f1e-db50c497cf35,1,2139,180024812,FALSE,FALSE,FALSE,4,3,East River Bridge,38.95409,-106.98832,2873,2019,8,NA,271.2504162657672
1998,JH_Lup_arg_ERB_23-5_8312023_16.qgd,JH_Lup_arg_230831b.txt,floral,JH_Lup_arg_ERB_23-5_8312023_16,JH,erb,23,23-5,8312023,5,0,2023-08-31T21:31:45Z,2023-09-01T13:27:42Z,2023-09-01T13:32:08Z,2023-09-01T13:27:42Z,Desorbed NA,16,16,16,16,0,154,NA,Heiling,C:/GCMSsolution/Data/Project1/Campbell RMBL Data/Emitters 2023/JH_Lup_arg_ERB_23-5_8312023_16.qgd,8d3524a0-d44e-49ce-8f1e-db50c497cf35,1,2168,124934284,FALSE,FALSE,FALSE,4,3,East River Bridge,38.95409,-106.98832,2873,2019,8,NA,152.63805445110873
1999,JH_Lup_arg_ERB_23-6_8312023_17.qgd,JH_Lup_arg_230831b.txt,floral,JH_Lup_arg_ERB_23-6_8312023_17,JH,erb,23,23-6,8312023,6,0,2023-08-31T21:31:45Z,2023-09-01T14:02:50Z,2023-09-01T14:07:41Z,2023-09-01T14:02:50Z,Desorbed NA,17,17,17,17,0,129,NA,Heiling,C:/GCMSsolution/Data/Project1/Campbell RMBL Data/Emitters 2023/JH_Lup_arg_ERB_23-6_8312023_17.qgd,8d3524a0-d44e-49ce-8f1e-db50c497cf35,1,2108,303204479,FALSE,FALSE,FALSE,4,3,East River Bridge,38.95409,-106.98832,2873,2019,8,NA,99.869861328474
2000,JH_Lup_arg_ERB_23-7_8312023_18.qgd,JH_Lup_arg_230831b.txt,floral,JH_Lup_arg_ERB_23-7_8312023_18,JH,erb,23,23-7,8312023,7,0,2023-08-31T21:31:45Z,2023-09-01T14:38:32Z,2023-09-01T14:43:27Z,2023-09-01T14:38:32Z,Desorbed NA,18,18,18,18,0,125,NA,Heiling,C:/GCMSsolution/Data/Project1/Campbell RMBL Data/Emitters 2023/JH_Lup_arg_ERB_23-7_8312023_18.qgd,8d3524a0-d44e-49ce-8f1e-db50c497cf35,1,2142,418141826,FALSE,FALSE,FALSE,1,3,East River Bridge,38.95409,-106.98832,2873,2019,8,NA,21.330193917527748
2001,JH_Lup_arg_ERB_23-8_8312023_19.qgd,JH_Lup_arg_230831b.txt,floral,JH_Lup_arg_ERB_23-8_8312023_19,JH,erb,23,23-8,8312023,8,0,2023-08-31T21:31:45Z,2023-09-01T15:14:22Z,2023-09-01T15:19:05Z,2023-09-01T15:14:22Z,Desorbed NA,19,19,19,19,0,137,NA,Heiling,C:/GCMSsolution/Data/Project1/Campbell RMBL Data/Emitters 2023/JH_Lup_arg_ERB_23-8_8312023_19.qgd,8d3524a0-d44e-49ce-8f1e-db50c497cf35,1,2150,159866597,FALSE,FALSE,FALSE,4,3,East River Bridge,38.95409,-106.98832,2873,2019,8,NA,16.082841067279844
2002,JH_Lup_arg_ERB_23-9_8312023_20.qgd,JH_Lup_arg_230831b.txt,floral,JH_Lup_arg_ERB_23-9_8312023_20,JH,erb,23,23-9,8312023,9,0,2023-08-31T21:31:45Z,2023-09-01T15:50:18Z,2023-09-01T15:55:12Z,2023-09-01T15:50:18Z,Desorbed NA,20,20,20,20,0,126,NA,Heiling,C:/GCMSsolution/Data/Project1/Campbell RMBL Data/Emitters 2023/JH_Lup_arg_ERB_23-9_8312023_20.qgd,8d3524a0-d44e-49ce-8f1e-db50c497cf35,1,2156,183711523,FALSE,FALSE,FALSE,4,3,East River Bridge,38.95409,-106.98832,2873,2019,8,NA,198.77134491759475
2010,JH_Lup_arg_ERB_23Air1_912023_06.qgd,JH_Lup_arg_230901a.txt,floral,JH_Lup_arg_ELK_23-1_912023_07,JH,elk,23,23-1,912023,1,1,2023-09-01T10:24:42Z,2023-09-01T20:28:26Z,2023-09-01T20:33:24Z,2023-09-01T20:28:26Z,Desorbed NA,7,7,6,6,1,122,NA,Heiling,C:/GCMSsolution/Data/Project1/Campbell RMBL Data/Emitters 2023/JH_Lup_arg_ERB_23Air1_912023_06.qgd,b6f9659a-3957-43a7-8b8a-da01d7244272,1,2243,144575843,FALSE,FALSE,FALSE,4,10,Elko Park,39.00726,-107.05486,3294,2019,8,NA,115.70754044444256
356,JH_Lup_arg_LERB_24_17_7122025_05.qgd,NA,floral,JH_Lup_arg_LERB_24_17_7122025_05,JH,lerb,24,24-17,7122025,17,NA,2025-07-12T11:49:28Z,2025-07-12T21:14:56Z,2025-07-12T21:19:51Z,2025-07-12T21:14:56Z,Desorbed NA,6,5,5,5,0,295,NA,Heiling,C:/GCMSsolution/Data/Project1/Campbell RMBL Data/Lupinus argenteus/JH_Lup_arg_LERB_24_17_7122025_05.qgd,397830e1-f0b9-4558-8a76-b4e4f7b82cc7,1,2181,248923389,FALSE,FALSE,FALSE,4,2,East River Bridge,38.95225,-106.98946,2863,2019,8,"Lower ERB, merge with ERB",155.8113638780668
355,JH_Lup_arg_LERB_24_19_7122025_04.qgd,NA,floral,JH_Lup_arg_LERB_24_19_7122025_04,JH,lerb,24,24-19,7122025,19,NA,2025-07-12T11:49:28Z,2025-07-12T20:38:35Z,2025-07-12T20:42:51Z,2025-07-12T20:38:35Z,Desorbed NA,4,4,4,4,0,256,NA,Heiling,C:/GCMSsolution/Data/Project1/Campbell RMBL Data/Lupinus argenteus/JH_Lup_arg_LERB_24_19_7122025_04.qgd,397830e1-f0b9-4558-8a76-b4e4f7b82cc7,1,2220,966649650,FALSE,FALSE,FALSE,7,2,East River Bridge,38.95225,-106.98946,2863,2019,8,"Lower ERB, merge with ERB",33.20457759075964
343,JH_Lup_arg_LERB_24_23-7_7112025_10.qgd,NA,floral,JH_Lup_arg_LERB_24-9_7112025_11,JH,lerb,24,24-9,7112025,9,NA,2025-07-11T14:34:11Z,2025-07-12T03:10:42Z,2025-07-12T03:15:34Z,2025-07-12T03:10:42Z,Desorbed NA,14,11,10,10,1,292,NA,Heiling,C:/GCMSsolution/Data/Project1/Campbell RMBL Data/Lupinus argenteus/JH_Lup_arg_LERB_24_23-7_7112025_10.qgd,182bf11e-77a8-44d7-914b-3a114b756f5c,1,2246,2222502617,FALSE,FALSE,FALSE,5,2,East River Bridge,38.95225,-106.98946,2863,2019,8,"Lower ERB, merge with ERB",205.0092457131616
347,JH_Lup_arg_LERB_24_23-9_7112025_14.qgd,NA,floral,JH_Lup_arg_LERB_24-1_7112025_15,JH,lerb,24,24-1,7112025,1,NA,2025-07-11T14:34:11Z,2025-07-12T05:38:38Z,2025-07-12T05:43:31Z,2025-07-12T05:38:38Z,Desorbed NA,18,15,14,14,1,293,NA,Heiling,C:/GCMSsolution/Data/Project1/Campbell RMBL Data/Lupinus argenteus/JH_Lup_arg_LERB_24_23-9_7112025_14.qgd,182bf11e-77a8-44d7-914b-3a114b756f5c,1,2210,2476997473,FALSE,FALSE,FALSE,5,2,East River Bridge,38.95225,-106.98946,2863,2019,8,"Lower ERB, merge with ERB",326.1659553113391
361,JH_Lup_arg_LERB_24_33_7122025_10.qgd,NA,floral,JH_Lup_arg_LERB_24_33_7122025_10,JH,lerb,24,24-33,7122025,33,NA,2025-07-12T11:49:28Z,2025-07-13T00:22:40Z,2025-07-13T00:26:42Z,2025-07-13T00:22:40Z,Desorbed NA,11,10,10,10,0,242,NA,Heiling,C:/GCMSsolution/Data/Project1/Campbell RMBL Data/Lupinus argenteus/JH_Lup_arg_LERB_24_33_7122025_10.qgd,397830e1-f0b9-4558-8a76-b4e4f7b82cc7,1,2316,778749692,FALSE,FALSE,FALSE,7,2,East River Bridge,38.95225,-106.98946,2863,2019,8,"Lower ERB, merge with ERB",95.74444362448057
336,JH_Lup_arg_LERB_24_Air2_7112025_03.qgd,NA,floral,JH_Lup_arg_LERB_24_23-1_7112025_04,JH,lerb,24,24-23,7112025,23,NA,2025-07-11T14:34:11Z,2025-07-11T22:46:11Z,2025-07-11T22:50:55Z,2025-07-11T22:46:11Z,Desorbed NA,7,4,3,3,1,284,NA,Heiling,C:/GCMSsolution/Data/Project1/Campbell RMBL Data/Lupinus argenteus/JH_Lup_arg_LERB_24_Air2_7112025_03.qgd,182bf11e-77a8-44d7-914b-3a114b756f5c,1,2213,623179669,FALSE,FALSE,FALSE,7,2,East River Bridge,38.95225,-106.98946,2863,2019,8,"Lower ERB, merge with ERB",92.40861633055115
338,JH_Lup_arg_LERB_24_Air4_7112025_05.qgd,NA,floral,JH_Lup_arg_LERB_24-20_7112025_06,JH,lerb,24,24-20,7112025,20,NA,2025-07-11T14:34:11Z,2025-07-12T00:01:06Z,2025-07-12T00:06:02Z,2025-07-12T00:01:06Z,Desorbed NA,9,6,5,5,1,296,NA,Heiling,C:/GCMSsolution/Data/Project1/Campbell RMBL Data/Lupinus argenteus/JH_Lup_arg_LERB_24_Air4_7112025_05.qgd,182bf11e-77a8-44d7-914b-3a114b756f5c,1,2263,723971701,FALSE,FALSE,FALSE,7,2,East River Bridge,38.95225,-106.98946,2863,2019,8,"Lower ERB, merge with ERB",65.13922326931058
348,JH_Lup_arg_LERB_24-1_7112025_15.qgd,NA,floral,JH_Lup_arg_LERB_24-32_7112025_16,JH,lerb,24,24-32,7112025,32,NA,2025-07-11T14:34:11Z,2025-07-12T06:15:06Z,2025-07-12T06:20:00Z,2025-07-12T06:15:06Z,Desorbed NA,19,16,15,15,1,294,NA,Heiling,C:/GCMSsolution/Data/Project1/Campbell RMBL Data/Lupinus argenteus/JH_Lup_arg_LERB_24-1_7112025_15.qgd,182bf11e-77a8-44d7-914b-3a114b756f5c,1,2188,315257800,FALSE,FALSE,FALSE,4,2,East River Bridge,38.95225,-106.98946,2863,2019,8,"Lower ERB, merge with ERB",168.74285457180557
359,JH_Lup_arg_LERB_24-11_7122025_08.qgd,NA,floral,JH_Lup_arg_LERB_24-11_7122025_08,JH,lerb,24,24-11,7122025,11,NA,2025-07-12T11:49:28Z,2025-07-12T23:06:26Z,2025-07-12T23:11:22Z,2025-07-12T23:06:26Z,Desorbed NA,9,8,8,8,0,296,NA,Heiling,C:/GCMSsolution/Data/Project1/Campbell RMBL Data/Lupinus argenteus/JH_Lup_arg_LERB_24-11_7122025_08.qgd,397830e1-f0b9-4558-8a76-b4e4f7b82cc7,1,2238,365132960,FALSE,FALSE,FALSE,4,2,East River Bridge,38.95225,-106.98946,2863,2019,8,"Lower ERB, merge with ERB",197.5215303063316
357,JH_Lup_arg_LERB_24-16_7122025_06.qgd,NA,floral,JH_Lup_arg_LERB_24-16_7122025_06,JH,lerb,24,24-16,7122025,16,NA,2025-07-12T11:49:28Z,2025-07-12T21:51:55Z,2025-07-12T21:56:52Z,2025-07-12T21:51:55Z,Desorbed NA,7,6,6,6,0,297,NA,Heiling,C:/GCMSsolution/Data/Project1/Campbell RMBL Data/Lupinus argenteus/JH_Lup_arg_LERB_24-16_7122025_06.qgd,397830e1-f0b9-4558-8a76-b4e4f7b82cc7,1,2219,245074859,FALSE,FALSE,FALSE,4,2,East River Bridge,38.95225,-106.98946,2863,2019,8,"Lower ERB, merge with ERB",101.74471417434654
339,JH_Lup_arg_LERB_24-20_7112025_06.qgd,NA,floral,JH_Lup_arg_LERB_24-31_7112025_07,JH,lerb,24,24-31,7112025,31,NA,2025-07-11T14:34:11Z,2025-07-12T00:39:15Z,2025-07-12T00:44:12Z,2025-07-12T00:39:15Z,Desorbed NA,10,7,6,6,1,297,NA,Heiling,C:/GCMSsolution/Data/Project1/Campbell RMBL Data/Lupinus argenteus/JH_Lup_arg_LERB_24-20_7112025_06.qgd,182bf11e-77a8-44d7-914b-3a114b756f5c,1,2289,469555333,FALSE,FALSE,FALSE,7,2,East River Bridge,38.95225,-106.98946,2863,2019,8,"Lower ERB, merge with ERB",79.16545627397767
345,JH_Lup_arg_LERB_24-21_7112025_12.qgd,NA,floral,JH_Lup_arg_LERB_24-8_7112025_13,JH,lerb,24,24-8,7112025,8,NA,2025-07-11T14:34:11Z,2025-07-12T04:24:31Z,2025-07-12T04:29:28Z,2025-07-12T04:24:31Z,Desorbed NA,16,13,12,12,1,297,NA,Heiling,C:/GCMSsolution/Data/Project1/Campbell RMBL Data/Lupinus argenteus/JH_Lup_arg_LERB_24-21_7112025_12.qgd,182bf11e-77a8-44d7-914b-3a114b756f5c,1,2201,242374916,FALSE,FALSE,FALSE,4,2,East River Bridge,38.95225,-106.98946,2863,2019,8,"Lower ERB, merge with ERB",75.94736499469433
342,JH_Lup_arg_LERB_24-23_7112025_09.qgd,NA,floral,JH_Lup_arg_LERB_24_23-7_7112025_10,JH,lerb,24,24-23,7112025,23,NA,2025-07-11T14:34:11Z,2025-07-12T02:33:16Z,2025-07-12T02:38:10Z,2025-07-12T02:33:16Z,Desorbed NA,13,10,9,9,1,294,NA,Heiling,C:/GCMSsolution/Data/Project1/Campbell RMBL Data/Lupinus argenteus/JH_Lup_arg_LERB_24-23_7112025_09.qgd,182bf11e-77a8-44d7-914b-3a114b756f5c,1,2254,626778119,FALSE,FALSE,FALSE,7,2,East River Bridge,38.95225,-106.98946,2863,2019,8,"Lower ERB, merge with ERB",19.43775021720983
360,JH_Lup_arg_LERB_24-25_7122025_09.qgd,NA,floral,JH_Lup_arg_LERB_24-25_7122025_09,JH,lerb,24,24-25,7122025,25,NA,2025-07-12T11:49:28Z,2025-07-12T23:44:04Z,2025-07-12T23:48:54Z,2025-07-12T23:44:04Z,Desorbed NA,10,9,9,9,0,290,NA,Heiling,C:/GCMSsolution/Data/Project1/Campbell RMBL Data/Lupinus argenteus/JH_Lup_arg_LERB_24-25_7122025_09.qgd,397830e1-f0b9-4558-8a76-b4e4f7b82cc7,1,2258,480774004,FALSE,FALSE,FALSE,7,2,East River Bridge,38.95225,-106.98946,2863,2019,8,"Lower ERB, merge with ERB",74.73387110512955
362,JH_Lup_arg_LERB_24-27_7122025_11.qgd,NA,floral,JH_Lup_arg_LERB_24-27_7122025_11,JH,lerb,24,24-27,7122025,27,NA,2025-07-12T11:49:28Z,2025-07-13T00:59:41Z,2025-07-13T01:04:34Z,2025-07-13T00:59:41Z,Desorbed NA,12,11,11,11,0,293,NA,Heiling,C:/GCMSsolution/Data/Project1/Campbell RMBL Data/Lupinus argenteus/JH_Lup_arg_LERB_24-27_7122025_11.qgd,397830e1-f0b9-4558-8a76-b4e4f7b82cc7,1,2221,1263131578,FALSE,FALSE,FALSE,5,2,East River Bridge,38.95225,-106.98946,2863,2019,8,"Lower ERB, merge with ERB",113.25125173634345
340,JH_Lup_arg_LERB_24-31_7112025_07.qgd,NA,floral,JH_Lup_arg_LERB_24-5_7112025_08,JH,lerb,24,24-5,7112025,5,NA,2025-07-11T14:34:11Z,2025-07-12T01:18:34Z,2025-07-12T01:22:29Z,2025-07-12T01:18:34Z,Desorbed NA,11,8,7,7,1,235,NA,Heiling,C:/GCMSsolution/Data/Project1/Campbell RMBL Data/Lupinus argenteus/JH_Lup_arg_LERB_24-31_7112025_07.qgd,182bf11e-77a8-44d7-914b-3a114b756f5c,1,2359,1988896324,FALSE,FALSE,FALSE,5,2,East River Bridge,38.95225,-106.98946,2863,2019,8,"Lower ERB, merge with ERB",188.62935543493742
349,JH_Lup_arg_LERB_24-32_7112025_16.qgd,NA,floral,JH_Lup_arg_LERB_24-18_7112025_17,JH,lerb,24,24-18,7112025,18,NA,2025-07-11T14:34:11Z,2025-07-12T06:51:20Z,2025-07-12T06:56:06Z,2025-07-12T06:51:20Z,Desorbed NA,20,17,16,16,1,286,NA,Heiling,C:/GCMSsolution/Data/Project1/Campbell RMBL Data/Lupinus argenteus/JH_Lup_arg_LERB_24-32_7112025_16.qgd,182bf11e-77a8-44d7-914b-3a114b756f5c,1,2174,692213519,FALSE,FALSE,FALSE,7,2,East River Bridge,38.95225,-106.98946,2863,2019,8,"Lower ERB, merge with ERB",37.352331385543195
341,JH_Lup_arg_LERB_24-5_7112025_08.qgd,NA,floral,JH_Lup_arg_LERB_24-23_7112025_09,JH,lerb,24,24-23,7112025,23,NA,2025-07-11T14:34:11Z,2025-07-12T01:55:42Z,2025-07-12T02:00:22Z,2025-07-12T01:55:42Z,Desorbed NA,12,9,8,8,1,280,NA,Heiling,C:/GCMSsolution/Data/Project1/Campbell RMBL Data/Lupinus argenteus/JH_Lup_arg_LERB_24-5_7112025_08.qgd,182bf11e-77a8-44d7-914b-3a114b756f5c,1,2228,326375681,FALSE,FALSE,FALSE,4,2,East River Bridge,38.95225,-106.98946,2863,2019,8,"Lower ERB, merge with ERB",393.22676180253694
346,JH_Lup_arg_LERB_24-8_7112025_13.qgd,NA,floral,JH_Lup_arg_LERB_24_23-9_7112025_14,JH,lerb,24,24-23,7112025,23,NA,2025-07-11T14:34:11Z,2025-07-12T05:01:48Z,2025-07-12T05:06:37Z,2025-07-12T05:01:48Z,Desorbed NA,17,14,13,13,1,289,NA,Heiling,C:/GCMSsolution/Data/Project1/Campbell RMBL Data/Lupinus argenteus/JH_Lup_arg_LERB_24-8_7112025_13.qgd,182bf11e-77a8-44d7-914b-3a114b756f5c,1,2237,331633759,FALSE,FALSE,FALSE,4,2,East River Bridge,38.95225,-106.98946,2863,2019,8,"Lower ERB, merge with ERB",79.34433345187276
344,JH_Lup_arg_LERB_24-9_7112025_11.qgd,NA,floral,JH_Lup_arg_LERB_24-21_7112025_12,JH,lerb,24,24-21,7112025,21,NA,2025-07-11T14:34:11Z,2025-07-12T03:47:50Z,2025-07-12T03:52:43Z,2025-07-12T03:47:50Z,Desorbed NA,15,12,11,11,1,293,NA,Heiling,C:/GCMSsolution/Data/Project1/Campbell RMBL Data/Lupinus argenteus/JH_Lup_arg_LERB_24-9_7112025_11.qgd,182bf11e-77a8-44d7-914b-3a114b756f5c,1,2228,1481070518,FALSE,FALSE,FALSE,5,2,East River Bridge,38.95225,-106.98946,2863,2019,8,"Lower ERB, merge with ERB",55.32837015962793
10249,LERB2_08282019.qgd,NA,floral,NA,NA,lerb,19,3,8282019,NA,0,2019-08-28T15:36:06Z,2019-08-29T00:26:28Z,2019-08-29T00:31:34Z,2019-08-29T00:26:28Z,Desorbed NA,15,4,NA,4,NA,306,NA,NA,C:/GCMSsolution/Data/Project1/Campbell RMBL Data/Lupinus argenteus/LERB2_08282019.qgd,ebaecfe7-7059-4c39-bc8f-785c21c6bbde,1,2266,290386790,FALSE,TRUE,TRUE,6,2,East River Bridge,38.95225,-106.98946,2863,2019,8,"Lower ERB, merge with ERB",18.175672618288782
10250,LERB3_08282019.qgd,NA,floral,NA,NA,lerb,19,1,8282019,NA,0,2019-08-28T15:36:06Z,2019-08-29T01:04:07Z,2019-08-29T01:09:21Z,2019-08-29T01:04:07Z,Desorbed NA,16,5,NA,5,NA,314,NA,NA,C:/GCMSsolution/Data/Project1/Campbell RMBL Data/Lupinus argenteus/LERB3_08282019.qgd,ebaecfe7-7059-4c39-bc8f-785c21c6bbde,1,2259,281444383,FALSE,TRUE,TRUE,6,2,East River Bridge,38.95225,-106.98946,2863,2019,8,"Lower ERB, merge with ERB",23.701759727896405
10298,lerb4_08292019pm.qgd,NA,floral,NA,NA,lerb,19,4,8292019,NA,0,2019-08-29T23:07:09Z,2019-08-30T08:29:20Z,2019-08-30T08:34:30Z,2019-08-30T08:29:20Z,Desorbed NA,5,5,NA,5,NA,310,NA,NA,C:/GCMSsolution/Data/Project1/Campbell RMBL Data/Lupinus argenteus/lerb4_08292019pm.qgd,39685a14-1ca8-4d9e-a820-ef733a36fc62,1,2133,332622001,FALSE,TRUE,TRUE,6,2,East River Bridge,38.95225,-106.98946,2863,2019,8,"Lower ERB, merge with ERB",507.27185887385
10299,lerb5_08292019pm.qgd,NA,floral,NA,NA,lerb,19,5,8292019,NA,0,2019-08-29T23:07:09Z,2019-08-30T09:04:44Z,2019-08-30T09:10:01Z,2019-08-30T09:04:44Z,Desorbed NA,6,6,NA,6,NA,317,NA,NA,C:/GCMSsolution/Data/Project1/Campbell RMBL Data/Lupinus argenteus/lerb5_08292019pm.qgd,39685a14-1ca8-4d9e-a820-ef733a36fc62,1,2124,262785818,FALSE,TRUE,TRUE,6,2,East River Bridge,38.95225,-106.98946,2863,2019,8,"Lower ERB, merge with ERB",30.31880338495765
10300,lerb6_08292019pm.qgd,NA,floral,NA,NA,lerb,19,6,8292019,NA,0,2019-08-29T23:07:09Z,2019-08-30T09:40:21Z,2019-08-30T09:45:31Z,2019-08-30T09:40:21Z,Desorbed NA,7,7,NA,7,NA,310,NA,NA,C:/GCMSsolution/Data/Project1/Campbell RMBL Data/Lupinus argenteus/lerb6_08292019pm.qgd,39685a14-1ca8-4d9e-a820-ef733a36fc62,1,2137,255709571,FALSE,TRUE,TRUE,6,2,East River Bridge,38.95225,-106.98946,2863,2019,8,"Lower ERB, merge with ERB",123.97889224068666
10185,Lupine1Aug3L_08252017.qgd,NA,floral,NA,NA,gth,17,1,8252017,NA,0,2017-08-25T07:22:12Z,2017-08-25T18:39:37Z,2017-08-25T18:46:41Z,2017-08-25T18:39:37Z,Desorbed NA,8,8,NA,8,NA,424,NA,NA,C:/GCMSsolution/Data/Project1/Campbell RMBL Data/Other species - Campbell/Lupine1Aug3L_08252017.qgd,bf3978ae-d01b-4a56-bb25-1051fc9841b9,1,2226,407340100,FALSE,TRUE,TRUE,2,4,Gothic Parking Lot,38.9575,-106.98861,2886,2017,8,NA,74.10317876643491
10186,Lupine2Aug3L_08252017.qgd,NA,floral,NA,NA,gth,17,2,8252017,NA,0,2017-08-25T07:22:12Z,2017-08-25T19:16:47Z,2017-08-25T19:23:53Z,2017-08-25T19:16:47Z,Desorbed NA,9,9,NA,9,NA,426,NA,NA,C:/GCMSsolution/Data/Project1/Campbell RMBL Data/Other species - Campbell/Lupine2Aug3L_08252017.qgd,bf3978ae-d01b-4a56-bb25-1051fc9841b9,1,2230,534248886,FALSE,TRUE,TRUE,2,4,Gothic Parking Lot,38.9575,-106.98861,2886,2017,8,NA,78.35584663070152
10192,Lupine3Aug3_08252017.qgd,NA,floral,NA,NA,gth,17,3,8252017,NA,0,2017-08-25T14:26:21Z,2017-08-25T23:48:47Z,2017-08-25T23:55:54Z,2017-08-25T23:48:47Z,Desorbed NA,6,5,NA,5,NA,427,NA,NA,C:/GCMSsolution/Data/Project1/Campbell RMBL Data/Other species - Campbell/Lupine3Aug3_08252017.qgd,5566bfb7-2c2e-4e15-a0a6-628b8e21f7bb,1,2320,320152258,FALSE,TRUE,TRUE,2,4,Gothic Parking Lot,38.9575,-106.98861,2886,2017,8,NA,52.22155114099474
10193,Lupine4Aug3_08252017.qgd,NA,floral,NA,NA,gth,17,4,8252017,NA,0,2017-08-25T14:26:21Z,2017-08-26T00:27:45Z,2017-08-26T00:34:47Z,2017-08-26T00:27:45Z,Desorbed NA,7,6,NA,6,NA,422,NA,NA,C:/GCMSsolution/Data/Project1/Campbell RMBL Data/Other species - Campbell/Lupine4Aug3_08252017.qgd,5566bfb7-2c2e-4e15-a0a6-628b8e21f7bb,1,2338,363002139,FALSE,TRUE,TRUE,2,4,Gothic Parking Lot,38.9575,-106.98861,2886,2017,8,NA,29.254606795025463
10197,Lupine5Aug3L_08262017.qgd,NA,floral,NA,NA,gth,17,5,8262017,NA,0,2017-08-26T07:48:32Z,2017-08-26T16:36:15Z,2017-08-26T16:43:20Z,2017-08-26T16:36:15Z,Desorbed NA,4,4,NA,4,NA,425,NA,NA,C:/GCMSsolution/Data/Project1/Campbell RMBL Data/Other species - Campbell/Lupine5Aug3L_08262017.qgd,2a728d80-1a6e-44e0-9cc6-a4c6eca1c7d9,1,2189,246343902,FALSE,TRUE,TRUE,2,4,Gothic Parking Lot,38.9575,-106.98861,2886,2017,8,NA,18.226732993747763
10187,LupineR1Aug20_08252017.qgd,NA,floral,NA,NA,npb,17,1,8252017,NA,1,2017-08-25T07:22:12Z,2017-08-25T19:54:14Z,2017-08-25T20:01:18Z,2017-08-25T19:54:14Z,Desorbed NA,10,10,NA,10,NA,424,NA,NA,C:/GCMSsolution/Data/Project1/Campbell RMBL Data/Other species - Campbell/LupineR1Aug20_08252017.qgd,bf3978ae-d01b-4a56-bb25-1051fc9841b9,1,2247,309655604,FALSE,TRUE,TRUE,2,12,North Pole Basin,39.02944,-107.08167,3378,2017,8,NA,20.92501496485833
10189,LupineR2Aug20redo_08252017.qgd,NA,floral,NA,NA,npb,17,2,8252017,NA,1,2017-08-25T14:26:21Z,2017-08-25T21:54:01Z,2017-08-25T22:00:31Z,2017-08-25T21:54:01Z,Desorbed NA,3,2,NA,2,NA,390,NA,NA,C:/GCMSsolution/Data/Project1/Campbell RMBL Data/Other species - Campbell/LupineR2Aug20redo_08252017.qgd,5566bfb7-2c2e-4e15-a0a6-628b8e21f7bb,1,NA,262082968,FALSE,TRUE,TRUE,2,12,North Pole Basin,39.02944,-107.08167,3378,2017,8,NA,114.94405277491143
10190,LupineR3Aug20_08252017.qgd,NA,floral,NA,NA,npb,17,3,8252017,NA,1,2017-08-25T14:26:21Z,2017-08-25T22:31:35Z,2017-08-25T22:38:41Z,2017-08-25T22:31:35Z,Desorbed NA,4,3,NA,3,NA,426,NA,NA,C:/GCMSsolution/Data/Project1/Campbell RMBL Data/Other species - Campbell/LupineR3Aug20_08252017.qgd,5566bfb7-2c2e-4e15-a0a6-628b8e21f7bb,1,2254,255559175,FALSE,TRUE,TRUE,2,12,North Pole Basin,39.02944,-107.08167,3378,2017,8,NA,28.50358970116753
10191,LupineR4Aug20_08252017.qgd,NA,floral,NA,NA,npb,17,4,8252017,NA,1,2017-08-25T14:26:21Z,2017-08-25T23:10:07Z,2017-08-25T23:17:10Z,2017-08-25T23:10:07Z,Desorbed NA,5,4,NA,4,NA,423,NA,NA,C:/GCMSsolution/Data/Project1/Campbell RMBL Data/Other species - Campbell/LupineR4Aug20_08252017.qgd,5566bfb7-2c2e-4e15-a0a6-628b8e21f7bb,1,2312,299516729,FALSE,TRUE,TRUE,2,12,North Pole Basin,39.02944,-107.08167,3378,2017,8,NA,145.5851778607819
1216,Lupinus_brc_20_1_8122021_11.qgd,Lupinus_210812.txt,floral,Lupinus_brc_20_1_8122021_11,Lupinus,brc,20,1,8122021,11,0,2021-08-12T09:12:11Z,2021-08-12T22:29:57Z,2021-08-12T22:44:40Z,2021-08-12T22:29:57Z,Desorbed NA,11,11,11,11,0,883,NA,NA,C:/GCMSsolution/Data/Project1/Campbell RMBL Data/Lupinus argenteus/Lupinus_brc_20_1_8122021_11.qgd,cafc7396-3329-4a2d-9d85-c9ec3e9b7653,1,40.7,1291509238,FALSE,FALSE,FALSE,1,1,Brush Creek Trailhead,38.86367,-106.91402,2724,2020,8,NA,75.49410516009254
1225,Lupinus_brc_20_2_8122021_20.qgd,Lupinus_210812.txt,floral,Lupinus_brc_20_2_8122021_20,Lupinus,brc,20,2,8122021,20,0,2021-08-12T09:12:11Z,2021-08-13T04:12:02Z,2021-08-13T04:27:46Z,2021-08-13T04:12:02Z,Desorbed NA,20,20,20,20,0,944,NA,NA,C:/GCMSsolution/Data/Project1/Campbell RMBL Data/Lupinus argenteus/Lupinus_brc_20_2_8122021_20.qgd,cafc7396-3329-4a2d-9d85-c9ec3e9b7653,1,37.016666666666666,982125123,FALSE,FALSE,FALSE,1,1,Brush Creek Trailhead,38.86367,-106.91402,2724,2020,8,NA,823.393171524459
1250,Lupinus_brc_20_3_8142021_05.qgd,Lupinus20_SC_Lagg21_210814.txt,floral,Lupinus_brc_20_3_8142021_05,Lupinus,brc,20,3,8142021,05,0,2021-08-14T07:25:31Z,2021-08-14T16:48:01Z,2021-08-14T17:03:49Z,2021-08-14T16:48:01Z,Desorbed NA,5,5,5,5,0,948,NA,Martin,C:/GCMSsolution/Data/Project1/Campbell RMBL Data/Ipomopsis 2020/Lupinus_brc_20_3_8142021_05.qgd,5edabd56-3b80-437b-a16a-03e8258d7b41,1,36.03333333333333,203403596,FALSE,FALSE,FALSE,4,1,Brush Creek Trailhead,38.86367,-106.91402,2724,2020,8,NA,144.76732722178238
1251,Lupinus_brc_20_4_8142021_06.qgd,Lupinus20_SC_Lagg21_210814.txt,floral,Lupinus_brc_20_4_8142021_06,Lupinus,brc,20,4,8142021,06,0,2021-08-14T07:25:31Z,2021-08-14T17:24:19Z,2021-08-14T17:40:07Z,2021-08-14T17:24:19Z,Desorbed NA,6,6,6,6,0,948,NA,Martin,C:/GCMSsolution/Data/Project1/Campbell RMBL Data/Ipomopsis 2020/Lupinus_brc_20_4_8142021_06.qgd,5edabd56-3b80-437b-a16a-03e8258d7b41,1,36.3,166855402,FALSE,FALSE,FALSE,4,1,Brush Creek Trailhead,38.86367,-106.91402,2724,2020,8,NA,151.78277783297366
1222,Lupinus_brc_20_5_8122021_17.qgd,Lupinus_210812.txt,floral,Lupinus_brc_20_5_8122021_17,Lupinus,brc,20,5,8122021,17,0,2021-08-12T09:12:11Z,2021-08-13T02:20:34Z,2021-08-13T02:36:22Z,2021-08-13T02:20:34Z,Desorbed NA,17,17,17,17,0,948,NA,NA,C:/GCMSsolution/Data/Project1/Campbell RMBL Data/Lupinus argenteus/Lupinus_brc_20_5_8122021_17.qgd,cafc7396-3329-4a2d-9d85-c9ec3e9b7653,1,37.583333333333336,288062284,FALSE,FALSE,FALSE,4,1,Brush Creek Trailhead,38.86367,-106.91402,2724,2020,8,NA,263.57016615489056
1220,Lupinus_brc_20_6_8122021_15.qgd,Lupinus_210812.txt,floral,Lupinus_brc_20_6_8122021_15,Lupinus,brc,20,6,8122021,15,1,2021-08-12T09:12:11Z,2021-08-13T01:04:38Z,2021-08-13T01:20:27Z,2021-08-13T01:04:38Z,Desorbed NA,15,15,15,15,0,949,NA,NA,C:/GCMSsolution/Data/Project1/Campbell RMBL Data/Lupinus argenteus/Lupinus_brc_20_6_8122021_15.qgd,cafc7396-3329-4a2d-9d85-c9ec3e9b7653,1,38.56666666666667,842446536,FALSE,FALSE,FALSE,1,1,Brush Creek Trailhead,38.86367,-106.91402,2724,2020,8,NA,38.069869498051304
1218,Lupinus_brc_20_7_8122021_13.qgd,Lupinus_210812.txt,floral,Lupinus_brc_20_7_8122021_13,Lupinus,brc,20,7,8122021,13,0,2021-08-12T09:12:11Z,2021-08-12T23:46:57Z,2021-08-13T00:02:42Z,2021-08-12T23:46:57Z,Desorbed NA,13,13,13,13,0,945,NA,NA,C:/GCMSsolution/Data/Project1/Campbell RMBL Data/Lupinus argenteus/Lupinus_brc_20_7_8122021_13.qgd,cafc7396-3329-4a2d-9d85-c9ec3e9b7653,1,38.86666666666667,219262680,FALSE,FALSE,FALSE,4,1,Brush Creek Trailhead,38.86367,-106.91402,2724,2020,8,NA,105.05272736976765
1242,Lupinus_brc_20_8_8132021_17.qgd,Lupinus_210813.txt,floral,Lupinus_lerb_20_8_8132021_16,Lupinus,lerb,20,8,8132021,16,0,2021-08-13T06:42:36Z,2021-08-13T23:41:50Z,2021-08-13T23:57:42Z,2021-08-13T23:41:50Z,Desorbed NA,17,17,17,17,0,952,NA,NA,C:/GCMSsolution/Data/Project1/Campbell RMBL Data/Lupinus argenteus/Lupinus_brc_20_8_8132021_17.qgd,47ed1b17-a106-4bed-960a-ea8c80770b21,1,39.86666666666667,1180013186,FALSE,FALSE,FALSE,1,2,East River Bridge,38.95225,-106.98946,2863,2019,8,"Lower ERB, merge with ERB",137.98169446221388
1244,Lupinus_brc_20_air_1_8132021_19.qgd,Lupinus_210813.txt,floral,Lupinus_lerb_20_2_8132021_18,Lupinus,lerb,20,2,8132021,18,0,2021-08-13T06:42:36Z,2021-08-14T01:00:23Z,2021-08-14T01:16:14Z,2021-08-14T01:00:23Z,Desorbed NA,19,19,19,19,0,951,NA,NA,C:/GCMSsolution/Data/Project1/Campbell RMBL Data/Lupinus argenteus/Lupinus_brc_20_air_1_8132021_19.qgd,47ed1b17-a106-4bed-960a-ea8c80770b21,1,38.96666666666667,475721609,FALSE,FALSE,FALSE,1,2,East River Bridge,38.95225,-106.98946,2863,2019,8,"Lower ERB, merge with ERB",32.83568726198672
1189,Lupinus_bur_20_1_8112021_04.qgd,Lupinus_210811.txt,floral,Lupinus_bur_20_1_8112021_04,Lupinus,bur,20,1,8112021,04,1,2021-08-11T10:31:50Z,2021-08-11T19:20:29Z,2021-08-11T19:36:05Z,2021-08-11T19:20:29Z,Desorbed NA,4,4,4,4,0,936,NA,NA,C:/GCMSsolution/Data/Project1/Campbell RMBL Data/Lupinus argenteus/Lupinus_bur_20_1_8112021_04.qgd,2ae0ef0d-3fec-412c-813b-c25499b5b77c,1,36.583333333333336,340554524,FALSE,FALSE,FALSE,4,5,Burro Park,38.13358,-106.81015,3082,2020,9,NA,1536.233951802689
1191,Lupinus_bur_20_2_8112021_06.qgd,Lupinus_210811.txt,floral,Lupinus_bur_20_2_8112021_06,Lupinus,bur,20,2,8112021,06,0,2021-08-11T10:31:50Z,2021-08-11T20:35:16Z,2021-08-11T20:50:47Z,2021-08-11T20:35:16Z,Desorbed NA,6,6,6,6,0,931,NA,NA,C:/GCMSsolution/Data/Project1/Campbell RMBL Data/Lupinus argenteus/Lupinus_bur_20_2_8112021_06.qgd,2ae0ef0d-3fec-412c-813b-c25499b5b77c,1,37.7,320499176,FALSE,FALSE,FALSE,4,5,Burro Park,38.13358,-106.81015,3082,2020,9,NA,1250.3848372143073
1195,Lupinus_bur_20_3_8112021_10.qgd,Lupinus_210811.txt,floral,Lupinus_bur_20_3_8112021_10,Lupinus,bur,20,3,8112021,10,0,2021-08-11T10:31:50Z,2021-08-11T23:09:23Z,2021-08-11T23:25:07Z,2021-08-11T23:09:23Z,Desorbed NA,10,10,10,10,0,944,NA,NA,C:/GCMSsolution/Data/Project1/Campbell RMBL Data/Lupinus argenteus/Lupinus_bur_20_3_8112021_10.qgd,2ae0ef0d-3fec-412c-813b-c25499b5b77c,1,39.166666666666664,517306032,FALSE,FALSE,FALSE,1,5,Burro Park,38.13358,-106.81015,3082,2020,9,NA,300.5473932658803
1193,Lupinus_bur_20_4_8112021_08.qgd,Lupinus_210811.txt,floral,Lupinus_bur_20_4_8112021_08,Lupinus,bur,20,4,8112021,08,0,2021-08-11T10:31:50Z,2021-08-11T21:51:30Z,2021-08-11T22:07:17Z,2021-08-11T21:51:30Z,Desorbed NA,8,8,8,8,0,947,NA,NA,C:/GCMSsolution/Data/Project1/Campbell RMBL Data/Lupinus argenteus/Lupinus_bur_20_4_8112021_08.qgd,2ae0ef0d-3fec-412c-813b-c25499b5b77c,1,38.46666666666667,336029526,FALSE,FALSE,FALSE,4,5,Burro Park,38.13358,-106.81015,3082,2020,9,NA,912.0805757470741
1192,Lupinus_bur_20_5_8112021_07.qgd,Lupinus_210811.txt,floral,Lupinus_bur_20_5_8112021_07,Lupinus,bur,20,5,8112021,07,1,2021-08-11T10:31:50Z,2021-08-11T21:13:02Z,2021-08-11T21:28:50Z,2021-08-11T21:13:02Z,Desorbed NA,7,7,7,7,0,948,NA,NA,C:/GCMSsolution/Data/Project1/Campbell RMBL Data/Lupinus argenteus/Lupinus_bur_20_5_8112021_07.qgd,2ae0ef0d-3fec-412c-813b-c25499b5b77c,1,37.766666666666666,361575748,FALSE,FALSE,FALSE,4,5,Burro Park,38.13358,-106.81015,3082,2020,9,NA,1690.7027498856326
1187,Lupinus_bur_20_6_8112021_02.qgd,Lupinus_210811.txt,floral,Lupinus_bur_20_6_8112021_02,Lupinus,bur,20,6,8112021,02,1,2021-08-11T10:31:50Z,2021-08-11T18:07:13Z,2021-08-11T18:22:56Z,2021-08-11T18:07:13Z,Desorbed NA,2,2,2,2,0,943,NA,NA,C:/GCMSsolution/Data/Project1/Campbell RMBL Data/Lupinus argenteus/Lupinus_bur_20_6_8112021_02.qgd,2ae0ef0d-3fec-412c-813b-c25499b5b77c,1,30.466666666666665,460964360,FALSE,FALSE,FALSE,4,5,Burro Park,38.13358,-106.81015,3082,2020,9,NA,3270.4057205886775
1190,Lupinus_bur_20_7_8112021_05.qgd,Lupinus_210811.txt,floral,Lupinus_bur_20_7_8112021_05,Lupinus,bur,20,7,8112021,05,1,2021-08-11T10:31:50Z,2021-08-11T19:57:34Z,2021-08-11T20:13:20Z,2021-08-11T19:57:34Z,Desorbed NA,5,5,5,5,0,946,NA,NA,C:/GCMSsolution/Data/Project1/Campbell RMBL Data/Lupinus argenteus/Lupinus_bur_20_7_8112021_05.qgd,2ae0ef0d-3fec-412c-813b-c25499b5b77c,1,37.083333333333336,403531076,FALSE,FALSE,FALSE,4,5,Burro Park,38.13358,-106.81015,3082,2020,9,NA,2998.334670312648
1194,Lupinus_bur_20_8_8112021_09.qgd,Lupinus_210811.txt,floral,Lupinus_bur_20_8_8112021_09,Lupinus,bur,20,8,8112021,09,0,2021-08-11T10:31:50Z,2021-08-11T22:30:13Z,2021-08-11T22:46:01Z,2021-08-11T22:30:13Z,Desorbed NA,9,9,9,9,0,948,NA,NA,C:/GCMSsolution/Data/Project1/Campbell RMBL Data/Lupinus argenteus/Lupinus_bur_20_8_8112021_09.qgd,2ae0ef0d-3fec-412c-813b-c25499b5b77c,1,38.71666666666667,884390288,FALSE,FALSE,FALSE,1,5,Burro Park,38.13358,-106.81015,3082,2020,9,NA,349.0369605737616
1212,Lupinus_bvb_20_1_8122021_07.qgd,Lupinus_210812.txt,floral,Lupinus_bvb_20_1_8122021_07,Lupinus,bvb,20,1,8122021,07,1,2021-08-12T09:12:11Z,2021-08-12T19:51:45Z,2021-08-12T20:07:36Z,2021-08-12T19:51:45Z,Desorbed NA,7,7,7,7,0,951,NA,NA,C:/GCMSsolution/Data/Project1/Campbell RMBL Data/Lupinus argenteus/Lupinus_bvb_20_1_8122021_07.qgd,cafc7396-3329-4a2d-9d85-c9ec3e9b7653,1,37.93333333333333,158966873,FALSE,FALSE,FALSE,4,8,Bellview Bench,39.00648,-107.02795,3200,2018,8,NA,179.71788646336833
1213,Lupinus_bvb_20_2_8122021_08.qgd,Lupinus_210812.txt,floral,Lupinus_bvb_20_2_8122021_08,Lupinus,bvb,20,2,8122021,08,1,2021-08-12T09:12:11Z,2021-08-12T20:30:18Z,2021-08-12T20:46:07Z,2021-08-12T20:30:18Z,Desorbed NA,8,8,8,8,0,949,NA,NA,C:/GCMSsolution/Data/Project1/Campbell RMBL Data/Lupinus argenteus/Lupinus_bvb_20_2_8122021_08.qgd,cafc7396-3329-4a2d-9d85-c9ec3e9b7653,1,38.55,192840851,FALSE,FALSE,FALSE,4,8,Bellview Bench,39.00648,-107.02795,3200,2018,8,NA,248.25814868027788
1211,Lupinus_bvb_20_3_8122021_06.qgd,Lupinus_210812.txt,floral,Lupinus_bvb_20_3_8122021_06,Lupinus,bvb,20,3,8122021,06,1,2021-08-12T09:12:11Z,2021-08-12T19:13:49Z,2021-08-12T19:29:37Z,2021-08-12T19:13:49Z,Desorbed NA,6,6,6,6,0,948,NA,NA,C:/GCMSsolution/Data/Project1/Campbell RMBL Data/Lupinus argenteus/Lupinus_bvb_20_3_8122021_06.qgd,cafc7396-3329-4a2d-9d85-c9ec3e9b7653,1,37.583333333333336,1067248031,FALSE,FALSE,FALSE,1,8,Bellview Bench,39.00648,-107.02795,3200,2018,8,NA,165.1815969930975
1236,Lupinus_bvb_20_4_8132021_11.qgd,Lupinus_210813.txt,floral,Lupinus_bvb_20_5_8132021_10,Lupinus,bvb,20,5,8132021,10,0,2021-08-13T06:42:36Z,2021-08-13T19:44:49Z,2021-08-13T19:59:43Z,2021-08-13T19:44:49Z,Desorbed NA,11,11,11,11,0,894,NA,NA,C:/GCMSsolution/Data/Project1/Campbell RMBL Data/Lupinus argenteus/Lupinus_bvb_20_4_8132021_11.qgd,47ed1b17-a106-4bed-960a-ea8c80770b21,1,38.733333333333334,142465957,FALSE,FALSE,FALSE,4,8,Bellview Bench,39.00648,-107.02795,3200,2018,8,NA,39.661832764589825
1235,Lupinus_bvb_20_5_8132021_10.qgd,Lupinus_210813.txt,floral,Lupinus_chs_20_3_8132021_09,Lupinus,chs,20,3,8132021,09,0,2021-08-13T06:42:36Z,2021-08-13T19:06:05Z,2021-08-13T19:21:53Z,2021-08-13T19:06:05Z,Desorbed NA,10,10,10,10,0,948,NA,NA,C:/GCMSsolution/Data/Project1/Campbell RMBL Data/Lupinus argenteus/Lupinus_bvb_20_5_8132021_10.qgd,47ed1b17-a106-4bed-960a-ea8c80770b21,1,36.9,234652199,FALSE,FALSE,FALSE,4,13,Currant Hill,39.01166,-107.03412,3429,2020,8,NA,122.24695542879397
1214,Lupinus_bvb_20_6_8122021_09.qgd,Lupinus_210812.txt,floral,Lupinus_bvb_20_6_8122021_09,Lupinus,bvb,20,6,8122021,09,0,2021-08-12T09:12:11Z,2021-08-12T21:09:33Z,2021-08-12T21:25:09Z,2021-08-12T21:09:33Z,Desorbed NA,9,9,9,9,0,936,NA,NA,C:/GCMSsolution/Data/Project1/Campbell RMBL Data/Lupinus argenteus/Lupinus_bvb_20_6_8122021_09.qgd,cafc7396-3329-4a2d-9d85-c9ec3e9b7653,1,39.25,478456573,FALSE,FALSE,FALSE,1,8,Bellview Bench,39.00648,-107.02795,3200,2018,8,NA,639.8370869957461
1239,Lupinus_bvb_20_7_8132021_14.qgd,Lupinus_210813.txt,floral,Lupinus_bvb_20_8_8132021_13,Lupinus,bvb,20,8,8132021,13,0,2021-08-13T06:42:36Z,2021-08-13T21:40:45Z,2021-08-13T21:56:18Z,2021-08-13T21:40:45Z,Desorbed NA,14,14,14,14,0,933,NA,NA,C:/GCMSsolution/Data/Project1/Campbell RMBL Data/Lupinus argenteus/Lupinus_bvb_20_7_8132021_14.qgd,47ed1b17-a106-4bed-960a-ea8c80770b21,1,39.75,227437178,FALSE,FALSE,FALSE,4,8,Bellview Bench,39.00648,-107.02795,3200,2018,8,NA,150.42803414972778
1238,Lupinus_bvb_20_8_8132021_13.qgd,Lupinus_210813.txt,floral,Lupinus_bvb_20_9_8132021_12,Lupinus,bvb,20,9,8132021,12,1,2021-08-13T06:42:36Z,2021-08-13T21:01:00Z,2021-08-13T21:16:48Z,2021-08-13T21:01:00Z,Desorbed NA,13,13,13,13,0,948,NA,NA,C:/GCMSsolution/Data/Project1/Campbell RMBL Data/Lupinus argenteus/Lupinus_bvb_20_8_8132021_13.qgd,47ed1b17-a106-4bed-960a-ea8c80770b21,1,39.016666666666666,836928815,FALSE,FALSE,FALSE,1,8,Bellview Bench,39.00648,-107.02795,3200,2018,8,NA,70.63728540831907
1237,Lupinus_bvb_20_9_8132021_12.qgd,Lupinus_210813.txt,floral,Lupinus_bvb_20_4_8132021_11,Lupinus,bvb,20,4,8132021,11,0,2021-08-13T06:42:36Z,2021-08-13T20:21:59Z,2021-08-13T20:37:49Z,2021-08-13T20:21:59Z,Desorbed NA,12,12,12,12,0,950,NA,NA,C:/GCMSsolution/Data/Project1/Campbell RMBL Data/Lupinus argenteus/Lupinus_bvb_20_9_8132021_12.qgd,47ed1b17-a106-4bed-960a-ea8c80770b21,1,37.166666666666664,916929498,FALSE,FALSE,FALSE,1,8,Bellview Bench,39.00648,-107.02795,3200,2018,8,NA,57.78696317029305
1233,Lupinus_chs_20_1_8132021_08.qgd,Lupinus_210813.txt,floral,Lupinus_chs_20_4_8132021_07,Lupinus,chs,20,4,8132021,07,1,2021-08-13T06:42:36Z,2021-08-13T17:51:52Z,2021-08-13T18:07:39Z,2021-08-13T17:51:52Z,Desorbed NA,8,8,8,8,0,947,NA,NA,C:/GCMSsolution/Data/Project1/Campbell RMBL Data/Lupinus argenteus/Lupinus_chs_20_1_8132021_08.qgd,47ed1b17-a106-4bed-960a-ea8c80770b21,1,36.71666666666667,921837634,FALSE,FALSE,FALSE,1,13,Currant Hill,39.01166,-107.03412,3429,2020,8,NA,351.8905221825306
1230,Lupinus_chs_20_2_8132021_05.qgd,Lupinus_210813.txt,floral,Lupinus_eml_20_2_8132021_04,Lupinus,eml,20,2,8132021,04,0,2021-08-13T06:42:36Z,2021-08-13T16:03:11Z,2021-08-13T16:18:47Z,2021-08-13T16:03:11Z,Desorbed NA,5,5,5,5,0,936,NA,NA,C:/GCMSsolution/Data/Project1/Campbell RMBL Data/Lupinus argenteus/Lupinus_chs_20_2_8132021_05.qgd,47ed1b17-a106-4bed-960a-ea8c80770b21,1,34.95,912897515,FALSE,FALSE,FALSE,1,6,Emerald Lake,39.0084,-107.04099,3127,2020,8,NA,99.50963240671513
1234,Lupinus_chs_20_3_8132021_09.qgd,Lupinus_210813.txt,floral,Lupinus_chs_20_1_8132021_08,Lupinus,chs,20,1,8132021,08,0,2021-08-13T06:42:36Z,2021-08-13T18:29:11Z,2021-08-13T18:44:45Z,2021-08-13T18:29:11Z,Desorbed NA,9,9,9,9,0,934,NA,NA,C:/GCMSsolution/Data/Project1/Campbell RMBL Data/Lupinus argenteus/Lupinus_chs_20_3_8132021_09.qgd,47ed1b17-a106-4bed-960a-ea8c80770b21,1,37.31666666666667,1068206050,FALSE,FALSE,FALSE,1,13,Currant Hill,39.01166,-107.03412,3429,2020,8,NA,197.00391140018098
1231,Lupinus_chs_20_air_1_8132021_06.qgd,Lupinus_210813.txt,floral,Lupinus_chs_20_2_8132021_05,Lupinus,chs,20,2,8132021,05,1,2021-08-13T06:42:36Z,2021-08-13T16:38:53Z,2021-08-13T16:54:42Z,2021-08-13T16:38:53Z,Desorbed NA,6,6,6,6,0,949,NA,NA,C:/GCMSsolution/Data/Project1/Campbell RMBL Data/Lupinus argenteus/Lupinus_chs_20_air_1_8132021_06.qgd,47ed1b17-a106-4bed-960a-ea8c80770b21,1,35.7,882571336,FALSE,FALSE,FALSE,1,13,Currant Hill,39.01166,-107.03412,3429,2020,8,NA,97.99750409628284
1229,Lupinus_eml_20_2_8132021_04.qgd,Lupinus_210813.txt,floral,Lupinus_eml_20_1_8132021_03,Lupinus,eml,20,1,8132021,03,1,2021-08-13T06:42:36Z,2021-08-13T15:28:14Z,2021-08-13T15:43:25Z,2021-08-13T15:28:14Z,Desorbed NA,4,4,4,4,0,911,NA,NA,C:/GCMSsolution/Data/Project1/Campbell RMBL Data/Lupinus argenteus/Lupinus_eml_20_2_8132021_04.qgd,47ed1b17-a106-4bed-960a-ea8c80770b21,1,35.075,1092327589,FALSE,FALSE,FALSE,1,6,Emerald Lake,39.0084,-107.04099,3127,2020,8,NA,2307.9796267851107
1196,Lupinus_eml_20_3_8112021_11.qgd,Lupinus_210811.txt,floral,Lupinus_eml_20_3_8112021_11,Lupinus,eml,20,3,8112021,11,1,2021-08-11T10:31:50Z,2021-08-11T23:49:34Z,2021-08-12T00:04:25Z,2021-08-11T23:49:34Z,Desorbed NA,11,11,11,11,0,891,NA,NA,C:/GCMSsolution/Data/Project1/Campbell RMBL Data/Lupinus argenteus/Lupinus_eml_20_3_8112021_11.qgd,2ae0ef0d-3fec-412c-813b-c25499b5b77c,1,40.18333333333333,124280634,FALSE,FALSE,FALSE,4,6,Emerald Lake,39.0084,-107.04099,3127,2020,8,NA,58.703283047592684
1199,Lupinus_eml_20_4_8112021_14.qgd,Lupinus_210811.txt,floral,Lupinus_eml_20_4_8112021_14,Lupinus,eml,20,4,8112021,14,1,2021-08-11T10:31:50Z,2021-08-12T01:45:47Z,2021-08-12T02:01:30Z,2021-08-12T01:45:47Z,Desorbed NA,14,14,14,14,0,943,NA,NA,C:/GCMSsolution/Data/Project1/Campbell RMBL Data/Lupinus argenteus/Lupinus_eml_20_4_8112021_14.qgd,2ae0ef0d-3fec-412c-813b-c25499b5b77c,1,38.416666666666664,689051059,FALSE,FALSE,FALSE,1,6,Emerald Lake,39.0084,-107.04099,3127,2020,8,NA,37.56077027301915
1198,Lupinus_eml_20_5_8112021_13.qgd,Lupinus_210811.txt,floral,Lupinus_eml_20_5_8112021_13,Lupinus,eml,20,5,8112021,13,0,2021-08-11T10:31:50Z,2021-08-12T01:07:22Z,2021-08-12T01:23:06Z,2021-08-12T01:07:22Z,Desorbed NA,13,13,13,13,0,944,NA,NA,C:/GCMSsolution/Data/Project1/Campbell RMBL Data/Lupinus argenteus/Lupinus_eml_20_5_8112021_13.qgd,2ae0ef0d-3fec-412c-813b-c25499b5b77c,1,39.2,170616941,FALSE,FALSE,FALSE,4,6,Emerald Lake,39.0084,-107.04099,3127,2020,8,NA,85.28166433323041
1201,Lupinus_eml_20_6_8112021_16.qgd,Lupinus_210811.txt,floral,Lupinus_eml_20_6_8112021_16,Lupinus,eml,20,6,8112021,16,0,2021-08-11T10:31:50Z,2021-08-12T03:00:40Z,2021-08-12T03:16:27Z,2021-08-12T03:00:40Z,Desorbed NA,16,16,16,16,0,947,NA,NA,C:/GCMSsolution/Data/Project1/Campbell RMBL Data/Lupinus argenteus/Lupinus_eml_20_6_8112021_16.qgd,2ae0ef0d-3fec-412c-813b-c25499b5b77c,1,37.1,498847166,FALSE,FALSE,FALSE,1,6,Emerald Lake,39.0084,-107.04099,3127,2020,8,NA,15.099209526567744
1202,Lupinus_eml_20_7_8112021_17.qgd,Lupinus_210811.txt,floral,Lupinus_eml_20_7_8112021_17,Lupinus,eml,20,7,8112021,17,1,2021-08-11T10:31:50Z,2021-08-12T03:37:10Z,2021-08-12T03:52:48Z,2021-08-12T03:37:10Z,Desorbed NA,17,17,17,17,0,938,NA,NA,C:/GCMSsolution/Data/Project1/Campbell RMBL Data/Lupinus argenteus/Lupinus_eml_20_7_8112021_17.qgd,2ae0ef0d-3fec-412c-813b-c25499b5b77c,1,36.5,172271746,FALSE,FALSE,FALSE,4,6,Emerald Lake,39.0084,-107.04099,3127,2020,8,NA,370.1365125138302
1200,Lupinus_eml_20_8_8112021_15.qgd,Lupinus_210811.txt,floral,Lupinus_eml_20_8_8112021_15,Lupinus,eml,20,8,8112021,15,1,2021-08-11T10:31:50Z,2021-08-12T02:23:34Z,2021-08-12T02:39:24Z,2021-08-12T02:23:34Z,Desorbed NA,15,15,15,15,0,950,NA,NA,C:/GCMSsolution/Data/Project1/Campbell RMBL Data/Lupinus argenteus/Lupinus_eml_20_8_8112021_15.qgd,2ae0ef0d-3fec-412c-813b-c25499b5b77c,1,37.78333333333333,163866726,FALSE,FALSE,FALSE,4,6,Emerald Lake,39.0084,-107.04099,3127,2020,8,NA,184.52620872162487
1243,Lupinus_lerb_20_2_8132021_18.qgd,Lupinus_210813.txt,floral,Lupinus_brc_20_8_8132021_17,Lupinus,brc,20,8,8132021,17,0,2021-08-13T06:42:36Z,2021-08-14T00:21:25Z,2021-08-14T00:37:13Z,2021-08-14T00:21:25Z,Desorbed NA,18,18,18,18,0,948,NA,NA,C:/GCMSsolution/Data/Project1/Campbell RMBL Data/Lupinus argenteus/Lupinus_lerb_20_2_8132021_18.qgd,47ed1b17-a106-4bed-960a-ea8c80770b21,1,39.583333333333336,774020323,FALSE,FALSE,FALSE,1,1,Brush Creek Trailhead,38.86367,-106.91402,2724,2020,8,NA,125.42824862096822
1217,Lupinus_lerb_20_3_8122021_12.qgd,Lupinus_210812.txt,floral,Lupinus_lerb_20_3_8122021_12,Lupinus,lerb,20,3,8122021,12,0,2021-08-12T09:12:11Z,2021-08-12T23:08:05Z,2021-08-12T23:23:46Z,2021-08-12T23:08:05Z,Desorbed NA,12,12,12,12,0,941,NA,NA,C:/GCMSsolution/Data/Project1/Campbell RMBL Data/Lupinus argenteus/Lupinus_lerb_20_3_8122021_12.qgd,cafc7396-3329-4a2d-9d85-c9ec3e9b7653,1,38.13333333333333,786945357,FALSE,FALSE,FALSE,1,2,East River Bridge,38.95225,-106.98946,2863,2019,8,"Lower ERB, merge with ERB",8.078919572735481
1247,Lupinus_lerb_20_4_8142021_02.qgd,Lupinus20_SC_Lagg21_210814.txt,floral,Lupinus_lerb_20_4_8142021_02,Lupinus,lerb,20,4,8142021,02,0,2021-08-14T07:25:31Z,2021-08-14T15:01:00Z,2021-08-14T15:16:49Z,2021-08-14T15:01:00Z,Desorbed NA,2,2,2,2,0,949,NA,Martin,C:/GCMSsolution/Data/Project1/Campbell RMBL Data/Ipomopsis 2020/Lupinus_lerb_20_4_8142021_02.qgd,5edabd56-3b80-437b-a16a-03e8258d7b41,1,30.433333333333337,141588233,FALSE,FALSE,FALSE,4,2,East River Bridge,38.95225,-106.98946,2863,2019,8,"Lower ERB, merge with ERB",41.10153878247693
1249,Lupinus_lerb_20_5_8142021_04.qgd,Lupinus20_SC_Lagg21_210814.txt,floral,Lupinus_lerb_20_5_8142021_04,Lupinus,lerb,20,5,8142021,04,0,2021-08-14T07:25:31Z,2021-08-14T16:11:59Z,2021-08-14T16:27:48Z,2021-08-14T16:11:59Z,Desorbed NA,4,4,4,4,0,949,NA,Martin,C:/GCMSsolution/Data/Project1/Campbell RMBL Data/Ipomopsis 2020/Lupinus_lerb_20_5_8142021_04.qgd,5edabd56-3b80-437b-a16a-03e8258d7b41,1,35.71666666666667,836595576,FALSE,FALSE,FALSE,1,2,East River Bridge,38.95225,-106.98946,2863,2019,8,"Lower ERB, merge with ERB",98.40515593952564
1221,Lupinus_lerb_20_6_8122021_16.qgd,Lupinus_210812.txt,floral,Lupinus_lerb_20_6_8122021_16,Lupinus,lerb,20,6,8122021,16,0,2021-08-12T09:12:11Z,2021-08-13T01:42:59Z,2021-08-13T01:58:47Z,2021-08-13T01:42:59Z,Desorbed NA,16,16,16,16,0,948,NA,NA,C:/GCMSsolution/Data/Project1/Campbell RMBL Data/Lupinus argenteus/Lupinus_lerb_20_6_8122021_16.qgd,cafc7396-3329-4a2d-9d85-c9ec3e9b7653,1,38.35,183666100,FALSE,FALSE,FALSE,4,2,East River Bridge,38.95225,-106.98946,2863,2019,8,"Lower ERB, merge with ERB",52.475941611940904
1219,Lupinus_lerb_20_7_8122021_14.qgd,Lupinus_210812.txt,floral,Lupinus_lerb_20_7_8122021_14,Lupinus,lerb,20,7,8122021,14,0,2021-08-12T09:12:11Z,2021-08-13T00:26:04Z,2021-08-13T00:41:52Z,2021-08-13T00:26:04Z,Desorbed NA,14,14,14,14,0,948,NA,NA,C:/GCMSsolution/Data/Project1/Campbell RMBL Data/Lupinus argenteus/Lupinus_lerb_20_7_8122021_14.qgd,cafc7396-3329-4a2d-9d85-c9ec3e9b7653,1,39.11666666666667,279660306,FALSE,FALSE,FALSE,4,2,East River Bridge,38.95225,-106.98946,2863,2019,8,"Lower ERB, merge with ERB",76.90091837770333
1223,Lupinus_lerb_20_8_8122021_18.qgd,Lupinus_210812.txt,floral,Lupinus_lerb_20_8_8122021_18,Lupinus,lerb,20,8,8122021,18,0,2021-08-12T09:12:11Z,2021-08-13T02:57:33Z,2021-08-13T03:13:21Z,2021-08-13T02:57:33Z,Desorbed NA,18,18,18,18,0,948,NA,NA,C:/GCMSsolution/Data/Project1/Campbell RMBL Data/Lupinus argenteus/Lupinus_lerb_20_8_8122021_18.qgd,cafc7396-3329-4a2d-9d85-c9ec3e9b7653,1,36.983333333333334,702997578,FALSE,FALSE,FALSE,1,2,East River Bridge,38.95225,-106.98946,2863,2019,8,"Lower ERB, merge with ERB",79.61614765109553
1241,Lupinus_lerb_20_8_8132021_16.qgd,Lupinus_210813.txt,floral,Lupinus_lerb_20_9_8132021_15,Lupinus,lerb,20,9,8132021,15,0,2021-08-13T06:42:36Z,2021-08-13T23:01:58Z,2021-08-13T23:17:46Z,2021-08-13T23:01:58Z,Desorbed NA,16,16,16,16,0,948,NA,NA,C:/GCMSsolution/Data/Project1/Campbell RMBL Data/Lupinus argenteus/Lupinus_lerb_20_8_8132021_16.qgd,47ed1b17-a106-4bed-960a-ea8c80770b21,1,40.766666666666666,167442255,FALSE,FALSE,FALSE,4,2,East River Bridge,38.95225,-106.98946,2863,2019,8,"Lower ERB, merge with ERB",220.31229572357591
1240,Lupinus_lerb_20_9_8132021_15.qgd,Lupinus_210813.txt,floral,Lupinus_bvb_20_7_8132021_14,Lupinus,bvb,20,7,8132021,14,1,2021-08-13T06:42:36Z,2021-08-13T22:21:12Z,2021-08-13T22:37:01Z,2021-08-13T22:21:12Z,Desorbed NA,15,15,15,15,0,949,NA,NA,C:/GCMSsolution/Data/Project1/Campbell RMBL Data/Lupinus argenteus/Lupinus_lerb_20_9_8132021_15.qgd,47ed1b17-a106-4bed-960a-ea8c80770b21,1,40.45,1077963970,FALSE,FALSE,FALSE,1,8,Bellview Bench,39.00648,-107.02795,3200,2018,8,NA,235.01421207837842
1248,Lupinus_npb_20_1_8142021_03.qgd,Lupinus20_SC_Lagg21_210814.txt,floral,Lupinus_npb_20_1_8142021_03,Lupinus,npb,20,1,8142021,03,1,2021-08-14T07:25:31Z,2021-08-14T15:36:16Z,2021-08-14T15:52:07Z,2021-08-14T15:36:16Z,Desorbed NA,3,3,3,3,0,951,NA,Martin,C:/GCMSsolution/Data/Project1/Campbell RMBL Data/Ipomopsis 2020/Lupinus_npb_20_1_8142021_03.qgd,5edabd56-3b80-437b-a16a-03e8258d7b41,1,35.266666666666666,1118317153,FALSE,FALSE,FALSE,1,12,North Pole Basin,39.02944,-107.08167,3378,2017,8,NA,1016.8484209786711
1210,Lupinus_npb_20_2_8122021_05.qgd,Lupinus_210812.txt,floral,Lupinus_npb_20_2_8122021_05,Lupinus,npb,20,2,8122021,05,1,2021-08-12T09:12:11Z,2021-08-12T18:36:14Z,2021-08-12T18:52:01Z,2021-08-12T18:36:14Z,Desorbed NA,5,5,5,5,0,947,NA,NA,C:/GCMSsolution/Data/Project1/Campbell RMBL Data/Lupinus argenteus/Lupinus_npb_20_2_8122021_05.qgd,cafc7396-3329-4a2d-9d85-c9ec3e9b7653,1,36.166666666666664,238608422,FALSE,FALSE,FALSE,4,12,North Pole Basin,39.02944,-107.08167,3378,2017,8,NA,1149.2376880048873
1207,Lupinus_npb_20_3_8122021_02.qgd,Lupinus_210812.txt,floral,Lupinus_npb_20_3_8122021_02,Lupinus,npb,20,3,8122021,02,1,2021-08-12T09:12:11Z,2021-08-12T16:47:36Z,2021-08-12T17:03:25Z,2021-08-12T16:47:36Z,Desorbed NA,2,2,2,2,0,949,NA,NA,C:/GCMSsolution/Data/Project1/Campbell RMBL Data/Lupinus argenteus/Lupinus_npb_20_3_8122021_02.qgd,cafc7396-3329-4a2d-9d85-c9ec3e9b7653,1,30.45,296922860,FALSE,FALSE,FALSE,4,12,North Pole Basin,39.02944,-107.08167,3378,2017,8,NA,1803.4385358003572
1205,Lupinus_npb_20_4_8112021_20.qgd,Lupinus_210811.txt,floral,Lupinus_npb_20_4_8112021_20,Lupinus,npb,20,4,8112021,20,1,2021-08-11T10:31:50Z,2021-08-12T05:26:43Z,2021-08-12T05:42:33Z,2021-08-12T05:26:43Z,Desorbed NA,20,20,20,20,0,950,NA,NA,C:/GCMSsolution/Data/Project1/Campbell RMBL Data/Lupinus argenteus/Lupinus_npb_20_4_8112021_20.qgd,2ae0ef0d-3fec-412c-813b-c25499b5b77c,1,51.95,287864917,FALSE,FALSE,FALSE,4,12,North Pole Basin,39.02944,-107.08167,3378,2017,8,NA,1282.0442087590366
1203,Lupinus_npb_20_5_8112021_18.qgd,Lupinus_210811.txt,floral,Lupinus_npb_20_5_8112021_18,Lupinus,npb,20,5,8112021,18,1,2021-08-11T10:31:50Z,2021-08-12T04:14:03Z,2021-08-12T04:29:47Z,2021-08-12T04:14:03Z,Desorbed NA,18,18,18,18,0,944,NA,NA,C:/GCMSsolution/Data/Project1/Campbell RMBL Data/Lupinus argenteus/Lupinus_npb_20_5_8112021_18.qgd,2ae0ef0d-3fec-412c-813b-c25499b5b77c,1,36.88333333333333,126260060,FALSE,FALSE,FALSE,4,12,North Pole Basin,39.02944,-107.08167,3378,2017,8,NA,48.66834290384682
1560,Lupinus_npb_20_6_8112021_19.qgd,Lupinus_210811.txt,floral,Lupinus_npb_20_6_8112021_19,Lupinus,npb,20,6,8112021,19,1,NA,NA,2021-08-12T05:06:20Z,2021-08-12T05:06:20Z,NA NA,NA,NA,19,19,NA,NA,NA,NA,C:/GCMSsolution/Data/Project1/Campbell RMBL Data/Lupinus argenteus/Lupinus_npb_20_6_8112021_19.qgd,NA,NA,NA,784295020,FALSE,FALSE,FALSE,1,12,North Pole Basin,39.02944,-107.08167,3378,2017,8,NA,66.33766748718048
10258,mar1_08282019.qgd,NA,floral,NA,NA,mar,19,1,8282019,NA,0,2019-08-28T22:00:39Z,2019-08-29T07:23:16Z,2019-08-29T07:28:35Z,2019-08-29T07:23:16Z,Desorbed NA,5,5,NA,5,NA,319,NA,NA,C:/GCMSsolution/Data/Project1/Campbell RMBL Data/Lupinus argenteus/mar1_08282019.qgd,9be50aa8-4f31-45cb-ad34-b18d82cc8bb7,1,2141,313926289,FALSE,TRUE,TRUE,6,7,Marmot Mesa,39.00485,-107.03181,3128,2019,8,NA,159.6597701644804
10267,mar10_08282019.qgd,NA,floral,NA,NA,mar,19,10,8282019,NA,0,2019-08-28T22:00:39Z,2019-08-29T12:44:28Z,2019-08-29T12:49:45Z,2019-08-29T12:44:28Z,Desorbed NA,14,14,NA,14,NA,317,NA,NA,C:/GCMSsolution/Data/Project1/Campbell RMBL Data/Lupinus argenteus/mar10_08282019.qgd,9be50aa8-4f31-45cb-ad34-b18d82cc8bb7,1,2139,286761410,FALSE,TRUE,TRUE,6,7,Marmot Mesa,39.00485,-107.03181,3128,2019,8,NA,66.38350902937825
10259,mar2_08282019.qgd,NA,floral,NA,NA,mar,19,2,8282019,NA,0,2019-08-28T22:00:39Z,2019-08-29T07:58:59Z,2019-08-29T08:04:18Z,2019-08-29T07:58:59Z,Desorbed NA,6,6,NA,6,NA,319,NA,NA,C:/GCMSsolution/Data/Project1/Campbell RMBL Data/Lupinus argenteus/mar2_08282019.qgd,9be50aa8-4f31-45cb-ad34-b18d82cc8bb7,1,2143,256815305,FALSE,TRUE,TRUE,6,7,Marmot Mesa,39.00485,-107.03181,3128,2019,8,NA,25.377238637296344
10260,mar3_08282019.qgd,NA,floral,NA,NA,mar,19,3,8282019,NA,0,2019-08-28T22:00:39Z,2019-08-29T08:34:51Z,2019-08-29T08:40:10Z,2019-08-29T08:34:51Z,Desorbed NA,7,7,NA,7,NA,319,NA,NA,C:/GCMSsolution/Data/Project1/Campbell RMBL Data/Lupinus argenteus/mar3_08282019.qgd,9be50aa8-4f31-45cb-ad34-b18d82cc8bb7,1,2152,275678566,FALSE,TRUE,TRUE,6,7,Marmot Mesa,39.00485,-107.03181,3128,2019,8,NA,135.232944349641
10261,mar4_08282019.qgd,NA,floral,NA,NA,mar,19,4,8282019,NA,0,2019-08-28T22:00:39Z,2019-08-29T09:10:35Z,2019-08-29T09:15:53Z,2019-08-29T09:10:35Z,Desorbed NA,8,8,NA,8,NA,318,NA,NA,C:/GCMSsolution/Data/Project1/Campbell RMBL Data/Lupinus argenteus/mar4_08282019.qgd,9be50aa8-4f31-45cb-ad34-b18d82cc8bb7,1,2144,250624637,FALSE,TRUE,TRUE,6,7,Marmot Mesa,39.00485,-107.03181,3128,2019,8,NA,182.29932921719347
10262,mar5_08282019.qgd,NA,floral,NA,NA,mar,19,5,8282019,NA,0,2019-08-28T22:00:39Z,2019-08-29T09:46:19Z,2019-08-29T09:51:36Z,2019-08-29T09:46:19Z,Desorbed NA,9,9,NA,9,NA,317,NA,NA,C:/GCMSsolution/Data/Project1/Campbell RMBL Data/Lupinus argenteus/mar5_08282019.qgd,9be50aa8-4f31-45cb-ad34-b18d82cc8bb7,1,2144,239006273,FALSE,TRUE,TRUE,6,7,Marmot Mesa,39.00485,-107.03181,3128,2019,8,NA,12.443636838336898
10263,mar6_08282019.qgd,NA,floral,NA,NA,mar,19,6,8282019,NA,0,2019-08-28T22:00:39Z,2019-08-29T10:22:08Z,2019-08-29T10:27:14Z,2019-08-29T10:22:08Z,Desorbed NA,10,10,NA,10,NA,306,NA,NA,C:/GCMSsolution/Data/Project1/Campbell RMBL Data/Lupinus argenteus/mar6_08282019.qgd,9be50aa8-4f31-45cb-ad34-b18d82cc8bb7,1,2149,226559190,FALSE,TRUE,TRUE,6,7,Marmot Mesa,39.00485,-107.03181,3128,2019,8,NA,16.461650667893863
10264,mar7_08282019.qgd,NA,floral,NA,NA,mar,19,7,8282019,NA,0,2019-08-28T22:00:39Z,2019-08-29T10:58:26Z,2019-08-29T11:02:41Z,2019-08-29T10:58:26Z,Desorbed NA,11,11,NA,11,NA,255,NA,NA,C:/GCMSsolution/Data/Project1/Campbell RMBL Data/Lupinus argenteus/mar7_08282019.qgd,9be50aa8-4f31-45cb-ad34-b18d82cc8bb7,1,2178,253899006,FALSE,TRUE,TRUE,6,7,Marmot Mesa,39.00485,-107.03181,3128,2019,8,NA,88.91175402402756
10265,mar8_08282019.qgd,NA,floral,NA,NA,mar,19,8,8282019,NA,0,2019-08-28T22:00:39Z,2019-08-29T11:33:09Z,2019-08-29T11:38:27Z,2019-08-29T11:33:09Z,Desorbed NA,12,12,NA,12,NA,318,NA,NA,C:/GCMSsolution/Data/Project1/Campbell RMBL Data/Lupinus argenteus/mar8_08282019.qgd,9be50aa8-4f31-45cb-ad34-b18d82cc8bb7,1,2083,218040372,FALSE,TRUE,TRUE,6,7,Marmot Mesa,39.00485,-107.03181,3128,2019,8,NA,2.2073063664651595
10266,mar9_08282019.qgd,NA,floral,NA,NA,mar,19,9,8282019,NA,0,2019-08-28T22:00:39Z,2019-08-29T12:08:49Z,2019-08-29T12:14:10Z,2019-08-29T12:08:49Z,Desorbed NA,13,13,NA,13,NA,321,NA,NA,C:/GCMSsolution/Data/Project1/Campbell RMBL Data/Lupinus argenteus/mar9_08282019.qgd,9be50aa8-4f31-45cb-ad34-b18d82cc8bb7,1,2140,221090741,FALSE,TRUE,TRUE,6,7,Marmot Mesa,39.00485,-107.03181,3128,2019,8,NA,17.89432515650139
10289,mex1_08292019am.qgd,NA,floral,NA,NA,mex,19,1,8292019,NA,1,2019-08-29T10:24:18Z,2019-08-30T02:36:03Z,2019-08-30T02:41:18Z,2019-08-30T02:36:03Z,Desorbed NA,16,16,NA,16,NA,315,NA,NA,C:/GCMSsolution/Data/Project1/Campbell RMBL Data/Lupinus argenteus/mex1_08292019am.qgd,22389d36-133d-4a55-920c-4596e17eee76,1,2207,483191873,FALSE,TRUE,TRUE,6,9,Mexican Cut Turnoff,39.01546,-107.04955,3258,2019,8,NA,3098.138882004099
10290,mex2_08292019am.qgd,NA,floral,NA,NA,mex,19,2,8292019,NA,0,2019-08-29T10:24:18Z,2019-08-30T03:12:39Z,2019-08-30T03:17:53Z,2019-08-30T03:12:39Z,Desorbed NA,17,17,NA,17,NA,314,NA,NA,C:/GCMSsolution/Data/Project1/Campbell RMBL Data/Lupinus argenteus/mex2_08292019am.qgd,22389d36-133d-4a55-920c-4596e17eee76,1,2196,259384898,FALSE,TRUE,TRUE,6,9,Mexican Cut Turnoff,39.01546,-107.04955,3258,2019,8,NA,37.17771292019835
10291,mex3_08292019am.qgd,NA,floral,NA,NA,mex,19,3,8292019,NA,0,2019-08-29T10:24:18Z,2019-08-30T03:49:05Z,2019-08-30T03:54:22Z,2019-08-30T03:49:05Z,Desorbed NA,18,18,NA,18,NA,317,NA,NA,C:/GCMSsolution/Data/Project1/Campbell RMBL Data/Lupinus argenteus/mex3_08292019am.qgd,22389d36-133d-4a55-920c-4596e17eee76,1,2186,259924784,FALSE,TRUE,TRUE,6,9,Mexican Cut Turnoff,39.01546,-107.04955,3258,2019,8,NA,22.19751253801922
10292,mex4_08292019am.qgd,NA,floral,NA,NA,mex,19,4,8292019,NA,1,2019-08-29T10:24:18Z,2019-08-30T04:25:34Z,2019-08-30T04:30:43Z,2019-08-30T04:25:34Z,Desorbed NA,19,19,NA,19,NA,309,NA,NA,C:/GCMSsolution/Data/Project1/Campbell RMBL Data/Lupinus argenteus/mex4_08292019am.qgd,22389d36-133d-4a55-920c-4596e17eee76,1,2189,324823774,FALSE,TRUE,TRUE,6,9,Mexican Cut Turnoff,39.01546,-107.04955,3258,2019,8,NA,224.3573967918025
10293,mex5_08292019am.qgd,NA,floral,NA,NA,mex,19,5,8292019,NA,0,2019-08-29T10:24:18Z,2019-08-30T05:01:35Z,2019-08-30T05:06:43Z,2019-08-30T05:01:35Z,Desorbed NA,20,20,NA,20,NA,308,NA,NA,C:/GCMSsolution/Data/Project1/Campbell RMBL Data/Lupinus argenteus/mex5_08292019am.qgd,22389d36-133d-4a55-920c-4596e17eee76,1,2161,265272271,FALSE,TRUE,TRUE,6,9,Mexican Cut Turnoff,39.01546,-107.04955,3258,2019,8,NA,39.106664913429434
10295,mex6_08292019pm.qgd,NA,floral,NA,NA,mex,19,6,8292019,NA,1,2019-08-29T23:07:09Z,2019-08-30T06:42:31Z,2019-08-30T06:47:50Z,2019-08-30T06:42:31Z,Desorbed NA,2,2,NA,2,NA,319,NA,NA,C:/GCMSsolution/Data/Project1/Campbell RMBL Data/Lupinus argenteus/mex6_08292019pm.qgd,39685a14-1ca8-4d9e-a820-ef733a36fc62,1,1831,354287880,FALSE,TRUE,TRUE,6,9,Mexican Cut Turnoff,39.01546,-107.04955,3258,2019,8,NA,1070.7366704378635
10312,ypo1_08292019pm.qgd,NA,floral,NA,NA,ypo,19,1,8292019,NA,1,2019-08-29T23:07:09Z,2019-08-30T16:47:19Z,2019-08-30T16:52:26Z,2019-08-30T16:47:19Z,Desorbed NA,19,19,NA,19,NA,307,NA,NA,C:/GCMSsolution/Data/Project1/Campbell RMBL Data/Lupinus argenteus/ypo1_08292019pm.qgd,39685a14-1ca8-4d9e-a820-ef733a36fc62,1,2144,394428526,FALSE,TRUE,TRUE,6,16,Yule Pass Trailhead,38.99218,-107.06788,3500,2019,8,NA,882.4848049930523
10313,ypo2_08292019pm.qgd,NA,floral,NA,NA,ypo,19,2,8292019,NA,1,2019-08-29T23:07:09Z,2019-08-30T17:23:12Z,2019-08-30T17:28:30Z,2019-08-30T17:23:12Z,Desorbed NA,20,20,NA,20,NA,318,NA,NA,C:/GCMSsolution/Data/Project1/Campbell RMBL Data/Lupinus argenteus/ypo2_08292019pm.qgd,39685a14-1ca8-4d9e-a820-ef733a36fc62,1,2153,392646303,FALSE,TRUE,TRUE,6,16,Yule Pass Trailhead,38.99218,-107.06788,3500,2019,8,NA,767.6395111942186
10315,ypo3_08302019am.qgd,NA,floral,NA,NA,ypo,19,3,8302019,NA,1,2019-08-30T11:17:10Z,2019-08-30T18:52:28Z,2019-08-30T18:57:45Z,2019-08-30T18:52:28Z,Desorbed NA,2,2,NA,2,NA,317,NA,NA,C:/GCMSsolution/Data/Project1/Campbell RMBL Data/Lupinus argenteus/ypo3_08302019am.qgd,4087e644-ad58-45df-88e4-b4d30f9b2cce,1,1828,297949654,FALSE,TRUE,TRUE,6,16,Yule Pass Trailhead,38.99218,-107.06788,3500,2019,8,NA,47.08265481303408
10316,ypo4_08302019am.qgd,NA,floral,NA,NA,ypo,19,4,8302019,NA,1,2019-08-30T11:17:10Z,2019-08-30T19:28:59Z,2019-08-30T19:34:15Z,2019-08-30T19:28:59Z,Desorbed NA,3,3,NA,3,NA,316,NA,NA,C:/GCMSsolution/Data/Project1/Campbell RMBL Data/Lupinus argenteus/ypo4_08302019am.qgd,4087e644-ad58-45df-88e4-b4d30f9b2cce,1,2191,284409424,FALSE,TRUE,TRUE,6,16,Yule Pass Trailhead,38.99218,-107.06788,3500,2019,8,NA,63.19889201007002
