index,sequence.start,Desorb.Start.Time,CreationTime,eithertime,status,Tube,markes_n,GC_n,either_n,markes_GC,create_desorb,desorb.Start.diff,verdict,FileName,sample,user,FullName,id,fuzzy_n
1,2025-06-13T16:24:20Z,2024-07-26T18:53:39Z,NA,2024-07-26T18:53:39Z,NA NA,1,1,NA,1,NA,NA,NA,mismatch,NA,,NA,NA,83c90dde-fed8-428b-b0ca-10d4bfef8f05,1
2,2025-06-13T17:08:42Z,2025-06-14T00:13:26Z,NA,2025-06-14T00:13:26Z,Desorbed NA,1,1,NA,1,NA,NA,27839987,,NA,,NA,NA,f34d4860-d841-49e1-85b5-03806f584813,1
3,2025-06-14T08:52:03Z,2025-06-14T15:56:47Z,2025-06-14T15:51:55Z,2025-06-14T15:51:55Z,Desorbed NA,1,1,1,1,0,292,56601,,DC_test1_blank_150614_6142025_01.qgd,,NA,C:/GCMSsolution/Data/Project1/Campbell RMBL Data/GCMS 2024/DC_test1_blank_150614_6142025_01.qgd,16cc0710-d83b-4ad6-8671-97fe8e11372e,1
4,2025-06-16T15:50:26Z,NA,NA,NA,NA NA,1,1,NA,1,NA,NA,NA,bakeout,NA,,NA,NA,e831c97a-605e-478e-9e52-a336906ba171,1
5,2025-06-16T15:52:56Z,NA,NA,NA,NA NA,1,1,NA,1,NA,NA,NA,bakeout,NA,,NA,NA,d37f11c0-8a58-4928-b397-14b03c3c906e,1
6,2025-06-16T15:54:28Z,NA,NA,NA,NA NA,1,1,NA,1,NA,NA,NA,bakeout,NA,,NA,NA,017362f5-8065-4d2f-87af-83916e1d9ed8,1
7,2025-06-16T15:55:29Z,NA,NA,NA,NA NA,2,1,NA,1,NA,NA,NA,bakeout,NA,,NA,NA,c78351d8-41ec-418f-94a3-abbdb893649d,1
8,2025-06-16T15:56:06Z,NA,NA,NA,NA NA,2,1,NA,1,NA,NA,NA,bakeout,NA,,NA,NA,91adff76-137c-4370-b773-da9b808fbae6,1
9,2025-06-16T16:03:45Z,NA,NA,NA,NA NA,2,1,NA,1,NA,NA,NA,bakeout,NA,,NA,NA,dcd014e8-1b00-48a0-b34b-c3e23eac9a81,1
10,2025-06-16T16:06:15Z,NA,NA,NA,NA NA,2,1,NA,1,NA,NA,NA,bakeout,NA,,NA,NA,cabaabaa-fa19-4e80-be39-187ba40fece0,1
11,2025-06-16T16:10:25Z,NA,NA,NA,NA NA,2,1,NA,1,NA,NA,NA,bakeout,NA,,NA,NA,b8824d50-e79b-40fe-ba0b-bafbf60f256e,1
12,2025-06-16T16:20:39Z,NA,NA,NA,NA NA,1,1,NA,1,NA,NA,NA,bakeout,NA,,NA,NA,a916c796-b369-4aa9-8b24-946267d8482f,1
13,2025-06-16T16:29:48Z,2025-06-16T23:33:16Z,2025-06-16T23:17:25Z,2025-06-16T23:17:25Z,Desorbed NA,1,1,NA,1,NA,951,NA,,Markes test 14.qgd,,NA,C:/GCMSsolution/Data/Project1/RMBL Data/Markes test 14.qgd,aa2594c1-07ef-4b4e-82a1-3990c176259a,2
14,2025-06-16T16:29:48Z,2025-06-16T23:33:16Z,2025-06-16T23:29:36Z,2025-06-16T23:29:36Z,Desorbed NA,1,1,1,1,0,220,0,,DC_test1_blank_150616_6162025_01.qgd,,NA,C:/GCMSsolution/Data/Project1/Campbell RMBL Data/GCMS 2024/DC_test1_blank_150616_6162025_01.qgd,aa2594c1-07ef-4b4e-82a1-3990c176259a,2
15,2025-06-16T17:06:47Z,2025-06-17T00:30:09Z,NA,2025-06-17T00:30:09Z,Desorbed NA,1,1,NA,1,NA,NA,3413,,NA,,NA,NA,2cff82da-800d-4cee-88ed-e245f99163d7,1
16,2025-06-19T14:35:37Z,2025-06-19T21:41:51Z,2025-06-19T21:35:18Z,2025-06-19T21:35:18Z,Desorbed NA,1,1,1,1,0,393,249102,,DC_test1_blank_250619_6192025_01.qgd,,NA,C:/GCMSsolution/Data/Project1/Campbell RMBL Data/Test instrument runs/DC_test1_blank_250619_6192025_01.qgd,9c465443-cfe4-4148-9321-eb74d0b0b23f,1
17,2025-06-19T15:05:01Z,2025-06-19T22:11:10Z,2025-06-19T22:04:42Z,2025-06-19T22:04:42Z,Leak-test failure High Pressure Leak Failure,2,1,1,1,0,388,1759,leak-blank,DC_test2_blank_250619_6192025_01.qgd,,NA,C:/GCMSsolution/Data/Project1/Campbell RMBL Data/Test instrument runs/DC_test2_blank_250619_6192025_01.qgd,988a1dd0-05d9-4eec-8e41-122c500c4c4c,1
18,2025-06-19T15:05:01Z,2025-06-19T22:40:29Z,2025-06-19T22:40:22Z,2025-06-19T22:40:22Z,Desorbed NA,3,2,2,2,0,7,1759,,DC_test3_blank_250619_6192025_02.qgd,,NA,C:/GCMSsolution/Data/Project1/Campbell RMBL Data/Test instrument runs/DC_test3_blank_250619_6192025_02.qgd,988a1dd0-05d9-4eec-8e41-122c500c4c4c,1
19,2025-06-19T15:05:01Z,2025-06-19T23:12:36Z,2025-06-19T23:12:57Z,2025-06-19T23:12:36Z,Desorbed NA,4,3,3,3,0,21,1927,,DC_test4_blank_250619_6192025_03.qgd,,NA,C:/GCMSsolution/Data/Project1/Campbell RMBL Data/Test instrument runs/DC_test4_blank_250619_6192025_03.qgd,988a1dd0-05d9-4eec-8e41-122c500c4c4c,1
20,2025-06-19T15:05:01Z,2025-06-19T23:44:26Z,2025-06-19T23:44:48Z,2025-06-19T23:44:26Z,Desorbed NA,5,4,4,4,0,22,1910,,DC_test5_blank_250619_6192025_04.qgd,,NA,C:/GCMSsolution/Data/Project1/Campbell RMBL Data/Test instrument runs/DC_test5_blank_250619_6192025_04.qgd,988a1dd0-05d9-4eec-8e41-122c500c4c4c,1
21,2025-06-19T15:05:01Z,2025-06-20T00:16:27Z,2025-06-20T00:16:48Z,2025-06-20T00:16:27Z,Desorbed NA,6,5,5,5,0,21,1921,,DC_test6_blank_250619_6192025_05.qgd,,NA,C:/GCMSsolution/Data/Project1/Campbell RMBL Data/Test instrument runs/DC_test6_blank_250619_6192025_05.qgd,988a1dd0-05d9-4eec-8e41-122c500c4c4c,1
22,2025-06-19T15:05:01Z,2025-06-20T00:48:30Z,2025-06-20T00:48:50Z,2025-06-20T00:48:30Z,Desorbed NA,7,6,6,6,0,20,1923,,DC_test7_blank_250619_6192025_06.qgd,,NA,C:/GCMSsolution/Data/Project1/Campbell RMBL Data/Test instrument runs/DC_test7_blank_250619_6192025_06.qgd,988a1dd0-05d9-4eec-8e41-122c500c4c4c,1
23,2025-06-19T15:05:01Z,2025-06-20T01:20:39Z,2025-06-20T01:20:57Z,2025-06-20T01:20:39Z,Desorbed NA,8,7,7,7,0,18,1929,,DC_test8_blank_250619_6192025_07.qgd,,NA,C:/GCMSsolution/Data/Project1/Campbell RMBL Data/Test instrument runs/DC_test8_blank_250619_6192025_07.qgd,988a1dd0-05d9-4eec-8e41-122c500c4c4c,1
24,2025-06-19T15:05:01Z,2025-06-20T01:52:45Z,2025-06-20T01:53:04Z,2025-06-20T01:52:45Z,Desorbed NA,9,8,8,8,0,19,1926,,DC_test9_blank_250619_6192025_08.qgd,,NA,C:/GCMSsolution/Data/Project1/Campbell RMBL Data/Test instrument runs/DC_test9_blank_250619_6192025_08.qgd,988a1dd0-05d9-4eec-8e41-122c500c4c4c,1
25,2025-06-19T15:05:01Z,2025-06-20T02:24:45Z,2025-06-20T02:25:03Z,2025-06-20T02:24:45Z,Desorbed NA,10,9,9,9,0,18,1920,,DC_test10_blank_250619_6192025_09.qgd,,NA,C:/GCMSsolution/Data/Project1/Campbell RMBL Data/Test instrument runs/DC_test10_blank_250619_6192025_09.qgd,988a1dd0-05d9-4eec-8e41-122c500c4c4c,1
26,2025-06-21T12:06:08Z,2025-06-21T19:09:49Z,2025-06-21T19:05:55Z,2025-06-21T19:05:55Z,Desorbed NA,1,1,1,1,0,234,146704,,DC_std_blank_250621_6212025_01.qgd,,NA,C:/GCMSsolution/Data/Project1/Campbell RMBL Data/Test instrument runs/DC_std_blank_250621_6212025_01.qgd,264d6ac5-1fe1-440a-b2e4-b4f4658e4681,1
27,2025-06-21T12:06:08Z,2025-06-21T19:40:17Z,2025-06-21T19:40:42Z,2025-06-21T19:40:17Z,Desorbed NA,3,2,2,2,0,25,1828,,DC_std_3uL0.0001_250621_6212025_02.qgd,,NA,C:/GCMSsolution/Data/Project1/Campbell RMBL Data/Test instrument runs/DC_std_3uL0.0001_250621_6212025_02.qgd,264d6ac5-1fe1-440a-b2e4-b4f4658e4681,1
28,2025-06-21T12:06:08Z,2025-06-21T20:12:12Z,2025-06-21T20:12:50Z,2025-06-21T20:12:12Z,Desorbed NA,4,3,3,3,0,38,1915,,DC_std_3uL0.001_250621_6212025_03.qgd,,NA,C:/GCMSsolution/Data/Project1/Campbell RMBL Data/Test instrument runs/DC_std_3uL0.001_250621_6212025_03.qgd,264d6ac5-1fe1-440a-b2e4-b4f4658e4681,1
29,2025-06-21T12:06:08Z,2025-06-21T20:44:48Z,2025-06-21T20:45:23Z,2025-06-21T20:44:48Z,Desorbed NA,6,4,4,4,0,35,1956,,DC_std_3uL0.01_250621_6212025_04.qgd,,NA,C:/GCMSsolution/Data/Project1/Campbell RMBL Data/Test instrument runs/DC_std_3uL0.01_250621_6212025_04.qgd,264d6ac5-1fe1-440a-b2e4-b4f4658e4681,1
30,2025-06-21T14:28:41Z,2025-06-21T21:33:06Z,2025-06-21T21:28:15Z,2025-06-21T21:28:15Z,Desorbed NA,1,1,1,1,0,291,2898,,DC_std_blank2_250621_6212025_01.qgd,,NA,C:/GCMSsolution/Data/Project1/Campbell RMBL Data/Test instrument runs/DC_std_blank2_250621_6212025_01.qgd,e9e87d7f-ea9e-4be6-ae4f-42e093b38c60,1
31,2025-06-21T14:28:41Z,2025-06-21T22:03:40Z,2025-06-21T22:04:09Z,2025-06-21T22:03:40Z,Desorbed NA,3,2,2,2,0,29,1834,,DC_std_3uL0.0001rep2_250621_6212025_02.qgd,,NA,C:/GCMSsolution/Data/Project1/Campbell RMBL Data/Test instrument runs/DC_std_3uL0.0001rep2_250621_6212025_02.qgd,e9e87d7f-ea9e-4be6-ae4f-42e093b38c60,1
32,2025-06-21T14:28:41Z,2025-06-21T22:35:42Z,2025-06-21T22:36:14Z,2025-06-21T22:35:42Z,Desorbed NA,4,3,3,3,0,32,1922,,DC_std_3uL0.001rep2_250621_6212025_03.qgd,,NA,C:/GCMSsolution/Data/Project1/Campbell RMBL Data/Test instrument runs/DC_std_3uL0.001rep2_250621_6212025_03.qgd,e9e87d7f-ea9e-4be6-ae4f-42e093b38c60,1
33,2025-06-21T14:28:41Z,2025-06-21T23:08:04Z,2025-06-21T23:08:32Z,2025-06-21T23:08:04Z,Desorbed NA,6,4,4,4,0,28,1942,,DC_std_3uL0.01rep2_250621_6212025_04.qgd,,NA,C:/GCMSsolution/Data/Project1/Campbell RMBL Data/Test instrument runs/DC_std_3uL0.01rep2_250621_6212025_04.qgd,e9e87d7f-ea9e-4be6-ae4f-42e093b38c60,1
34,2025-06-21T14:28:41Z,2025-06-21T23:40:17Z,2025-06-21T23:40:52Z,2025-06-21T23:40:17Z,Desorbed NA,7,5,5,5,0,35,1933,,DC_std_3uL0.0001rep3_250621_6212025_05.qgd,,NA,C:/GCMSsolution/Data/Project1/Campbell RMBL Data/Test instrument runs/DC_std_3uL0.0001rep3_250621_6212025_05.qgd,e9e87d7f-ea9e-4be6-ae4f-42e093b38c60,1
35,2025-06-21T14:28:41Z,2025-06-22T00:13:39Z,2025-06-22T00:14:15Z,2025-06-22T00:13:39Z,Desorbed NA,8,6,6,6,0,36,2002,,DC_std_3uL0.001rep3_250621_6212025_06.qgd,,NA,C:/GCMSsolution/Data/Project1/Campbell RMBL Data/Test instrument runs/DC_std_3uL0.001rep3_250621_6212025_06.qgd,e9e87d7f-ea9e-4be6-ae4f-42e093b38c60,1
36,2025-06-21T14:28:41Z,2025-06-22T00:46:13Z,2025-06-22T00:46:51Z,2025-06-22T00:46:13Z,Desorbed NA,9,7,7,7,0,38,1954,,DC_std_3uL0.01rep3_250621_6212025_07.qgd,,NA,C:/GCMSsolution/Data/Project1/Campbell RMBL Data/Test instrument runs/DC_std_3uL0.01rep3_250621_6212025_07.qgd,e9e87d7f-ea9e-4be6-ae4f-42e093b38c60,1
37,2025-06-23T15:50:38Z,2025-06-23T22:55:11Z,2025-06-23T22:49:50Z,2025-06-23T22:49:50Z,Desorbed NA,1,1,1,1,0,321,166138,,blank1_250623_6232025_01.qgd,,Martin,C:/GCMSsolution/Data/Project1/Campbell RMBL Data/Ipomopsis 2025/blank1_250623_6232025_01.qgd,26561ef8-ddda-4927-89af-837662114d02,1
38,2025-06-23T15:50:38Z,NA,NA,NA,Leak-test failure High Pressure Leak Failure,2,2,NA,2,NA,NA,NA,leak-blank,NA,,NA,NA,26561ef8-ddda-4927-89af-837662114d02,1
39,2025-06-23T15:50:38Z,NA,NA,NA,NA Leak Test Pressurise Failed,3,3,NA,3,NA,NA,NA,leak-blank,NA,,NA,NA,26561ef8-ddda-4927-89af-837662114d02,1
40,2025-06-23T15:50:38Z,2025-06-24T00:28:32Z,2025-06-24T00:28:31Z,2025-06-24T00:28:31Z,Desorbed NA,4,4,4,4,0,1,NA,,VF_T7_3006D_240709_6232025_04.qgd,,Martin,C:/GCMSsolution/Data/Project1/Campbell RMBL Data/Ipomopsis 2025/VF_T7_3006D_240709_6232025_04.qgd,26561ef8-ddda-4927-89af-837662114d02,1
41,2025-06-23T15:50:38Z,2025-06-24T01:00:40Z,2025-06-24T01:01:12Z,2025-06-24T01:00:40Z,Desorbed NA,5,5,5,5,0,32,1928,,VF_T8_3005D_240709_6232025_05.qgd,,Martin,C:/GCMSsolution/Data/Project1/Campbell RMBL Data/Ipomopsis 2025/VF_T8_3005D_240709_6232025_05.qgd,26561ef8-ddda-4927-89af-837662114d02,1
42,2025-06-23T15:50:38Z,2025-06-24T01:33:23Z,2025-06-24T01:34:00Z,2025-06-24T01:33:23Z,Desorbed NA,6,6,6,6,0,37,1963,,VF_T24_3005D_240709_6232025_06.qgd,,Martin,C:/GCMSsolution/Data/Project1/Campbell RMBL Data/Ipomopsis 2025/VF_T24_3005D_240709_6232025_06.qgd,26561ef8-ddda-4927-89af-837662114d02,1
43,2025-06-23T15:50:38Z,2025-06-24T02:05:57Z,2025-06-24T02:06:31Z,2025-06-24T02:05:57Z,Desorbed NA,7,7,7,7,0,34,1954,,VF_T26_993D_240709_6232025_07.qgd,,Martin,C:/GCMSsolution/Data/Project1/Campbell RMBL Data/Ipomopsis 2025/VF_T26_993D_240709_6232025_07.qgd,26561ef8-ddda-4927-89af-837662114d02,1
44,2025-06-23T15:50:38Z,2025-06-24T02:38:28Z,2025-06-24T02:38:57Z,2025-06-24T02:38:28Z,Desorbed NA,8,8,8,8,0,29,1951,,VF_T25_45D_240709_6232025_08.qgd,,Martin,C:/GCMSsolution/Data/Project1/Campbell RMBL Data/Ipomopsis 2025/VF_T25_45D_240709_6232025_08.qgd,26561ef8-ddda-4927-89af-837662114d02,1
45,2025-06-23T15:50:38Z,2025-06-24T03:10:35Z,2025-06-24T03:11:08Z,2025-06-24T03:10:35Z,Desorbed NA,9,9,9,9,0,33,1927,,VF_T27_3006D_240709_6232025_09.qgd,,Martin,C:/GCMSsolution/Data/Project1/Campbell RMBL Data/Ipomopsis 2025/VF_T27_3006D_240709_6232025_09.qgd,26561ef8-ddda-4927-89af-837662114d02,1
46,2025-06-23T15:50:38Z,2025-06-24T03:42:37Z,2025-06-24T03:43:13Z,2025-06-24T03:42:37Z,Desorbed NA,10,10,10,10,0,36,1922,,VF_T28_3009D_240709_6232025_10.qgd,,Martin,C:/GCMSsolution/Data/Project1/Campbell RMBL Data/Ipomopsis 2025/VF_T28_3009D_240709_6232025_10.qgd,26561ef8-ddda-4927-89af-837662114d02,1
47,2025-06-23T15:50:38Z,2025-06-24T04:15:21Z,2025-06-24T04:15:02Z,2025-06-24T04:15:02Z,Desorbed NA,11,11,11,11,0,19,1964,,blank11_250623_6232025_11.qgd,,Martin,C:/GCMSsolution/Data/Project1/Campbell RMBL Data/Ipomopsis 2025/blank11_250623_6232025_11.qgd,26561ef8-ddda-4927-89af-837662114d02,1
48,2025-06-23T15:50:38Z,2025-06-24T04:46:03Z,2025-06-24T04:46:35Z,2025-06-24T04:46:03Z,Desorbed NA,12,12,12,12,0,32,1842,,blank12_250623_6232025_12.qgd,,Martin,C:/GCMSsolution/Data/Project1/Campbell RMBL Data/Ipomopsis 2025/blank12_250623_6232025_12.qgd,26561ef8-ddda-4927-89af-837662114d02,1
49,2025-06-23T15:50:38Z,2025-06-24T05:17:24Z,2025-06-24T05:18:00Z,2025-06-24T05:17:24Z,Desorbed NA,13,13,13,13,0,36,1881,,blank13_250623_6232025_13.qgd,,Martin,C:/GCMSsolution/Data/Project1/Campbell RMBL Data/Ipomopsis 2025/blank13_250623_6232025_13.qgd,26561ef8-ddda-4927-89af-837662114d02,1
50,2025-06-23T15:50:38Z,NA,NA,NA,NA NA,14,14,NA,14,NA,NA,NA,skip-notrun,NA,blank14_250623_6232025_14.qgd,NA,NA,26561ef8-ddda-4927-89af-837662114d02,1
51,2025-06-23T15:50:38Z,2025-06-24T05:48:43Z,2025-06-24T05:49:13Z,2025-06-24T05:48:43Z,Desorbed NA,15,15,14,14,1,30,NA,skip-rename,blank14_250623_6232025_14.qgd,blank15_250623_6232025_15.qgd,Martin,C:/GCMSsolution/Data/Project1/Campbell RMBL Data/Ipomopsis 2025/blank14_250623_6232025_14.qgd,26561ef8-ddda-4927-89af-837662114d02,1
52,2025-06-23T15:50:38Z,2025-06-24T06:19:44Z,2025-06-24T06:20:22Z,2025-06-24T06:19:44Z,Desorbed NA,16,16,15,15,1,38,1861,skip-rename,blank15_250623_6232025_15.qgd,blank16_250623_6232025_16.qgd,Martin,C:/GCMSsolution/Data/Project1/Campbell RMBL Data/Ipomopsis 2025/blank15_250623_6232025_15.qgd,26561ef8-ddda-4927-89af-837662114d02,1
53,2025-06-23T15:50:38Z,2025-06-24T06:50:43Z,2025-06-24T06:51:18Z,2025-06-24T06:50:43Z,Desorbed NA,17,17,16,16,1,35,1859,skip-rename,blank16_250623_6232025_16.qgd,blank17_250623_6232025_17.qgd,Martin,C:/GCMSsolution/Data/Project1/Campbell RMBL Data/Ipomopsis 2025/blank16_250623_6232025_16.qgd,26561ef8-ddda-4927-89af-837662114d02,1
54,2025-06-23T15:50:38Z,2025-06-24T07:21:40Z,2025-06-24T07:22:01Z,2025-06-24T07:21:40Z,Desorbed NA,18,18,17,17,1,21,1857,skip-rename,blank17_250623_6232025_17.qgd,blank18_250623_6232025_18.qgd,Martin,C:/GCMSsolution/Data/Project1/Campbell RMBL Data/Ipomopsis 2025/blank17_250623_6232025_17.qgd,26561ef8-ddda-4927-89af-837662114d02,1
55,2025-06-23T15:50:38Z,2025-06-24T07:52:17Z,2025-06-24T07:52:48Z,2025-06-24T07:52:17Z,Desorbed NA,19,19,18,18,1,31,1837,skip-rename,blank18_250623_6232025_18.qgd,blank19_250623_6232025_19.qgd,Martin,C:/GCMSsolution/Data/Project1/Campbell RMBL Data/Ipomopsis 2025/blank18_250623_6232025_18.qgd,26561ef8-ddda-4927-89af-837662114d02,1
56,2025-06-23T15:50:38Z,2025-06-24T08:23:31Z,2025-06-24T08:24:10Z,2025-06-24T08:23:31Z,Desorbed NA,20,20,19,19,1,39,1874,skip-rename,blank19_250623_6232025_19.qgd,?,Martin,C:/GCMSsolution/Data/Project1/Campbell RMBL Data/Ipomopsis 2025/blank19_250623_6232025_19.qgd,26561ef8-ddda-4927-89af-837662114d02,1
57,2025-06-24T16:49:32Z,2025-06-24T23:54:06Z,2025-06-24T23:49:15Z,2025-06-24T23:49:15Z,Desorbed NA,3,1,1,1,0,291,55835,,VF_T9_993D_240709_6242025_redo_6242025_01.qgd,,NA,C:/GCMSsolution/Data/Project1/Campbell RMBL Data/Test instrument runs/VF_T9_993D_240709_6242025_redo_6242025_01.qgd,71948230-930e-4811-9258-18a201f76da4,1
58,2025-06-24T16:49:32Z,2025-06-25T00:09:09Z,NA,2025-06-25T00:09:09Z,NA NA,4,2,NA,2,NA,NA,903,mismatch,NA,,NA,NA,71948230-930e-4811-9258-18a201f76da4,1
59,2025-06-24T16:49:32Z,NA,NA,NA,NA Leak Test Pressurise Failed,5,3,NA,3,NA,NA,NA,mismatch-leak-blank,NA,,NA,NA,71948230-930e-4811-9258-18a201f76da4,1
60,2025-06-24T16:49:32Z,2025-06-25T00:30:28Z,NA,2025-06-25T00:30:28Z,NA NA,6,4,NA,4,NA,NA,NA,mismatch,NA,,NA,NA,71948230-930e-4811-9258-18a201f76da4,1
61,2025-06-24T16:49:32Z,2025-06-25T00:49:12Z,NA,2025-06-25T00:49:12Z,NA NA,7,5,NA,5,NA,NA,1124,mismatch,NA,,NA,NA,71948230-930e-4811-9258-18a201f76da4,1
62,2025-06-24T16:49:32Z,2025-06-25T01:08:08Z,NA,2025-06-25T01:08:08Z,NA NA,8,6,NA,6,NA,NA,1136,mismatch,NA,,NA,NA,71948230-930e-4811-9258-18a201f76da4,1
63,2025-06-24T16:49:32Z,2025-06-25T01:27:05Z,NA,2025-06-25T01:27:05Z,NA NA,9,7,NA,7,NA,NA,1137,mismatch,NA,,NA,NA,71948230-930e-4811-9258-18a201f76da4,1
64,2025-06-24T16:49:32Z,2025-06-25T01:46:06Z,NA,2025-06-25T01:46:06Z,NA NA,10,8,NA,8,NA,NA,1141,mismatch,NA,,NA,NA,71948230-930e-4811-9258-18a201f76da4,1
65,2025-06-25T08:57:37Z,2025-06-25T16:02:20Z,2025-06-25T15:57:12Z,2025-06-25T15:57:12Z,Desorbed NA,1,1,1,1,0,308,51374,,blank_250625_6252025_01.qgd,,Martin,C:/GCMSsolution/Data/Project1/Campbell RMBL Data/Ipomopsis 2025/blank_250625_6252025_01.qgd,3746b0fd-79c5-43e8-a18d-79c20e47334f,1
66,2025-06-25T08:57:37Z,NA,NA,NA,NA NA,2,2,NA,2,NA,NA,NA,skip-notrun,NA,VF_T3_3018D_240709_6252025_redo_6252025_02.qgd,NA,NA,3746b0fd-79c5-43e8-a18d-79c20e47334f,1
67,2025-06-25T08:57:37Z,2025-06-25T16:32:51Z,2025-06-25T16:33:25Z,2025-06-25T16:32:51Z,Desorbed NA,3,3,2,2,1,34,NA,skip-rename,VF_T3_3018D_240709_6252025_redo_6252025_02.qgd,VF_T4_3016D_240709_6252025_redo_6252025_03.qgd,Martin,C:/GCMSsolution/Data/Project1/Campbell RMBL Data/Ipomopsis 2025/VF_T3_3018D_240709_6252025_redo_6252025_02.qgd,3746b0fd-79c5-43e8-a18d-79c20e47334f,1
68,2025-06-25T08:57:37Z,2025-06-25T17:03:55Z,2025-06-25T17:04:26Z,2025-06-25T17:03:55Z,Desorbed NA,4,4,3,3,1,31,1864,skip-rename,VF_T4_3016D_240709_6252025_redo_6252025_03.qgd,VF_T6_3014D_240709_6252025_redo_6252025_04.qgd,Martin,C:/GCMSsolution/Data/Project1/Campbell RMBL Data/Ipomopsis 2025/VF_T4_3016D_240709_6252025_redo_6252025_03.qgd,3746b0fd-79c5-43e8-a18d-79c20e47334f,1
69,2025-06-25T08:57:37Z,2025-06-25T17:34:55Z,2025-06-25T17:35:28Z,2025-06-25T17:34:55Z,Desorbed NA,5,5,4,4,1,33,1860,skip-rename,VF_T6_3014D_240709_6252025_redo_6252025_04.qgd,VF_T2_20D_240709_6252025_redo_6252025_05.qgd,Martin,C:/GCMSsolution/Data/Project1/Campbell RMBL Data/Ipomopsis 2025/VF_T6_3014D_240709_6252025_redo_6252025_04.qgd,3746b0fd-79c5-43e8-a18d-79c20e47334f,1
70,2025-06-25T08:57:37Z,2025-06-25T18:06:09Z,2025-06-25T18:06:42Z,2025-06-25T18:06:09Z,Desorbed NA,6,6,5,5,1,33,1874,skip-rename,VF_T2_20D_240709_6252025_redo_6252025_05.qgd,VF_T1_115D_240709_6252025_redo_6252025_06.qgd,Martin,C:/GCMSsolution/Data/Project1/Campbell RMBL Data/Ipomopsis 2025/VF_T2_20D_240709_6252025_redo_6252025_05.qgd,3746b0fd-79c5-43e8-a18d-79c20e47334f,1
71,2025-06-25T08:57:37Z,2025-06-25T18:37:26Z,2025-06-25T18:38:00Z,2025-06-25T18:37:26Z,Desorbed NA,7,7,6,6,1,34,1877,skip-rename,VF_T1_115D_240709_6252025_redo_6252025_06.qgd,?,Martin,C:/GCMSsolution/Data/Project1/Campbell RMBL Data/Ipomopsis 2025/VF_T1_115D_240709_6252025_redo_6252025_06.qgd,3746b0fd-79c5-43e8-a18d-79c20e47334f,1
72,2025-06-25T08:57:37Z,2025-06-25T18:52:34Z,2025-06-25T18:38:00Z,2025-06-25T18:38:00Z,Desorbed NA,8,8,6,6,2,874,908,mismatch-skip-rename,VF_T1_115D_240709_6252025_redo_6252025_06.qgd,VF_T18_3030bD_240709_6252025_redo_6252025_08.qgd,Martin,C:/GCMSsolution/Data/Project1/Campbell RMBL Data/Ipomopsis 2025/VF_T1_115D_240709_6252025_redo_6252025_06.qgd,3746b0fd-79c5-43e8-a18d-79c20e47334f,1
73,2025-06-25T08:57:37Z,2025-06-25T19:39:56Z,2025-06-25T19:40:31Z,2025-06-25T19:39:56Z,Desorbed NA,9,9,8,8,1,35,2842,skip-rename,VF_T18_3030bD_240709_6252025_redo_6252025_08.qgd,VF_T19_3013D_240709_6252025_redo_6252025_09.qgd,Martin,C:/GCMSsolution/Data/Project1/Campbell RMBL Data/Ipomopsis 2025/VF_T18_3030bD_240709_6252025_redo_6252025_08.qgd,3746b0fd-79c5-43e8-a18d-79c20e47334f,1
74,2025-06-25T08:57:37Z,2025-06-25T20:11:18Z,2025-06-25T20:11:54Z,2025-06-25T20:11:18Z,Desorbed NA,10,10,9,9,1,36,1882,skip-rename,VF_T19_3013D_240709_6252025_redo_6252025_09.qgd,?,Martin,C:/GCMSsolution/Data/Project1/Campbell RMBL Data/Ipomopsis 2025/VF_T19_3013D_240709_6252025_redo_6252025_09.qgd,3746b0fd-79c5-43e8-a18d-79c20e47334f,1
75,2025-06-25T14:32:27Z,2025-06-25T21:37:00Z,2025-06-25T21:31:42Z,2025-06-25T21:31:42Z,Desorbed NA,3,1,1,1,0,318,5142,,VF_T20_3030D_240709_6252025_01.qgd,,Martin,C:/GCMSsolution/Data/Project1/Campbell RMBL Data/Ipomopsis 2025/VF_T20_3030D_240709_6252025_01.qgd,acd5a765-4e76-4e73-8d4d-160c64eb8db7,1
76,2025-06-25T14:32:27Z,2025-06-25T22:07:27Z,2025-06-25T22:07:59Z,2025-06-25T22:07:27Z,Desorbed NA,4,2,2,2,0,32,1827,,VF_T16_115bD_240709_6252025_redo_6252025_02.qgd,,Martin,C:/GCMSsolution/Data/Project1/Campbell RMBL Data/Ipomopsis 2025/VF_T16_115bD_240709_6252025_redo_6252025_02.qgd,acd5a765-4e76-4e73-8d4d-160c64eb8db7,1
77,2025-06-25T14:32:27Z,2025-06-25T22:38:49Z,2025-06-25T22:39:23Z,2025-06-25T22:38:49Z,Desorbed NA,5,3,3,3,0,34,1882,,VF_T13_112D_240709_6252025_redo_6252025_03.qgd,,Martin,C:/GCMSsolution/Data/Project1/Campbell RMBL Data/Ipomopsis 2025/VF_T13_112D_240709_6252025_redo_6252025_03.qgd,acd5a765-4e76-4e73-8d4d-160c64eb8db7,1
78,2025-06-25T14:32:27Z,2025-06-25T23:10:29Z,2025-06-25T23:11:03Z,2025-06-25T23:10:29Z,Desorbed NA,6,4,4,4,0,34,1900,,VF_T`15_169D_240709_6252025_redo_6252025_04.qgd,,Martin,C:/GCMSsolution/Data/Project1/Campbell RMBL Data/Ipomopsis 2025/VF_T`15_169D_240709_6252025_redo_6252025_04.qgd,acd5a765-4e76-4e73-8d4d-160c64eb8db7,1
79,2025-06-25T14:32:27Z,2025-06-25T23:42:21Z,2025-06-25T23:42:56Z,2025-06-25T23:42:21Z,Desorbed NA,7,5,5,5,0,35,1912,,VF_T12_913D_240709_6252025_redo_6252025_05.qgd,,Martin,C:/GCMSsolution/Data/Project1/Campbell RMBL Data/Ipomopsis 2025/VF_T12_913D_240709_6252025_redo_6252025_05.qgd,acd5a765-4e76-4e73-8d4d-160c64eb8db7,1
80,2025-06-25T14:32:27Z,2025-06-26T00:14:14Z,2025-06-26T00:14:50Z,2025-06-26T00:14:14Z,Desorbed NA,8,6,6,6,0,36,1913,,VF_T11_3013bD_240709_6252025_redo_6252025_06.qgd,,Martin,C:/GCMSsolution/Data/Project1/Campbell RMBL Data/Ipomopsis 2025/VF_T11_3013bD_240709_6252025_redo_6252025_06.qgd,acd5a765-4e76-4e73-8d4d-160c64eb8db7,1
81,2025-06-25T14:32:27Z,2025-06-26T00:46:05Z,2025-06-26T00:46:44Z,2025-06-26T00:46:05Z,Desorbed NA,9,7,7,7,0,39,1911,,VF_T23_20bD_240709_6252025_redo_6252025_07.qgd,,Martin,C:/GCMSsolution/Data/Project1/Campbell RMBL Data/Ipomopsis 2025/VF_T23_20bD_240709_6252025_redo_6252025_07.qgd,acd5a765-4e76-4e73-8d4d-160c64eb8db7,1
82,2025-06-25T14:32:27Z,2025-06-26T01:18:09Z,2025-06-26T01:18:41Z,2025-06-26T01:18:09Z,Desorbed NA,10,8,8,8,0,32,1924,,VF_T22_913bD_240709_6252025_redo_6252025_08.qgd,,Martin,C:/GCMSsolution/Data/Project1/Campbell RMBL Data/Ipomopsis 2025/VF_T22_913bD_240709_6252025_redo_6252025_08.qgd,acd5a765-4e76-4e73-8d4d-160c64eb8db7,1
83,2025-06-25T14:32:27Z,2025-06-26T01:50:59Z,2025-06-26T01:50:38Z,2025-06-26T01:50:38Z,Desorbed NA,11,9,9,9,0,21,1970,,VF_T29_LEAmb_240709_6252025_redo_6252025_09.qgd,,Martin,C:/GCMSsolution/Data/Project1/Campbell RMBL Data/Ipomopsis 2025/VF_T29_LEAmb_240709_6252025_redo_6252025_09.qgd,acd5a765-4e76-4e73-8d4d-160c64eb8db7,1
84,2025-06-25T14:32:27Z,2025-06-26T02:21:58Z,2025-06-26T02:22:32Z,2025-06-26T02:21:58Z,Desorbed NA,12,10,10,10,0,34,1859,,VF_T3_3018Dredo_240709_6252025_redo_6252025_10.qgd,,Martin,C:/GCMSsolution/Data/Project1/Campbell RMBL Data/Ipomopsis 2025/VF_T3_3018Dredo_240709_6252025_redo_6252025_10.qgd,acd5a765-4e76-4e73-8d4d-160c64eb8db7,1
85,2025-06-25T14:32:27Z,2025-06-26T02:53:45Z,2025-06-26T02:54:17Z,2025-06-26T02:53:45Z,Desorbed NA,13,11,11,11,0,32,1907,,VF_T36_993N_240709-6252025_6252025_11.qgd,,Martin,C:/GCMSsolution/Data/Project1/Campbell RMBL Data/Ipomopsis 2025/VF_T36_993N_240709-6252025_6252025_11.qgd,acd5a765-4e76-4e73-8d4d-160c64eb8db7,1
86,2025-06-25T14:32:27Z,2025-06-26T03:25:21Z,2025-06-26T03:25:58Z,2025-06-26T03:25:21Z,Desorbed NA,14,12,12,12,0,37,1896,,VF_T39_3009N_240709-6252025_6252025_12.qgd,,Martin,C:/GCMSsolution/Data/Project1/Campbell RMBL Data/Ipomopsis 2025/VF_T39_3009N_240709-6252025_6252025_12.qgd,acd5a765-4e76-4e73-8d4d-160c64eb8db7,1
87,2025-06-25T14:32:27Z,2025-06-26T03:56:49Z,2025-06-26T03:57:12Z,2025-06-26T03:56:49Z,Desorbed NA,15,13,13,13,0,23,1888,,VF_T17_80N_240709-6252025_6252025_13.qgd,,Martin,C:/GCMSsolution/Data/Project1/Campbell RMBL Data/Ipomopsis 2025/VF_T17_80N_240709-6252025_6252025_13.qgd,acd5a765-4e76-4e73-8d4d-160c64eb8db7,1
88,2025-06-25T14:32:27Z,2025-06-26T04:27:57Z,2025-06-26T04:28:32Z,2025-06-26T04:27:57Z,Desorbed NA,16,14,14,14,0,35,1868,,VF_T45_913N_240709-6252025_6252025_14.qgd,,Martin,C:/GCMSsolution/Data/Project1/Campbell RMBL Data/Ipomopsis 2025/VF_T45_913N_240709-6252025_6252025_14.qgd,acd5a765-4e76-4e73-8d4d-160c64eb8db7,1
89,2025-06-25T14:32:27Z,2025-06-26T04:59:06Z,2025-06-26T04:59:43Z,2025-06-26T04:59:06Z,Desorbed NA,17,15,15,15,0,37,1869,,VF_T38_3006N_240709-6252025_6252025_15.qgd,,Martin,C:/GCMSsolution/Data/Project1/Campbell RMBL Data/Ipomopsis 2025/VF_T38_3006N_240709-6252025_6252025_15.qgd,acd5a765-4e76-4e73-8d4d-160c64eb8db7,1
90,2025-06-25T14:32:27Z,2025-06-26T05:30:22Z,2025-06-26T05:30:58Z,2025-06-26T05:30:22Z,Desorbed NA,18,16,16,16,0,36,1876,,VF_T41_3016N_240709-6252025_6252025_16.qgd,,Martin,C:/GCMSsolution/Data/Project1/Campbell RMBL Data/Ipomopsis 2025/VF_T41_3016N_240709-6252025_6252025_16.qgd,acd5a765-4e76-4e73-8d4d-160c64eb8db7,1
91,2025-06-25T14:32:27Z,NA,NA,NA,NA NA,19,17,NA,17,NA,NA,NA,skip-notrun,NA,VF_T43_115N_240709-6252025_6252025_17.qgd,NA,NA,acd5a765-4e76-4e73-8d4d-160c64eb8db7,1
92,2025-06-25T14:32:27Z,2025-06-26T06:01:33Z,2025-06-26T06:02:09Z,2025-06-26T06:01:33Z,Desorbed NA,20,18,17,17,1,36,NA,skip-rename,VF_T43_115N_240709-6252025_6252025_17.qgd,?,Martin,C:/GCMSsolution/Data/Project1/Campbell RMBL Data/Ipomopsis 2025/VF_T43_115N_240709-6252025_6252025_17.qgd,acd5a765-4e76-4e73-8d4d-160c64eb8db7,1
93,2025-06-26T15:09:20Z,2025-06-26T22:13:57Z,2025-06-26T22:08:56Z,2025-06-26T22:08:56Z,Desorbed NA,1,1,1,1,0,301,58344,,blank_6262025_01.qgd,,Martin,C:/GCMSsolution/Data/Project1/Campbell RMBL Data/Ipomopsis 2025/blank_6262025_01.qgd,05248dc9-1f01-4f4d-a410-4fedd4be1a42,1
94,2025-06-26T15:09:20Z,2025-06-26T22:44:25Z,2025-06-26T22:44:57Z,2025-06-26T22:44:25Z,Desorbed NA,3,2,2,2,0,32,1828,,VF_T5_DHAmb_240709_6262025_6262025_02.qgd,,Martin,C:/GCMSsolution/Data/Project1/Campbell RMBL Data/Ipomopsis 2025/VF_T5_DHAmb_240709_6262025_6262025_02.qgd,05248dc9-1f01-4f4d-a410-4fedd4be1a42,1
95,2025-06-26T15:09:20Z,2025-06-26T23:16:10Z,2025-06-26T23:16:48Z,2025-06-26T23:16:10Z,Desorbed NA,4,3,3,3,0,38,1905,,VF_T46_LEAmbN_240709_6262025_6262025_03.qgd,,Martin,C:/GCMSsolution/Data/Project1/Campbell RMBL Data/Ipomopsis 2025/VF_T46_LEAmbN_240709_6262025_6262025_03.qgd,05248dc9-1f01-4f4d-a410-4fedd4be1a42,1
96,2025-06-26T15:09:20Z,2025-06-26T23:48:15Z,2025-06-26T23:48:42Z,2025-06-26T23:48:15Z,Desorbed NA,5,4,4,4,0,27,1925,,VF_T`37_45N_240709_6262025_6262025_04.qgd,,Martin,C:/GCMSsolution/Data/Project1/Campbell RMBL Data/Ipomopsis 2025/VF_T`37_45N_240709_6262025_6262025_04.qgd,05248dc9-1f01-4f4d-a410-4fedd4be1a42,1
97,2025-06-26T15:09:20Z,2025-06-27T00:20:11Z,2025-06-27T00:20:49Z,2025-06-27T00:20:11Z,Desorbed NA,6,5,5,5,0,38,1916,,VF_T35_3005N_240709_6262025_6262025_05.qgd,,Martin,C:/GCMSsolution/Data/Project1/Campbell RMBL Data/Ipomopsis 2025/VF_T35_3005N_240709_6262025_6262025_05.qgd,05248dc9-1f01-4f4d-a410-4fedd4be1a42,1
98,2025-06-26T15:09:20Z,2025-06-27T00:36:19Z,2025-06-27T00:20:49Z,2025-06-27T00:20:49Z,Desorbed NA,7,6,5,5,1,930,968,mismatch,VF_T35_3005N_240709_6262025_6262025_05.qgd,,Martin,C:/GCMSsolution/Data/Project1/Campbell RMBL Data/Ipomopsis 2025/VF_T35_3005N_240709_6262025_6262025_05.qgd,05248dc9-1f01-4f4d-a410-4fedd4be1a42,1
99,2025-06-26T15:09:20Z,2025-06-27T01:24:42Z,2025-06-27T01:25:13Z,2025-06-27T01:24:42Z,Desorbed NA,8,7,7,7,0,31,2903,,VF_T42_20N_240709_6262025_6262025_07.qgd,,Martin,C:/GCMSsolution/Data/Project1/Campbell RMBL Data/Ipomopsis 2025/VF_T42_20N_240709_6262025_6262025_07.qgd,05248dc9-1f01-4f4d-a410-4fedd4be1a42,1
100,2025-06-26T15:09:20Z,2025-06-27T01:57:01Z,2025-06-27T01:57:37Z,2025-06-27T01:57:01Z,Desorbed NA,9,8,8,8,0,36,1939,,VF_T40_3014N_240709_6262025_6262025_08.qgd,,Martin,C:/GCMSsolution/Data/Project1/Campbell RMBL Data/Ipomopsis 2025/VF_T40_3014N_240709_6262025_6262025_08.qgd,05248dc9-1f01-4f4d-a410-4fedd4be1a42,1
101,2025-06-26T15:09:20Z,2025-06-27T02:29:21Z,2025-06-27T02:29:56Z,2025-06-27T02:29:21Z,Desorbed NA,10,9,9,9,0,35,1940,,VF_T32_3030N_240709_6262025_6262025_09.qgd,,Martin,C:/GCMSsolution/Data/Project1/Campbell RMBL Data/Ipomopsis 2025/VF_T32_3030N_240709_6262025_6262025_09.qgd,05248dc9-1f01-4f4d-a410-4fedd4be1a42,1
102,2025-06-26T15:09:20Z,2025-06-27T03:02:17Z,2025-06-27T03:01:58Z,2025-06-27T03:01:58Z,Desorbed NA,11,10,10,10,0,19,1976,,VF_T31_3018N_240709_6262025_6262025_10.qgd,,Martin,C:/GCMSsolution/Data/Project1/Campbell RMBL Data/Ipomopsis 2025/VF_T31_3018N_240709_6262025_6262025_10.qgd,05248dc9-1f01-4f4d-a410-4fedd4be1a42,1
103,2025-06-26T15:09:20Z,2025-06-27T03:33:14Z,2025-06-27T03:33:43Z,2025-06-27T03:33:14Z,Desorbed NA,12,11,11,11,0,29,1857,,VF_T44_DHAmbN_240709_6262025_6262025_11.qgd,,Martin,C:/GCMSsolution/Data/Project1/Campbell RMBL Data/Ipomopsis 2025/VF_T44_DHAmbN_240709_6262025_6262025_11.qgd,05248dc9-1f01-4f4d-a410-4fedd4be1a42,1
104,2025-06-26T15:09:20Z,2025-06-27T04:04:39Z,2025-06-27T04:05:14Z,2025-06-27T04:04:39Z,Desorbed NA,13,12,12,12,0,35,1885,,VF_T34_169N_240709_6262025_6262025_12.qgd,,Martin,C:/GCMSsolution/Data/Project1/Campbell RMBL Data/Ipomopsis 2025/VF_T34_169N_240709_6262025_6262025_12.qgd,05248dc9-1f01-4f4d-a410-4fedd4be1a42,1
105,2025-06-26T15:09:20Z,2025-06-27T04:36:09Z,2025-06-27T04:36:42Z,2025-06-27T04:36:09Z,Desorbed NA,19,13,13,13,0,33,1890,,VF_T43_115Nredo_240709-6262025_6262025_13.qgd,,Martin,C:/GCMSsolution/Data/Project1/Campbell RMBL Data/Ipomopsis 2025/VF_T43_115Nredo_240709-6262025_6262025_13.qgd,05248dc9-1f01-4f4d-a410-4fedd4be1a42,1
106,2025-06-27T10:52:59Z,2025-06-27T17:57:37Z,2025-06-27T17:52:28Z,2025-06-27T17:52:28Z,Desorbed NA,1,1,1,1,0,309,48088,,blank_6272025_01.qgd,,Martin,C:/GCMSsolution/Data/Project1/Campbell RMBL Data/Ipomopsis 2025/blank_6272025_01.qgd,37120456-e6c3-4702-9f77-3fccad1063ce,1
107,2025-06-27T10:52:59Z,2025-06-27T18:28:05Z,2025-06-27T18:28:42Z,2025-06-27T18:28:05Z,Desorbed NA,2,2,2,2,0,37,1828,,Lagg_T170_298N_07312024_6272025_02.qgd,,Martin,C:/GCMSsolution/Data/Project1/Campbell RMBL Data/Ipomopsis 2025/Lagg_T170_298N_07312024_6272025_02.qgd,37120456-e6c3-4702-9f77-3fccad1063ce,1
108,2025-06-27T10:52:59Z,2025-06-27T18:59:26Z,2025-06-27T18:59:59Z,2025-06-27T18:59:26Z,Desorbed NA,3,3,3,3,0,33,1881,,Lagg_T81_1012N_07312024_6272025_03.qgd,,Martin,C:/GCMSsolution/Data/Project1/Campbell RMBL Data/Ipomopsis 2025/Lagg_T81_1012N_07312024_6272025_03.qgd,37120456-e6c3-4702-9f77-3fccad1063ce,1
109,2025-06-27T10:52:59Z,2025-06-27T19:30:59Z,2025-06-27T19:31:35Z,2025-06-27T19:30:59Z,Desorbed NA,4,4,4,4,0,36,1893,,Lagg_T207_293N_07312024_6272025_04.qgd,,Martin,C:/GCMSsolution/Data/Project1/Campbell RMBL Data/Ipomopsis 2025/Lagg_T207_293N_07312024_6272025_04.qgd,37120456-e6c3-4702-9f77-3fccad1063ce,1
110,2025-06-27T10:52:59Z,NA,NA,NA,NA NA,5,5,NA,5,NA,NA,NA,skip-notrun,NA,Lagg_T196_XN_07312024_6272025_05.qgd,NA,NA,37120456-e6c3-4702-9f77-3fccad1063ce,1
111,2025-06-27T10:52:59Z,2025-06-27T20:02:47Z,2025-06-27T20:03:20Z,2025-06-27T20:02:47Z,Desorbed NA,6,6,5,5,1,33,NA,skip-rename,Lagg_T196_XN_07312024_6272025_05.qgd,Lagg_T214_1020N_07312024_6272025_06.qgd,Martin,C:/GCMSsolution/Data/Project1/Campbell RMBL Data/Ipomopsis 2025/Lagg_T196_XN_07312024_6272025_05.qgd,37120456-e6c3-4702-9f77-3fccad1063ce,1
112,2025-06-27T10:52:59Z,2025-06-27T20:34:45Z,2025-06-27T20:35:22Z,2025-06-27T20:34:45Z,Desorbed NA,7,7,6,6,1,37,1918,skip-rename,Lagg_T214_1020N_07312024_6272025_06.qgd,Lagg_T246_1005N_07312024_6272025_07.qgd,Martin,C:/GCMSsolution/Data/Project1/Campbell RMBL Data/Ipomopsis 2025/Lagg_T214_1020N_07312024_6272025_06.qgd,37120456-e6c3-4702-9f77-3fccad1063ce,1
113,2025-06-27T10:52:59Z,2025-06-27T21:07:08Z,2025-06-27T21:07:33Z,2025-06-27T21:07:08Z,Desorbed NA,8,8,7,7,1,25,1943,skip-rename,Lagg_T246_1005N_07312024_6272025_07.qgd,Lagg_T204_559N_07312024_6272025_08.qgd,Martin,C:/GCMSsolution/Data/Project1/Campbell RMBL Data/Ipomopsis 2025/Lagg_T246_1005N_07312024_6272025_07.qgd,37120456-e6c3-4702-9f77-3fccad1063ce,1
114,2025-06-27T10:52:59Z,2025-06-27T21:39:11Z,2025-06-27T21:39:48Z,2025-06-27T21:39:11Z,Desorbed NA,9,9,8,8,1,37,1923,skip-rename,Lagg_T204_559N_07312024_6272025_08.qgd,Lagg_T202_1007N_07312024_6272025_09.qgd,Martin,C:/GCMSsolution/Data/Project1/Campbell RMBL Data/Ipomopsis 2025/Lagg_T204_559N_07312024_6272025_08.qgd,37120456-e6c3-4702-9f77-3fccad1063ce,1
115,2025-06-27T10:52:59Z,2025-06-27T22:11:32Z,2025-06-27T22:12:04Z,2025-06-27T22:11:32Z,Desorbed NA,10,10,9,9,1,32,1941,skip-rename,Lagg_T202_1007N_07312024_6272025_09.qgd,Lagg_T210_3114N_07312024_6272025_10.qgd,Martin,C:/GCMSsolution/Data/Project1/Campbell RMBL Data/Ipomopsis 2025/Lagg_T202_1007N_07312024_6272025_09.qgd,37120456-e6c3-4702-9f77-3fccad1063ce,1
116,2025-06-27T10:52:59Z,2025-06-27T22:44:48Z,2025-06-27T22:44:32Z,2025-06-27T22:44:32Z,Desorbed NA,11,11,10,10,1,16,1996,skip-rename,Lagg_T210_3114N_07312024_6272025_10.qgd,Lagg_T323_553N_07312024_6272025_11.qgd,Martin,C:/GCMSsolution/Data/Project1/Campbell RMBL Data/Ipomopsis 2025/Lagg_T210_3114N_07312024_6272025_10.qgd,37120456-e6c3-4702-9f77-3fccad1063ce,1
117,2025-06-27T10:52:59Z,2025-06-27T23:16:24Z,2025-06-27T23:17:01Z,2025-06-27T23:16:24Z,Desorbed NA,12,12,11,11,1,37,1896,skip-rename,Lagg_T323_553N_07312024_6272025_11.qgd,Lagg_T217_3120N_07312024_6272025_12.qgd,Martin,C:/GCMSsolution/Data/Project1/Campbell RMBL Data/Ipomopsis 2025/Lagg_T323_553N_07312024_6272025_11.qgd,37120456-e6c3-4702-9f77-3fccad1063ce,1
118,2025-06-27T10:52:59Z,2025-06-27T23:49:05Z,2025-06-27T23:49:31Z,2025-06-27T23:49:05Z,Desorbed NA,13,13,12,12,1,26,1961,skip-rename,Lagg_T217_3120N_07312024_6272025_12.qgd,Lagg_T323_1022N_07312024_6272025_13.qgd,Martin,C:/GCMSsolution/Data/Project1/Campbell RMBL Data/Ipomopsis 2025/Lagg_T217_3120N_07312024_6272025_12.qgd,37120456-e6c3-4702-9f77-3fccad1063ce,1
119,2025-06-27T10:52:59Z,2025-06-28T00:21:40Z,2025-06-28T00:22:13Z,2025-06-28T00:21:40Z,Desorbed NA,14,14,13,13,1,33,1955,skip-rename,Lagg_T323_1022N_07312024_6272025_13.qgd,Lagg_T208_DHAmbN_07312024_6272025_14.qgd,Martin,C:/GCMSsolution/Data/Project1/Campbell RMBL Data/Ipomopsis 2025/Lagg_T323_1022N_07312024_6272025_13.qgd,37120456-e6c3-4702-9f77-3fccad1063ce,1
120,2025-06-27T10:52:59Z,2025-06-28T00:54:22Z,2025-06-28T00:54:56Z,2025-06-28T00:54:22Z,Desorbed NA,15,15,14,14,1,34,1962,skip-rename,Lagg_T208_DHAmbN_07312024_6272025_14.qgd,Lagg_T203_3116N_07312024_6272025_15.qgd,Martin,C:/GCMSsolution/Data/Project1/Campbell RMBL Data/Ipomopsis 2025/Lagg_T208_DHAmbN_07312024_6272025_14.qgd,37120456-e6c3-4702-9f77-3fccad1063ce,1
121,2025-06-27T10:52:59Z,2025-06-28T01:27:15Z,2025-06-28T01:27:50Z,2025-06-28T01:27:15Z,Desorbed NA,16,16,15,15,1,35,1973,skip-rename,Lagg_T203_3116N_07312024_6272025_15.qgd,Lagg_T223_3133N_07312024_6272025_16.qgd,Martin,C:/GCMSsolution/Data/Project1/Campbell RMBL Data/Ipomopsis 2025/Lagg_T203_3116N_07312024_6272025_15.qgd,37120456-e6c3-4702-9f77-3fccad1063ce,1
122,2025-06-27T10:52:59Z,2025-06-28T02:00:04Z,2025-06-28T02:00:35Z,2025-06-28T02:00:04Z,Desorbed NA,17,17,16,16,1,31,1969,skip-rename,Lagg_T223_3133N_07312024_6272025_16.qgd,Lagg_T322_3119N_07312024_6272025_17.qgd,Martin,C:/GCMSsolution/Data/Project1/Campbell RMBL Data/Ipomopsis 2025/Lagg_T223_3133N_07312024_6272025_16.qgd,37120456-e6c3-4702-9f77-3fccad1063ce,1
123,2025-06-27T10:52:59Z,2025-06-28T02:32:39Z,2025-06-28T02:33:03Z,2025-06-28T02:32:39Z,Desorbed NA,18,18,17,17,1,24,1955,skip-rename,Lagg_T322_3119N_07312024_6272025_17.qgd,Lagg_T261_3115N_07312024_6272025_18.qgd,Martin,C:/GCMSsolution/Data/Project1/Campbell RMBL Data/Ipomopsis 2025/Lagg_T322_3119N_07312024_6272025_17.qgd,37120456-e6c3-4702-9f77-3fccad1063ce,1
124,2025-06-27T10:52:59Z,2025-06-28T03:05:01Z,2025-06-28T03:05:36Z,2025-06-28T03:05:01Z,Desorbed NA,19,19,18,18,1,35,1942,skip-rename,Lagg_T261_3115N_07312024_6272025_18.qgd,Lagg_T195_1004N_07312024_6272025_19.qgd,Martin,C:/GCMSsolution/Data/Project1/Campbell RMBL Data/Ipomopsis 2025/Lagg_T261_3115N_07312024_6272025_18.qgd,37120456-e6c3-4702-9f77-3fccad1063ce,1
125,2025-06-27T10:52:59Z,2025-06-28T03:37:26Z,2025-06-28T03:37:58Z,2025-06-28T03:37:26Z,Desorbed NA,20,20,19,19,1,32,1945,skip-rename,Lagg_T195_1004N_07312024_6272025_19.qgd,?,Martin,C:/GCMSsolution/Data/Project1/Campbell RMBL Data/Ipomopsis 2025/Lagg_T195_1004N_07312024_6272025_19.qgd,37120456-e6c3-4702-9f77-3fccad1063ce,1
126,2025-06-28T14:42:21Z,2025-06-28T21:46:57Z,2025-06-28T21:41:03Z,2025-06-28T21:41:03Z,Desorbed NA,1,1,1,1,0,354,65371,,blank_6282025_01.qgd,,Martin,C:/GCMSsolution/Data/Project1/Campbell RMBL Data/Ipomopsis 2025/blank_6282025_01.qgd,0a7ff007-d1c9-4f10-b121-4e3f160b868d,1
127,2025-06-28T14:42:21Z,2025-06-28T22:17:23Z,2025-06-28T22:17:59Z,2025-06-28T22:17:23Z,Desorbed NA,2,2,2,2,0,36,1826,,Lagg_T147_LEAmbN_07312024_6282025_02.qgd,,Martin,C:/GCMSsolution/Data/Project1/Campbell RMBL Data/Ipomopsis 2025/Lagg_T147_LEAmbN_07312024_6282025_02.qgd,0a7ff007-d1c9-4f10-b121-4e3f160b868d,1
128,2025-06-28T14:42:21Z,2025-06-28T22:49:43Z,2025-06-28T22:50:20Z,2025-06-28T22:49:43Z,Desorbed NA,3,3,3,3,0,37,1940,,Lagg_T329_Wof3115N_07312024_6282025_03.qgd,,Martin,C:/GCMSsolution/Data/Project1/Campbell RMBL Data/Ipomopsis 2025/Lagg_T329_Wof3115N_07312024_6282025_03.qgd,0a7ff007-d1c9-4f10-b121-4e3f160b868d,1
129,2025-06-28T14:42:21Z,2025-06-28T23:22:23Z,2025-06-28T23:23:00Z,2025-06-28T23:22:23Z,Desorbed NA,4,4,4,4,0,37,1960,,Lagg_T192_3128N_07312024_6282025_04.qgd,,Martin,C:/GCMSsolution/Data/Project1/Campbell RMBL Data/Ipomopsis 2025/Lagg_T192_3128N_07312024_6282025_04.qgd,0a7ff007-d1c9-4f10-b121-4e3f160b868d,1
130,2025-06-28T14:42:21Z,2025-06-28T23:55:11Z,2025-06-28T23:55:45Z,2025-06-28T23:55:11Z,Desorbed NA,5,5,5,5,0,34,1968,,Lagg_T196_XNredo_07312024_6282025_05.qgd,,Martin,C:/GCMSsolution/Data/Project1/Campbell RMBL Data/Ipomopsis 2025/Lagg_T196_XNredo_07312024_6282025_05.qgd,0a7ff007-d1c9-4f10-b121-4e3f160b868d,1
131,2025-06-28T14:42:21Z,2025-06-29T00:28:10Z,2025-06-29T00:28:37Z,2025-06-29T00:28:10Z,Desorbed NA,6,6,6,6,0,27,1979,,Lagg_T186_3121N_07312024_6282025_06.qgd,,Martin,C:/GCMSsolution/Data/Project1/Campbell RMBL Data/Ipomopsis 2025/Lagg_T186_3121N_07312024_6282025_06.qgd,0a7ff007-d1c9-4f10-b121-4e3f160b868d,1
132,2025-06-28T14:42:21Z,2025-06-29T01:00:03Z,2025-06-29T01:00:40Z,2025-06-29T01:00:03Z,Desorbed NA,7,7,7,7,0,37,1913,,Lagg_T232_3112N_07312024_6282025_07.qgd,,Martin,C:/GCMSsolution/Data/Project1/Campbell RMBL Data/Ipomopsis 2025/Lagg_T232_3112N_07312024_6282025_07.qgd,0a7ff007-d1c9-4f10-b121-4e3f160b868d,1
133,2025-06-28T14:42:21Z,2025-06-29T01:32:58Z,2025-06-29T01:33:35Z,2025-06-29T01:32:58Z,Desorbed NA,8,8,8,8,0,37,1975,,Lagg_T216_3134N_07312024_6282025_08.qgd,,Martin,C:/GCMSsolution/Data/Project1/Campbell RMBL Data/Ipomopsis 2025/Lagg_T216_3134N_07312024_6282025_08.qgd,0a7ff007-d1c9-4f10-b121-4e3f160b868d,1
134,2025-06-28T14:42:21Z,2025-06-29T02:05:52Z,2025-06-29T02:06:28Z,2025-06-29T02:05:52Z,Desorbed NA,9,9,9,9,0,36,1974,,Lagg_T219_3130N_07312024_6282025_09.qgd,,Martin,C:/GCMSsolution/Data/Project1/Campbell RMBL Data/Ipomopsis 2025/Lagg_T219_3130N_07312024_6282025_09.qgd,0a7ff007-d1c9-4f10-b121-4e3f160b868d,1
135,2025-06-28T14:42:21Z,2025-06-29T02:38:41Z,2025-06-29T02:39:13Z,2025-06-29T02:38:41Z,Desorbed NA,10,10,10,10,0,32,1969,,Lagg_T206_3105N_07312024_6282025_10.qgd,,Martin,C:/GCMSsolution/Data/Project1/Campbell RMBL Data/Ipomopsis 2025/Lagg_T206_3105N_07312024_6282025_10.qgd,0a7ff007-d1c9-4f10-b121-4e3f160b868d,1
136,2025-06-28T14:42:21Z,2025-06-29T03:12:17Z,2025-06-29T03:11:55Z,2025-06-29T03:11:55Z,Desorbed NA,11,11,11,11,0,22,2016,,Lagg_T321_1011N_07312024_6282025_11.qgd,,Martin,C:/GCMSsolution/Data/Project1/Campbell RMBL Data/Ipomopsis 2025/Lagg_T321_1011N_07312024_6282025_11.qgd,0a7ff007-d1c9-4f10-b121-4e3f160b868d,1
137,2025-06-28T14:42:21Z,NA,NA,NA,NA NA,12,12,NA,12,NA,NA,NA,skip-notrun,NA,Lagg_T205_3107N_07312024_6282025_12.qgd,NA,NA,0a7ff007-d1c9-4f10-b121-4e3f160b868d,1
138,2025-06-28T14:42:21Z,2025-06-29T03:43:47Z,2025-06-29T03:44:22Z,2025-06-29T03:43:47Z,Desorbed NA,13,13,12,12,1,35,NA,skip-rename,Lagg_T205_3107N_07312024_6282025_12.qgd,Lagg_T177_3146N_07312024_6282025_13.qgd,Martin,C:/GCMSsolution/Data/Project1/Campbell RMBL Data/Ipomopsis 2025/Lagg_T205_3107N_07312024_6282025_12.qgd,0a7ff007-d1c9-4f10-b121-4e3f160b868d,1
139,2025-06-28T14:42:21Z,2025-06-29T04:15:49Z,2025-06-29T04:16:24Z,2025-06-29T04:15:49Z,Desorbed NA,14,14,13,13,1,35,1922,skip-rename,Lagg_T177_3146N_07312024_6282025_13.qgd,Lagg_T198_1024N_07312024_6282025_14.qgd,Martin,C:/GCMSsolution/Data/Project1/Campbell RMBL Data/Ipomopsis 2025/Lagg_T177_3146N_07312024_6282025_13.qgd,0a7ff007-d1c9-4f10-b121-4e3f160b868d,1
140,2025-06-28T14:42:21Z,2025-06-29T04:47:28Z,2025-06-29T04:48:04Z,2025-06-29T04:47:28Z,Desorbed NA,15,15,14,14,1,36,1899,skip-rename,Lagg_T198_1024N_07312024_6282025_14.qgd,Lagg_T150_3142N_07312024_6282025_15.qgd,Martin,C:/GCMSsolution/Data/Project1/Campbell RMBL Data/Ipomopsis 2025/Lagg_T198_1024N_07312024_6282025_14.qgd,0a7ff007-d1c9-4f10-b121-4e3f160b868d,1
141,2025-06-28T14:42:21Z,NA,NA,NA,NA NA,16,16,NA,16,NA,NA,NA,skip-notrun,NA,Lagg_T221_3110N_07312024_6282025_16.qgd,NA,NA,0a7ff007-d1c9-4f10-b121-4e3f160b868d,1
142,2025-06-28T14:42:21Z,NA,NA,NA,NA NA,17,17,NA,17,NA,NA,NA,skip-notrun,NA,Lagg_T201_1002N_07312024_6282025_17.qgd,NA,NA,0a7ff007-d1c9-4f10-b121-4e3f160b868d,1
143,2025-06-28T14:42:21Z,2025-06-29T05:18:54Z,2025-06-29T05:19:36Z,2025-06-29T05:18:54Z,Desorbed NA,18,18,15,15,3,42,NA,,Lagg_T150_3142N_07312024_6282025_15.qgd,?,Martin,C:/GCMSsolution/Data/Project1/Campbell RMBL Data/Ipomopsis 2025/Lagg_T150_3142N_07312024_6282025_15.qgd,0a7ff007-d1c9-4f10-b121-4e3f160b868d,1
144,2025-06-28T14:42:21Z,2025-06-29T05:50:20Z,2025-06-29T05:50:56Z,2025-06-29T05:50:20Z,Desorbed NA,19,19,16,16,3,36,1886,,Lagg_T221_3110N_07312024_6282025_16.qgd,?,Martin,C:/GCMSsolution/Data/Project1/Campbell RMBL Data/Ipomopsis 2025/Lagg_T221_3110N_07312024_6282025_16.qgd,0a7ff007-d1c9-4f10-b121-4e3f160b868d,1
145,2025-06-28T14:42:21Z,2025-06-29T06:21:33Z,2025-06-29T06:22:04Z,2025-06-29T06:21:33Z,Desorbed NA,20,20,17,17,3,31,1873,,Lagg_T201_1002N_07312024_6282025_17.qgd,?,Martin,C:/GCMSsolution/Data/Project1/Campbell RMBL Data/Ipomopsis 2025/Lagg_T201_1002N_07312024_6282025_17.qgd,0a7ff007-d1c9-4f10-b121-4e3f160b868d,1
146,2025-06-29T11:22:23Z,2025-06-29T18:27:02Z,2025-06-29T18:21:37Z,2025-06-29T18:21:37Z,Desorbed NA,1,1,1,1,0,325,43529,,blank1_6292025_01.qgd,,Martin,C:/GCMSsolution/Data/Project1/Campbell RMBL Data/Ipomopsis 2025/blank1_6292025_01.qgd,345b4109-6f08-4467-b960-7aa89588a5c8,1
147,2025-06-29T11:22:23Z,2025-06-29T18:57:30Z,2025-06-29T18:58:06Z,2025-06-29T18:57:30Z,Desorbed NA,2,2,2,2,0,36,1828,,Lagg_T194_3108N_07312024_6292025_02.qgd,,Martin,C:/GCMSsolution/Data/Project1/Campbell RMBL Data/Ipomopsis 2025/Lagg_T194_3108N_07312024_6292025_02.qgd,345b4109-6f08-4467-b960-7aa89588a5c8,1
148,2025-06-29T11:22:23Z,2025-06-29T19:28:39Z,2025-06-29T19:29:16Z,2025-06-29T19:28:39Z,Desorbed NA,3,3,3,3,0,37,1869,,Lagg_T165_75N_07312024_6292025_03.qgd,,Martin,C:/GCMSsolution/Data/Project1/Campbell RMBL Data/Ipomopsis 2025/Lagg_T165_75N_07312024_6292025_03.qgd,345b4109-6f08-4467-b960-7aa89588a5c8,1
149,2025-06-29T11:22:23Z,NA,NA,NA,NA NA,4,4,NA,4,NA,NA,NA,skip-notrun,NA,Lagg_T220_SBAmbN_07312024_6292025_04.qgd,NA,NA,345b4109-6f08-4467-b960-7aa89588a5c8,1
150,2025-06-29T11:22:23Z,2025-06-29T20:00:05Z,2025-06-29T20:00:40Z,2025-06-29T20:00:05Z,Desorbed NA,5,5,4,4,1,35,NA,skip-rename,Lagg_T220_SBAmbN_07312024_6292025_04.qgd,Lagg_T310_JBAmbN_07312024_6292025_05.qgd,Martin,C:/GCMSsolution/Data/Project1/Campbell RMBL Data/Ipomopsis 2025/Lagg_T220_SBAmbN_07312024_6292025_04.qgd,345b4109-6f08-4467-b960-7aa89588a5c8,1
151,2025-06-29T11:22:23Z,2025-06-29T20:31:36Z,2025-06-29T20:32:12Z,2025-06-29T20:31:36Z,Desorbed NA,6,6,5,5,1,36,1891,skip-rename,Lagg_T310_JBAmbN_07312024_6292025_05.qgd,Lagg_T213_609N_07312024_6292025_06.qgd,Martin,C:/GCMSsolution/Data/Project1/Campbell RMBL Data/Ipomopsis 2025/Lagg_T310_JBAmbN_07312024_6292025_05.qgd,345b4109-6f08-4467-b960-7aa89588a5c8,1
152,2025-06-29T11:22:23Z,2025-06-29T21:03:16Z,2025-06-29T21:03:52Z,2025-06-29T21:03:16Z,Desorbed NA,7,7,6,6,1,36,1900,skip-rename,Lagg_T213_609N_07312024_6292025_06.qgd,Lagg_T212_314N_07312024_6292025_07.qgd,Martin,C:/GCMSsolution/Data/Project1/Campbell RMBL Data/Ipomopsis 2025/Lagg_T213_609N_07312024_6292025_06.qgd,345b4109-6f08-4467-b960-7aa89588a5c8,1
153,2025-06-29T11:22:23Z,2025-06-29T21:35:08Z,2025-06-29T21:35:41Z,2025-06-29T21:35:08Z,Desorbed NA,8,8,7,7,1,33,1912,skip-rename,Lagg_T212_314N_07312024_6292025_07.qgd,Lagg_T185_XXN_07312024_6292025_08.qgd,Martin,C:/GCMSsolution/Data/Project1/Campbell RMBL Data/Ipomopsis 2025/Lagg_T212_314N_07312024_6292025_07.qgd,345b4109-6f08-4467-b960-7aa89588a5c8,1
154,2025-06-29T11:22:23Z,2025-06-29T22:07:58Z,2025-06-29T22:07:39Z,2025-06-29T22:07:39Z,Desorbed NA,12,9,8,8,1,19,1970,skip-rename,Lagg_T185_XXN_07312024_6292025_08.qgd,Lagg_T205_3107Nredo_07312024_6292025_09.qgd,Martin,C:/GCMSsolution/Data/Project1/Campbell RMBL Data/Ipomopsis 2025/Lagg_T185_XXN_07312024_6292025_08.qgd,345b4109-6f08-4467-b960-7aa89588a5c8,1
155,2025-06-29T11:22:23Z,2025-06-29T22:39:05Z,2025-06-29T22:39:33Z,2025-06-29T22:39:05Z,Desorbed NA,16,10,9,9,1,28,1867,skip-rename,Lagg_T205_3107Nredo_07312024_6292025_09.qgd,Lagg_T221_3110Nredo_07312024_6292025_10.qgd,Martin,C:/GCMSsolution/Data/Project1/Campbell RMBL Data/Ipomopsis 2025/Lagg_T205_3107Nredo_07312024_6292025_09.qgd,345b4109-6f08-4467-b960-7aa89588a5c8,1
156,2025-06-29T11:22:23Z,2025-06-29T23:11:10Z,2025-06-29T23:11:33Z,2025-06-29T23:11:10Z,NA Leak Test Pressurise Failed,17,11,10,10,1,23,1925,skip-rename-leak,Lagg_T221_3110Nredo_07312024_6292025_10.qgd,Lagg_T201_1002Nredo_07312024_6292025_11.qgd,Martin,C:/GCMSsolution/Data/Project1/Campbell RMBL Data/Ipomopsis 2025/Lagg_T221_3110Nredo_07312024_6292025_10.qgd,345b4109-6f08-4467-b960-7aa89588a5c8,1
157,2025-06-29T11:22:23Z,2025-06-29T23:43:15Z,2025-06-29T23:42:23Z,2025-06-29T23:42:23Z,Desorbed NA,21,12,11,11,1,52,1925,skip-rename,Lagg_T201_1002Nredo_07312024_6292025_11.qgd,blank 21_6292025_12.qgd,Martin,C:/GCMSsolution/Data/Project1/Campbell RMBL Data/Ipomopsis 2025/Lagg_T201_1002Nredo_07312024_6292025_11.qgd,345b4109-6f08-4467-b960-7aa89588a5c8,1
158,2025-06-29T11:22:23Z,2025-06-30T00:13:52Z,2025-06-30T00:14:26Z,2025-06-30T00:13:52Z,Desorbed NA,22,13,12,12,1,34,1837,skip-rename,blank 21_6292025_12.qgd,blank22_6292025_13.qgd,Martin,C:/GCMSsolution/Data/Project1/Campbell RMBL Data/Ipomopsis 2025/blank 21_6292025_12.qgd,345b4109-6f08-4467-b960-7aa89588a5c8,1
159,2025-06-29T11:22:23Z,2025-06-30T00:45:54Z,2025-06-30T00:46:21Z,2025-06-30T00:45:54Z,Desorbed NA,23,14,13,13,1,27,1922,skip-rename,blank22_6292025_13.qgd,blank23_6292025_14.qgd,Martin,C:/GCMSsolution/Data/Project1/Campbell RMBL Data/Ipomopsis 2025/blank22_6292025_13.qgd,345b4109-6f08-4467-b960-7aa89588a5c8,1
160,2025-06-29T11:22:23Z,2025-06-30T01:17:58Z,2025-06-30T01:18:34Z,2025-06-30T01:17:58Z,Desorbed NA,24,15,14,14,1,36,1924,skip-rename,blank23_6292025_14.qgd,blank24_6292025_15.qgd,Martin,C:/GCMSsolution/Data/Project1/Campbell RMBL Data/Ipomopsis 2025/blank23_6292025_14.qgd,345b4109-6f08-4467-b960-7aa89588a5c8,1
161,2025-06-29T11:22:23Z,2025-06-30T01:49:56Z,2025-06-30T01:50:30Z,2025-06-30T01:49:56Z,Desorbed NA,25,16,15,15,1,34,1918,skip-rename,blank24_6292025_15.qgd,?,Martin,C:/GCMSsolution/Data/Project1/Campbell RMBL Data/Ipomopsis 2025/blank24_6292025_15.qgd,345b4109-6f08-4467-b960-7aa89588a5c8,1
162,2025-06-30T10:06:26Z,2025-06-30T17:11:08Z,2025-06-30T17:05:49Z,2025-06-30T17:05:49Z,Desorbed NA,1,1,1,1,0,319,55272,,blank1_6302025_01.qgd,,Martin,C:/GCMSsolution/Data/Project1/Campbell RMBL Data/Ipomopsis 2025/blank1_6302025_01.qgd,d48208d0-1e64-411d-8270-a8ae65e736fe,1
163,2025-06-30T10:06:26Z,2025-06-30T17:41:36Z,2025-06-30T17:42:12Z,2025-06-30T17:41:36Z,Desorbed NA,2,2,2,2,0,36,1828,,Ihyb_T294_3702N_07292024_6302025_02.qgd,,Martin,C:/GCMSsolution/Data/Project1/Campbell RMBL Data/Ipomopsis 2025/Ihyb_T294_3702N_07292024_6302025_02.qgd,d48208d0-1e64-411d-8270-a8ae65e736fe,1
164,2025-06-30T10:06:26Z,2025-06-30T18:12:29Z,2025-06-30T18:13:06Z,2025-06-30T18:12:29Z,Desorbed NA,3,3,3,3,0,37,1853,,Ihyb_T286_3709N_07292024_6302025_03.qgd,,Martin,C:/GCMSsolution/Data/Project1/Campbell RMBL Data/Ipomopsis 2025/Ihyb_T286_3709N_07292024_6302025_03.qgd,d48208d0-1e64-411d-8270-a8ae65e736fe,1
165,2025-06-30T10:06:26Z,2025-06-30T18:43:46Z,2025-06-30T18:44:16Z,2025-06-30T18:43:46Z,Desorbed NA,4,4,4,4,0,30,1877,,Lagg_T220_SBAmbNredo_07312024_6302025_04.qgd,,Martin,C:/GCMSsolution/Data/Project1/Campbell RMBL Data/Ipomopsis 2025/Lagg_T220_SBAmbNredo_07312024_6302025_04.qgd,d48208d0-1e64-411d-8270-a8ae65e736fe,1
166,2025-06-30T10:06:26Z,2025-06-30T19:15:06Z,2025-06-30T19:15:44Z,2025-06-30T19:15:06Z,Desorbed NA,5,5,5,5,0,38,1880,,Ihyb_T285_1531N_07292024_6302025_05.qgd,,Martin,C:/GCMSsolution/Data/Project1/Campbell RMBL Data/Ipomopsis 2025/Ihyb_T285_1531N_07292024_6302025_05.qgd,d48208d0-1e64-411d-8270-a8ae65e736fe,1
167,2025-06-30T10:06:26Z,2025-06-30T19:46:46Z,2025-06-30T19:47:24Z,2025-06-30T19:46:46Z,Desorbed NA,6,6,6,6,0,38,1900,,Ihyb_T272_110N_07292024_6302025_06.qgd,,Martin,C:/GCMSsolution/Data/Project1/Campbell RMBL Data/Ipomopsis 2025/Ihyb_T272_110N_07292024_6302025_06.qgd,d48208d0-1e64-411d-8270-a8ae65e736fe,1
168,2025-06-30T10:06:26Z,2025-06-30T20:18:36Z,2025-06-30T20:19:00Z,2025-06-30T20:18:36Z,Desorbed NA,7,7,7,7,0,24,1910,,Ihyb_T308_3709D_07302024_6302025_07.qgd,,Martin,C:/GCMSsolution/Data/Project1/Campbell RMBL Data/Ipomopsis 2025/Ihyb_T308_3709D_07302024_6302025_07.qgd,d48208d0-1e64-411d-8270-a8ae65e736fe,1
169,2025-06-30T10:06:26Z,2025-06-30T20:50:14Z,2025-06-30T20:50:48Z,2025-06-30T20:50:14Z,Desorbed NA,8,8,8,8,0,34,1898,,Ihyb_T292_3704N_07292024_6302025_08.qgd,,Martin,C:/GCMSsolution/Data/Project1/Campbell RMBL Data/Ipomopsis 2025/Ihyb_T292_3704N_07292024_6302025_08.qgd,d48208d0-1e64-411d-8270-a8ae65e736fe,1
170,2025-06-30T10:06:26Z,2025-06-30T21:22:17Z,2025-06-30T21:22:53Z,2025-06-30T21:22:17Z,Desorbed NA,9,9,9,9,0,36,1923,,Ihyb_T264_3704N_07292024_6302025_09.qgd,,Martin,C:/GCMSsolution/Data/Project1/Campbell RMBL Data/Ipomopsis 2025/Ihyb_T264_3704N_07292024_6302025_09.qgd,d48208d0-1e64-411d-8270-a8ae65e736fe,1
171,2025-06-30T10:06:26Z,2025-06-30T21:54:22Z,2025-06-30T21:54:55Z,2025-06-30T21:54:22Z,Desorbed NA,10,10,10,10,0,33,1925,,Ihyb_T266_1502N_07292024_6302025_10.qgd,,Martin,C:/GCMSsolution/Data/Project1/Campbell RMBL Data/Ipomopsis 2025/Ihyb_T266_1502N_07292024_6302025_10.qgd,d48208d0-1e64-411d-8270-a8ae65e736fe,1
172,2025-06-30T10:06:26Z,2025-06-30T22:27:23Z,2025-06-30T22:26:57Z,2025-06-30T22:26:57Z,Desorbed NA,11,11,11,11,0,26,1981,,blank11_6302025_11.qgd,,Martin,C:/GCMSsolution/Data/Project1/Campbell RMBL Data/Ipomopsis 2025/blank11_6302025_11.qgd,d48208d0-1e64-411d-8270-a8ae65e736fe,1
173,2025-06-30T10:06:26Z,2025-06-30T22:58:26Z,2025-06-30T22:59:03Z,2025-06-30T22:58:26Z,Desorbed NA,12,12,12,12,0,37,1863,,Ihyb_T339_DHAmbD_07182024_6302025_12.qgd,,Martin,C:/GCMSsolution/Data/Project1/Campbell RMBL Data/Ipomopsis 2025/Ihyb_T339_DHAmbD_07182024_6302025_12.qgd,d48208d0-1e64-411d-8270-a8ae65e736fe,1
174,2025-06-30T10:06:26Z,2025-06-30T23:30:34Z,2025-06-30T23:30:59Z,2025-06-30T23:30:34Z,Desorbed NA,13,13,13,13,0,25,1928,,Ihyb_T333_3706D_07182024_6302025_13.qgd,,Martin,C:/GCMSsolution/Data/Project1/Campbell RMBL Data/Ipomopsis 2025/Ihyb_T333_3706D_07182024_6302025_13.qgd,d48208d0-1e64-411d-8270-a8ae65e736fe,1
175,2025-06-30T10:06:26Z,2025-07-01T00:02:27Z,2025-07-01T00:03:01Z,2025-07-01T00:02:27Z,Desorbed NA,14,14,14,14,0,34,1913,,Ihyb_T338_1502D_07182024_6302025_14.qgd,,Martin,C:/GCMSsolution/Data/Project1/Campbell RMBL Data/Ipomopsis 2025/Ihyb_T338_1502D_07182024_6302025_14.qgd,d48208d0-1e64-411d-8270-a8ae65e736fe,1
176,2025-06-30T10:06:26Z,2025-07-01T00:34:22Z,2025-07-01T00:34:58Z,2025-07-01T00:34:22Z,Desorbed NA,15,15,15,15,0,36,1915,,Ihyb_T331_3719D_07182024_6302025_15.qgd,,Martin,C:/GCMSsolution/Data/Project1/Campbell RMBL Data/Ipomopsis 2025/Ihyb_T331_3719D_07182024_6302025_15.qgd,d48208d0-1e64-411d-8270-a8ae65e736fe,1
177,2025-06-30T10:06:26Z,2025-07-01T01:06:23Z,2025-07-01T01:07:03Z,2025-07-01T01:06:23Z,Desorbed NA,16,16,16,16,0,40,1921,,Ihyb_T336_3707D_07182024_6302025_16.qgd,,Martin,C:/GCMSsolution/Data/Project1/Campbell RMBL Data/Ipomopsis 2025/Ihyb_T336_3707D_07182024_6302025_16.qgd,d48208d0-1e64-411d-8270-a8ae65e736fe,1
178,2025-06-30T10:06:26Z,2025-07-01T01:38:35Z,2025-07-01T01:39:08Z,2025-07-01T01:38:35Z,Desorbed NA,17,17,17,17,0,33,1932,,Lagg_T201_1002Nredo2_07312024_6302025_17.qgd,,Martin,C:/GCMSsolution/Data/Project1/Campbell RMBL Data/Ipomopsis 2025/Lagg_T201_1002Nredo2_07312024_6302025_17.qgd,d48208d0-1e64-411d-8270-a8ae65e736fe,1
179,2025-06-30T10:06:26Z,2025-07-01T02:10:50Z,2025-07-01T02:11:26Z,2025-07-01T02:10:50Z,Desorbed NA,18,18,18,18,0,36,1935,,Ihyb_T334_3712D_07182024_6302025_18.qgd,,Martin,C:/GCMSsolution/Data/Project1/Campbell RMBL Data/Ipomopsis 2025/Ihyb_T334_3712D_07182024_6302025_18.qgd,d48208d0-1e64-411d-8270-a8ae65e736fe,1
180,2025-06-30T10:06:26Z,2025-07-01T02:42:58Z,2025-07-01T02:43:23Z,2025-07-01T02:42:58Z,Desorbed NA,19,19,19,19,0,25,1928,,Ihyb_T340_728D_07182024_6302025_19.qgd,,Martin,C:/GCMSsolution/Data/Project1/Campbell RMBL Data/Ipomopsis 2025/Ihyb_T340_728D_07182024_6302025_19.qgd,d48208d0-1e64-411d-8270-a8ae65e736fe,1
181,2025-06-30T10:06:26Z,2025-07-01T03:14:40Z,2025-07-01T03:15:15Z,2025-07-01T03:14:40Z,Desorbed NA,20,20,20,20,0,35,1902,,Ihyb_T335_3710D_07182024_6302025_20.qgd,,Martin,C:/GCMSsolution/Data/Project1/Campbell RMBL Data/Ipomopsis 2025/Ihyb_T335_3710D_07182024_6302025_20.qgd,d48208d0-1e64-411d-8270-a8ae65e736fe,1
182,2025-07-01T14:54:46Z,NA,NA,NA,NA NA,1,1,NA,1,NA,NA,NA,skip-notrun,NA,,NA,NA,cc463ccd-587a-4d95-a321-1a352605261d,1
183,2025-07-01T14:54:46Z,NA,NA,NA,NA NA,2,2,NA,2,NA,NA,NA,skip-notrun,NA,,NA,NA,cc463ccd-587a-4d95-a321-1a352605261d,1
184,2025-07-01T14:58:16Z,2025-07-01T22:02:10Z,2025-07-01T21:53:49Z,2025-07-01T21:53:49Z,Desorbed NA,1,1,1,1,0,501,NA,,blank1_712025_01.qgd,,Martin,C:/GCMSsolution/Data/Project1/Campbell RMBL Data/Ipomopsis 2025/blank1_712025_01.qgd,aea982c9-4f4d-4425-b386-cf7756500340,1
185,2025-07-01T14:58:16Z,2025-07-01T22:32:36Z,2025-07-01T22:33:14Z,2025-07-01T22:32:36Z,Desorbed NA,2,2,2,2,0,38,1826,,Ihyb_T332_2286D_07182024_712025_02.qgd,,Martin,C:/GCMSsolution/Data/Project1/Campbell RMBL Data/Ipomopsis 2025/Ihyb_T332_2286D_07182024_712025_02.qgd,aea982c9-4f4d-4425-b386-cf7756500340,1
186,2025-07-01T14:58:16Z,2025-07-01T23:03:46Z,2025-07-01T23:04:20Z,2025-07-01T23:03:46Z,Desorbed NA,3,3,3,3,0,34,1870,,Ihyb_T337_3714D_07182024_712025_03.qgd,,Martin,C:/GCMSsolution/Data/Project1/Campbell RMBL Data/Ipomopsis 2025/Ihyb_T337_3714D_07182024_712025_03.qgd,aea982c9-4f4d-4425-b386-cf7756500340,1
187,2025-07-01T14:58:16Z,2025-07-01T23:35:14Z,2025-07-01T23:35:38Z,2025-07-01T23:35:14Z,Desorbed NA,4,4,4,4,0,24,1888,,Ihyb_T312_3712D_07302024_712025_04.qgd,,Martin,C:/GCMSsolution/Data/Project1/Campbell RMBL Data/Ipomopsis 2025/Ihyb_T312_3712D_07302024_712025_04.qgd,aea982c9-4f4d-4425-b386-cf7756500340,1
188,2025-07-01T14:58:16Z,2025-07-02T00:06:26Z,2025-07-02T00:07:06Z,2025-07-02T00:06:26Z,Desorbed NA,5,5,5,5,0,40,1872,,Ihyb_T269_3707N_07292024_712025_05.qgd,,Martin,C:/GCMSsolution/Data/Project1/Campbell RMBL Data/Ipomopsis 2025/Ihyb_T269_3707N_07292024_712025_05.qgd,aea982c9-4f4d-4425-b386-cf7756500340,1
189,2025-07-01T14:58:16Z,2025-07-02T00:38:08Z,2025-07-02T00:38:42Z,2025-07-02T00:38:08Z,Desorbed NA,6,6,6,6,0,34,1902,,Ihyb_T265_3702N_07292024_712025_06.qgd,,Martin,C:/GCMSsolution/Data/Project1/Campbell RMBL Data/Ipomopsis 2025/Ihyb_T265_3702N_07292024_712025_06.qgd,aea982c9-4f4d-4425-b386-cf7756500340,1
190,2025-07-01T14:58:16Z,2025-07-02T01:09:48Z,2025-07-02T01:10:22Z,2025-07-02T01:09:48Z,Desorbed NA,7,7,7,7,0,34,1900,,Ihyb_T311_3704D_07302024_712025_07.qgd,,Martin,C:/GCMSsolution/Data/Project1/Campbell RMBL Data/Ipomopsis 2025/Ihyb_T311_3704D_07302024_712025_07.qgd,aea982c9-4f4d-4425-b386-cf7756500340,1
191,2025-07-01T14:58:16Z,2025-07-02T01:41:35Z,2025-07-02T01:42:12Z,2025-07-02T01:41:35Z,Desorbed NA,8,8,8,8,0,37,1907,,Ihyb_T276_3709N_07292024_712025_08.qgd,,Martin,C:/GCMSsolution/Data/Project1/Campbell RMBL Data/Ipomopsis 2025/Ihyb_T276_3709N_07292024_712025_08.qgd,aea982c9-4f4d-4425-b386-cf7756500340,1
192,2025-07-01T14:58:16Z,2025-07-02T02:13:23Z,2025-07-02T02:13:59Z,2025-07-02T02:13:23Z,Desorbed NA,9,9,9,9,0,36,1908,,Ihyb_T306_3719D_07302024_712025_09.qgd,,Martin,C:/GCMSsolution/Data/Project1/Campbell RMBL Data/Ipomopsis 2025/Ihyb_T306_3719D_07302024_712025_09.qgd,aea982c9-4f4d-4425-b386-cf7756500340,1
193,2025-07-01T14:58:16Z,2025-07-02T02:45:30Z,2025-07-02T02:45:43Z,2025-07-02T02:45:30Z,NA Leak Test Pressurise Failed,10,10,10,10,0,12.5,1927.5,leak-blank,Ihyb_T275_722N_07292024_712025_10.qgd,,Martin,C:/GCMSsolution/Data/Project1/Campbell RMBL Data/Ipomopsis 2025/Ihyb_T275_722N_07292024_712025_10.qgd,aea982c9-4f4d-4425-b386-cf7756500340,1
194,2025-07-01T14:58:16Z,2025-07-02T03:17:38Z,2025-07-02T03:16:41Z,2025-07-02T03:16:41Z,Desorbed NA,11,11,11,11,0,57,1927.5,,blank11_712025_11.qgd,,Martin,C:/GCMSsolution/Data/Project1/Campbell RMBL Data/Ipomopsis 2025/blank11_712025_11.qgd,aea982c9-4f4d-4425-b386-cf7756500340,1
195,2025-07-01T14:58:16Z,2025-07-02T03:48:06Z,2025-07-02T03:48:40Z,2025-07-02T03:48:06Z,Desorbed NA,12,12,12,12,0,34,1828,,Ihyb_T283_LEAmbN_07292024_712025_12.qgd,,Martin,C:/GCMSsolution/Data/Project1/Campbell RMBL Data/Ipomopsis 2025/Ihyb_T283_LEAmbN_07292024_712025_12.qgd,aea982c9-4f4d-4425-b386-cf7756500340,1
196,2025-07-01T14:58:16Z,2025-07-02T04:19:14Z,2025-07-02T04:19:50Z,2025-07-02T04:19:14Z,Desorbed NA,13,13,13,13,0,36,1868,,Ihyb_T304_DHAmb2D_07302024_712025_13.qgd,,Martin,C:/GCMSsolution/Data/Project1/Campbell RMBL Data/Ipomopsis 2025/Ihyb_T304_DHAmb2D_07302024_712025_13.qgd,aea982c9-4f4d-4425-b386-cf7756500340,1
197,2025-07-01T14:58:16Z,2025-07-02T04:50:28Z,2025-07-02T04:50:57Z,2025-07-02T04:50:28Z,Desorbed NA,14,14,14,14,0,29,1874,,Ihyb_T273_3719N_07292024_712025_14.qgd,,Martin,C:/GCMSsolution/Data/Project1/Campbell RMBL Data/Ipomopsis 2025/Ihyb_T273_3719N_07292024_712025_14.qgd,aea982c9-4f4d-4425-b386-cf7756500340,1
198,2025-07-01T14:58:16Z,2025-07-02T05:21:24Z,2025-07-02T05:21:46Z,2025-07-02T05:21:24Z,Desorbed NA,15,15,15,15,0,22,1856,,Ihyb_T288_3719N_07292024_712025_15.qgd,,Martin,C:/GCMSsolution/Data/Project1/Campbell RMBL Data/Ipomopsis 2025/Ihyb_T288_3719N_07292024_712025_15.qgd,aea982c9-4f4d-4425-b386-cf7756500340,1
199,2025-07-01T14:58:16Z,2025-07-02T05:52:07Z,2025-07-02T05:52:40Z,2025-07-02T05:52:07Z,Desorbed NA,16,16,16,16,0,33,1843,,Ihyb_T267_3710N_07292024_712025_16.qgd,,Martin,C:/GCMSsolution/Data/Project1/Campbell RMBL Data/Ipomopsis 2025/Ihyb_T267_3710N_07292024_712025_16.qgd,aea982c9-4f4d-4425-b386-cf7756500340,1
200,2025-07-01T14:58:16Z,2025-07-02T06:22:57Z,2025-07-02T06:23:25Z,2025-07-02T06:22:57Z,Desorbed NA,17,17,17,17,0,28,1850,,Ihyb_T307_3707D_07302024_712025_17.qgd,,Martin,C:/GCMSsolution/Data/Project1/Campbell RMBL Data/Ipomopsis 2025/Ihyb_T307_3707D_07302024_712025_17.qgd,aea982c9-4f4d-4425-b386-cf7756500340,1
201,2025-07-01T14:58:16Z,2025-07-02T06:53:34Z,2025-07-02T06:54:11Z,2025-07-02T06:53:34Z,Desorbed NA,18,18,18,18,0,37,1837,,Ihyb_T284_3712N_07292024_712025_18.qgd,,Martin,C:/GCMSsolution/Data/Project1/Campbell RMBL Data/Ipomopsis 2025/Ihyb_T284_3712N_07292024_712025_18.qgd,aea982c9-4f4d-4425-b386-cf7756500340,1
202,2025-07-01T14:58:16Z,2025-07-02T07:24:16Z,2025-07-02T07:24:53Z,2025-07-02T07:24:16Z,Desorbed NA,19,19,19,19,0,37,1842,,Ihyb_T290_3706N_07292024_712025_19.qgd,,Martin,C:/GCMSsolution/Data/Project1/Campbell RMBL Data/Ipomopsis 2025/Ihyb_T290_3706N_07292024_712025_19.qgd,aea982c9-4f4d-4425-b386-cf7756500340,1
203,2025-07-01T14:58:16Z,2025-07-02T07:54:50Z,2025-07-02T07:55:26Z,2025-07-02T07:54:50Z,Desorbed NA,20,20,20,20,0,36,1834,,Ihyb_T268_3711N_07292024_712025_20.qgd,,Martin,C:/GCMSsolution/Data/Project1/Campbell RMBL Data/Ipomopsis 2025/Ihyb_T268_3711N_07292024_712025_20.qgd,aea982c9-4f4d-4425-b386-cf7756500340,1
204,2025-07-02T14:58:36Z,2025-07-02T22:03:14Z,2025-07-02T21:57:54Z,2025-07-02T21:57:54Z,Desorbed NA,1,1,1,1,0,320,50904,,blank1_722025_01.qgd,,Martin,C:/GCMSsolution/Data/Project1/Campbell RMBL Data/Ipomopsis 2025/blank1_722025_01.qgd,62b8d642-fa4a-4f1a-896d-fb49115c8a7d,1
205,2025-07-02T14:58:36Z,2025-07-02T22:33:44Z,2025-07-02T22:34:20Z,2025-07-02T22:33:44Z,Desorbed NA,2,2,2,2,0,36,1830,,Lagg_T243_3140D_07162024_722025_02.qgd,,Martin,C:/GCMSsolution/Data/Project1/Campbell RMBL Data/Ipomopsis 2025/Lagg_T243_3140D_07162024_722025_02.qgd,62b8d642-fa4a-4f1a-896d-fb49115c8a7d,1
206,2025-07-02T14:58:36Z,2025-07-02T23:05:53Z,2025-07-02T23:06:30Z,2025-07-02T23:05:53Z,Desorbed NA,3,3,3,3,0,37,1929,,Lagg_T244_3105D_07162024_722025_03.qgd,,Martin,C:/GCMSsolution/Data/Project1/Campbell RMBL Data/Ipomopsis 2025/Lagg_T244_3105D_07162024_722025_03.qgd,62b8d642-fa4a-4f1a-896d-fb49115c8a7d,1
207,2025-07-02T14:58:36Z,2025-07-02T23:38:22Z,2025-07-02T23:38:56Z,2025-07-02T23:38:22Z,Desorbed NA,4,4,4,4,0,34,1949,,Lagg_T241_3109D_07162024_722025_04.qgd,,Martin,C:/GCMSsolution/Data/Project1/Campbell RMBL Data/Ipomopsis 2025/Lagg_T241_3109D_07162024_722025_04.qgd,62b8d642-fa4a-4f1a-896d-fb49115c8a7d,1
208,2025-07-02T14:58:36Z,2025-07-03T00:11:22Z,2025-07-03T00:11:57Z,2025-07-03T00:11:22Z,Desorbed NA,5,5,5,5,0,35,1980,,Lagg_T249_1010D_07162024_722025_05.qgd,,Martin,C:/GCMSsolution/Data/Project1/Campbell RMBL Data/Ipomopsis 2025/Lagg_T249_1010D_07162024_722025_05.qgd,62b8d642-fa4a-4f1a-896d-fb49115c8a7d,1
209,2025-07-02T14:58:36Z,2025-07-03T00:44:30Z,2025-07-03T00:44:49Z,2025-07-03T00:44:30Z,Desorbed NA,6,6,6,6,0,19,1988,,Lagg_T242_3108D_07162024_722025_06.qgd,,Martin,C:/GCMSsolution/Data/Project1/Campbell RMBL Data/Ipomopsis 2025/Lagg_T242_3108D_07162024_722025_06.qgd,62b8d642-fa4a-4f1a-896d-fb49115c8a7d,1
210,2025-07-02T14:58:36Z,2025-07-03T01:17:08Z,2025-07-03T01:17:41Z,2025-07-03T01:17:08Z,Desorbed NA,7,7,7,7,0,33,1958,,Lagg_T240_1020D_07162024_722025_07.qgd,,Martin,C:/GCMSsolution/Data/Project1/Campbell RMBL Data/Ipomopsis 2025/Lagg_T240_1020D_07162024_722025_07.qgd,62b8d642-fa4a-4f1a-896d-fb49115c8a7d,1
211,2025-07-02T14:58:36Z,2025-07-03T01:50:05Z,2025-07-03T01:50:42Z,2025-07-03T01:50:05Z,Desorbed NA,8,8,8,8,0,37,1977,,Lagg_T245_1022D_07162024_722025_08.qgd,,Martin,C:/GCMSsolution/Data/Project1/Campbell RMBL Data/Ipomopsis 2025/Lagg_T245_1022D_07162024_722025_08.qgd,62b8d642-fa4a-4f1a-896d-fb49115c8a7d,1
212,2025-07-02T14:58:36Z,2025-07-03T02:22:56Z,2025-07-03T02:23:25Z,2025-07-03T02:22:56Z,Desorbed NA,9,9,9,9,0,29,1971,,Lagg_T233_3116D_07162024_722025_09.qgd,,Martin,C:/GCMSsolution/Data/Project1/Campbell RMBL Data/Ipomopsis 2025/Lagg_T233_3116D_07162024_722025_09.qgd,62b8d642-fa4a-4f1a-896d-fb49115c8a7d,1
213,2025-07-02T14:58:36Z,2025-07-03T02:55:28Z,2025-07-03T02:56:04Z,2025-07-03T02:55:28Z,Desorbed NA,10,10,10,10,0,36,1952,,Ihyb_T275_722Nredo_07292024_722025_10.qgd,,Martin,C:/GCMSsolution/Data/Project1/Campbell RMBL Data/Ipomopsis 2025/Ihyb_T275_722Nredo_07292024_722025_10.qgd,62b8d642-fa4a-4f1a-896d-fb49115c8a7d,1
214,2025-07-02T14:58:36Z,2025-07-03T03:28:49Z,2025-07-03T03:28:32Z,2025-07-03T03:28:32Z,Desorbed NA,11,11,11,11,0,17,2001,,blank11_722025_11.qgd,,Martin,C:/GCMSsolution/Data/Project1/Campbell RMBL Data/Ipomopsis 2025/blank11_722025_11.qgd,62b8d642-fa4a-4f1a-896d-fb49115c8a7d,1
215,2025-07-02T14:58:36Z,2025-07-03T04:00:15Z,2025-07-03T04:00:49Z,2025-07-03T04:00:15Z,Desorbed NA,12,12,12,12,0,34,1886,,Lagg_T234_DHambD_07162024_722025_12.qgd,,Martin,C:/GCMSsolution/Data/Project1/Campbell RMBL Data/Ipomopsis 2025/Lagg_T234_DHambD_07162024_722025_12.qgd,62b8d642-fa4a-4f1a-896d-fb49115c8a7d,1
216,2025-07-02T14:58:36Z,2025-07-03T04:32:22Z,2025-07-03T04:32:58Z,2025-07-03T04:32:22Z,Desorbed NA,13,13,13,13,0,36,1927,,Lagg_T246_Wof3115D_07162024_722025_13.qgd,,Martin,C:/GCMSsolution/Data/Project1/Campbell RMBL Data/Ipomopsis 2025/Lagg_T246_Wof3115D_07162024_722025_13.qgd,62b8d642-fa4a-4f1a-896d-fb49115c8a7d,1
217,2025-07-02T14:58:36Z,2025-07-03T05:04:18Z,2025-07-03T05:04:54Z,2025-07-03T05:04:18Z,Desorbed NA,14,14,14,14,0,36,1916,,Lagg_T239_1005D_07162024_722025_14.qgd,,Martin,C:/GCMSsolution/Data/Project1/Campbell RMBL Data/Ipomopsis 2025/Lagg_T239_1005D_07162024_722025_14.qgd,62b8d642-fa4a-4f1a-896d-fb49115c8a7d,1
218,2025-07-02T14:58:36Z,2025-07-03T05:36:08Z,2025-07-03T05:36:43Z,2025-07-03T05:36:08Z,Desorbed NA,15,15,15,15,0,35,1910,,Lagg_T248_3112D_07162024_722025_15.qgd,,Martin,C:/GCMSsolution/Data/Project1/Campbell RMBL Data/Ipomopsis 2025/Lagg_T248_3112D_07162024_722025_15.qgd,62b8d642-fa4a-4f1a-896d-fb49115c8a7d,1
219,2025-07-02T14:58:36Z,2025-07-03T06:07:49Z,2025-07-03T06:08:24Z,2025-07-03T06:07:49Z,Desorbed NA,16,16,16,16,0,35,1901,,Lagg_T236_3120D_07162024_722025_16.qgd,,Martin,C:/GCMSsolution/Data/Project1/Campbell RMBL Data/Ipomopsis 2025/Lagg_T236_3120D_07162024_722025_16.qgd,62b8d642-fa4a-4f1a-896d-fb49115c8a7d,1
220,2025-07-02T14:58:36Z,2025-07-03T06:39:23Z,2025-07-03T06:39:56Z,2025-07-03T06:39:23Z,Desorbed NA,17,17,17,17,0,33,1894,,Lagg_T237_293D_07162024_722025_17.qgd,,Martin,C:/GCMSsolution/Data/Project1/Campbell RMBL Data/Ipomopsis 2025/Lagg_T237_293D_07162024_722025_17.qgd,62b8d642-fa4a-4f1a-896d-fb49115c8a7d,1
221,2025-07-02T14:58:36Z,2025-07-03T07:10:50Z,2025-07-03T07:11:27Z,2025-07-03T07:10:50Z,Desorbed NA,18,18,18,18,0,37,1887,,Lagg_T235_3115D_07162024_722025_18.qgd,,Martin,C:/GCMSsolution/Data/Project1/Campbell RMBL Data/Ipomopsis 2025/Lagg_T235_3115D_07162024_722025_18.qgd,62b8d642-fa4a-4f1a-896d-fb49115c8a7d,1
222,2025-07-02T14:58:36Z,2025-07-03T07:42:11Z,2025-07-03T07:42:50Z,2025-07-03T07:42:11Z,Desorbed NA,19,19,19,19,0,39,1881,,Lagg_T238_1012D_07162024_722025_19.qgd,,Martin,C:/GCMSsolution/Data/Project1/Campbell RMBL Data/Ipomopsis 2025/Lagg_T238_1012D_07162024_722025_19.qgd,62b8d642-fa4a-4f1a-896d-fb49115c8a7d,1
223,2025-07-02T14:58:36Z,2025-07-03T08:13:22Z,2025-07-03T08:13:56Z,2025-07-03T08:13:22Z,Desorbed NA,20,20,20,20,0,34,1871,,Lagg_T247_1007D_07162024_722025_20.qgd,,Martin,C:/GCMSsolution/Data/Project1/Campbell RMBL Data/Ipomopsis 2025/Lagg_T247_1007D_07162024_722025_20.qgd,62b8d642-fa4a-4f1a-896d-fb49115c8a7d,1
224,2025-07-04T10:08:12Z,2025-07-04T17:12:53Z,2025-07-04T17:07:37Z,2025-07-04T17:07:37Z,Desorbed NA,1,1,1,1,0,316,118771,,blank1_742025_01.qgd,,Martin,C:/GCMSsolution/Data/Project1/Campbell RMBL Data/Ipomopsis 2025/blank1_742025_01.qgd,3d0a65b8-b932-4fbd-9c2a-8e723bd45af6,1
225,2025-07-04T10:08:12Z,2025-07-04T17:43:26Z,2025-07-04T17:44:03Z,2025-07-04T17:43:26Z,Desorbed NA,2,2,2,2,0,37,1833,,Lagg_T253_75D_07162024_742025_02.qgd,,Martin,C:/GCMSsolution/Data/Project1/Campbell RMBL Data/Ipomopsis 2025/Lagg_T253_75D_07162024_742025_02.qgd,3d0a65b8-b932-4fbd-9c2a-8e723bd45af6,1
226,2025-07-04T10:08:12Z,2025-07-04T18:14:23Z,2025-07-04T18:15:02Z,2025-07-04T18:14:23Z,Desorbed NA,3,3,3,3,0,39,1857,,Lagg_T251_3149D_07162024_742025_03.qgd,,Martin,C:/GCMSsolution/Data/Project1/Campbell RMBL Data/Ipomopsis 2025/Lagg_T251_3149D_07162024_742025_03.qgd,3d0a65b8-b932-4fbd-9c2a-8e723bd45af6,1
227,2025-07-04T10:08:12Z,2025-07-04T18:45:31Z,2025-07-04T18:46:06Z,2025-07-04T18:45:31Z,Desorbed NA,4,4,4,4,0,35,1868,,Lagg_T252_3110D_07162024_742025_04.qgd,,Martin,C:/GCMSsolution/Data/Project1/Campbell RMBL Data/Ipomopsis 2025/Lagg_T252_3110D_07162024_742025_04.qgd,3d0a65b8-b932-4fbd-9c2a-8e723bd45af6,1
228,2025-07-04T10:08:12Z,2025-07-04T20:08:24Z,NA,2025-07-04T20:08:24Z,NA NA,5,5,NA,5,NA,NA,4973,skip-notrun,NA,?,NA,NA,3d0a65b8-b932-4fbd-9c2a-8e723bd45af6,1
229,2025-07-04T14:26:35Z,2025-07-04T21:31:17Z,2025-07-04T21:25:51Z,2025-07-04T21:25:51Z,Desorbed NA,1,1,2,1,-1,326,4973,,blank1_742025_02.qgd,,Martin,C:/GCMSsolution/Data/Project1/Campbell RMBL Data/Ipomopsis 2025/blank1_742025_02.qgd,d7de1811-3132-434a-b3c0-8a0a868cc8ca,1
230,2025-07-04T14:26:35Z,2025-07-04T22:01:50Z,2025-07-04T22:02:22Z,2025-07-04T22:01:50Z,Desorbed NA,5,2,2,2,0,32,1833,,Lagg_T250_3113D_07162024_742025_02.qgd,,Martin,C:/GCMSsolution/Data/Project1/Campbell RMBL Data/Ipomopsis 2025/Lagg_T250_3113D_07162024_742025_02.qgd,d7de1811-3132-434a-b3c0-8a0a868cc8ca,1
231,2025-07-04T14:26:35Z,2025-07-04T22:33:01Z,2025-07-04T22:33:35Z,2025-07-04T22:33:01Z,Desorbed NA,6,3,3,3,0,34,1871,,Lagg_T225_553D_07162024_742025_03.qgd,,Martin,C:/GCMSsolution/Data/Project1/Campbell RMBL Data/Ipomopsis 2025/Lagg_T225_553D_07162024_742025_03.qgd,d7de1811-3132-434a-b3c0-8a0a868cc8ca,1
232,2025-07-04T14:26:35Z,2025-07-04T23:04:30Z,2025-07-04T23:05:06Z,2025-07-04T23:04:30Z,Desorbed NA,7,4,4,4,0,36,1889,,Lagg_T263_3141D_07162024_742025_04.qgd,,Martin,C:/GCMSsolution/Data/Project1/Campbell RMBL Data/Ipomopsis 2025/Lagg_T263_3141D_07162024_742025_04.qgd,d7de1811-3132-434a-b3c0-8a0a868cc8ca,1
233,2025-07-04T14:26:35Z,2025-07-04T23:36:11Z,2025-07-04T23:36:43Z,2025-07-04T23:36:11Z,Desorbed NA,8,5,5,5,0,32,1901,,Lagg_T254_298D_07162024_742025_05.qgd,,Martin,C:/GCMSsolution/Data/Project1/Campbell RMBL Data/Ipomopsis 2025/Lagg_T254_298D_07162024_742025_05.qgd,d7de1811-3132-434a-b3c0-8a0a868cc8ca,1
234,2025-07-04T14:26:35Z,2025-07-05T00:07:44Z,2025-07-05T00:08:22Z,2025-07-05T00:07:44Z,Desorbed NA,9,6,6,6,0,38,1893,,Lagg_T259_3146D_07162024_742025_06.qgd,,Martin,C:/GCMSsolution/Data/Project1/Campbell RMBL Data/Ipomopsis 2025/Lagg_T259_3146D_07162024_742025_06.qgd,d7de1811-3132-434a-b3c0-8a0a868cc8ca,1
235,2025-07-04T14:26:35Z,2025-07-05T00:39:29Z,2025-07-05T00:39:58Z,2025-07-05T00:39:29Z,Desorbed NA,10,7,7,7,0,29,1905,,Lagg_T260_1011D_07162024_742025_07.qgd,,Martin,C:/GCMSsolution/Data/Project1/Campbell RMBL Data/Ipomopsis 2025/Lagg_T260_1011D_07162024_742025_07.qgd,d7de1811-3132-434a-b3c0-8a0a868cc8ca,1
236,2025-07-04T14:26:35Z,2025-07-05T01:12:05Z,2025-07-05T01:11:42Z,2025-07-05T01:11:42Z,Desorbed NA,11,8,8,8,0,23,1956,,blank11_742025_08.qgd,,Martin,C:/GCMSsolution/Data/Project1/Campbell RMBL Data/Ipomopsis 2025/blank11_742025_08.qgd,d7de1811-3132-434a-b3c0-8a0a868cc8ca,1
237,2025-07-04T14:26:35Z,2025-07-05T01:42:50Z,2025-07-05T01:43:26Z,2025-07-05T01:42:50Z,Desorbed NA,12,9,9,9,0,36,1845,,Lagg_T258_1002D_07162024_742025_09.qgd,,Martin,C:/GCMSsolution/Data/Project1/Campbell RMBL Data/Ipomopsis 2025/Lagg_T258_1002D_07162024_742025_09.qgd,d7de1811-3132-434a-b3c0-8a0a868cc8ca,1
238,2025-07-04T14:26:35Z,2025-07-05T02:14:35Z,2025-07-05T02:15:09Z,2025-07-05T02:14:35Z,Desorbed NA,13,10,10,10,0,34,1905,,Lagg_T243_3140D_07162024_742025_10.qgd,,Martin,C:/GCMSsolution/Data/Project1/Campbell RMBL Data/Ipomopsis 2025/Lagg_T243_3140D_07162024_742025_10.qgd,d7de1811-3132-434a-b3c0-8a0a868cc8ca,1
239,2025-07-04T14:26:35Z,2025-07-05T02:46:14Z,2025-07-05T02:46:53Z,2025-07-05T02:46:14Z,Desorbed NA,14,11,11,11,0,39,1899,,Lagg_T313_LEAmb2D_07302024_742025_11.qgd,,Martin,C:/GCMSsolution/Data/Project1/Campbell RMBL Data/Ipomopsis 2025/Lagg_T313_LEAmb2D_07302024_742025_11.qgd,d7de1811-3132-434a-b3c0-8a0a868cc8ca,1
240,2025-07-04T14:26:35Z,2025-07-05T03:17:42Z,2025-07-05T03:18:20Z,2025-07-05T03:17:42Z,Desorbed NA,15,12,12,12,0,38,1888,,Ihyb_T291_3707N_07292024_742025_12.qgd,,Martin,C:/GCMSsolution/Data/Project1/Campbell RMBL Data/Ipomopsis 2025/Ihyb_T291_3707N_07292024_742025_12.qgd,d7de1811-3132-434a-b3c0-8a0a868cc8ca,1
241,2025-07-04T14:26:35Z,2025-07-05T03:49:01Z,2025-07-05T03:49:34Z,2025-07-05T03:49:01Z,Desorbed NA,16,13,13,13,0,33,1879,,Ihyb_T305_110D_07302024_742025_13.qgd,,Martin,C:/GCMSsolution/Data/Project1/Campbell RMBL Data/Ipomopsis 2025/Ihyb_T305_110D_07302024_742025_13.qgd,d7de1811-3132-434a-b3c0-8a0a868cc8ca,1
242,2025-07-04T14:26:35Z,2025-07-05T04:20:08Z,2025-07-05T04:20:36Z,2025-07-05T04:20:08Z,NA Leak Test Pressurise Failed,17,14,14,14,0,28,1867,leak-blank,Ihyb_T309_722D_07302024_742025_14.qgd,,Martin,C:/GCMSsolution/Data/Project1/Campbell RMBL Data/Ipomopsis 2025/Ihyb_T309_722D_07302024_742025_14.qgd,d7de1811-3132-434a-b3c0-8a0a868cc8ca,1
243,2025-07-04T14:26:35Z,2025-07-05T04:51:15Z,2025-07-05T04:51:12Z,2025-07-05T04:51:12Z,Desorbed NA,18,15,15,15,0,3,1867,,Ihyb_T315_1531D_07302024_742025_15.qgd,,Martin,C:/GCMSsolution/Data/Project1/Campbell RMBL Data/Ipomopsis 2025/Ihyb_T315_1531D_07302024_742025_15.qgd,d7de1811-3132-434a-b3c0-8a0a868cc8ca,1
244,2025-07-04T14:26:35Z,2025-07-05T05:21:43Z,2025-07-05T05:22:15Z,2025-07-05T05:21:43Z,Desorbed NA,19,16,16,16,0,32,1828,,Ihyb_T330_3702D_07182024_742025_16.qgd,,Martin,C:/GCMSsolution/Data/Project1/Campbell RMBL Data/Ipomopsis 2025/Ihyb_T330_3702D_07182024_742025_16.qgd,d7de1811-3132-434a-b3c0-8a0a868cc8ca,1
245,2025-07-04T14:26:35Z,2025-07-05T05:52:44Z,2025-07-05T05:53:09Z,2025-07-05T05:52:44Z,Desorbed NA,20,17,17,17,0,25,1861,,Ihyb_T270_3706N_07292024_742025_17.qgd,,Martin,C:/GCMSsolution/Data/Project1/Campbell RMBL Data/Ipomopsis 2025/Ihyb_T270_3706N_07292024_742025_17.qgd,d7de1811-3132-434a-b3c0-8a0a868cc8ca,1
246,2025-07-06T09:45:08Z,2025-07-06T16:49:48Z,2025-07-06T16:44:18Z,2025-07-06T16:44:18Z,Desorbed NA,1,1,1,1,0,330,125824,,blank1_762025_01.qgd,,Martin,C:/GCMSsolution/Data/Project1/Campbell RMBL Data/Ipomopsis 2025/blank1_762025_01.qgd,a1cb1b4f-cc89-46dd-9b4a-f16a80dc3392,1
247,2025-07-06T09:45:08Z,2025-07-06T17:20:17Z,2025-07-06T17:20:52Z,2025-07-06T17:20:17Z,Desorbed NA,2,2,2,2,0,35,1829,,PG_T280_2024_762025_02.qgd,,Martin,C:/GCMSsolution/Data/Project1/Campbell RMBL Data/Ipomopsis 2025/PG_T280_2024_762025_02.qgd,a1cb1b4f-cc89-46dd-9b4a-f16a80dc3392,1
248,2025-07-06T09:45:08Z,NA,NA,NA,NA NA,3,3,NA,3,NA,NA,NA,skip-notrun,NA,Ihyb_T295_3710N_07292024_762025_03.qgd,NA,NA,a1cb1b4f-cc89-46dd-9b4a-f16a80dc3392,1
249,2025-07-06T09:45:08Z,2025-07-06T17:51:31Z,2025-07-06T17:51:56Z,2025-07-06T17:51:31Z,Desorbed NA,4,4,3,3,1,25,NA,skip-rename,Ihyb_T295_3710N_07292024_762025_03.qgd,Ihyb_T316_3702D_07302024_762025_04.qgd,Martin,C:/GCMSsolution/Data/Project1/Campbell RMBL Data/Ipomopsis 2025/Ihyb_T295_3710N_07292024_762025_03.qgd,a1cb1b4f-cc89-46dd-9b4a-f16a80dc3392,1
250,2025-07-06T09:45:08Z,2025-07-06T18:22:51Z,2025-07-06T18:23:19Z,2025-07-06T18:22:51Z,Desorbed NA,5,5,4,4,1,28,1880,skip-rename,Ihyb_T316_3702D_07302024_762025_04.qgd,Ihyb_T314_3710D_07302024_762025_05.qgd,Martin,C:/GCMSsolution/Data/Project1/Campbell RMBL Data/Ipomopsis 2025/Ihyb_T316_3702D_07302024_762025_04.qgd,a1cb1b4f-cc89-46dd-9b4a-f16a80dc3392,1
251,2025-07-06T09:45:08Z,2025-07-06T18:54:24Z,2025-07-06T18:54:54Z,2025-07-06T18:54:24Z,Desorbed NA,6,6,5,5,1,30,1893,skip-rename,Ihyb_T314_3710D_07302024_762025_05.qgd,PG_T298_2024_762025_06.qgd,Martin,C:/GCMSsolution/Data/Project1/Campbell RMBL Data/Ipomopsis 2025/Ihyb_T314_3710D_07302024_762025_05.qgd,a1cb1b4f-cc89-46dd-9b4a-f16a80dc3392,1
252,2025-07-06T09:45:08Z,2025-07-06T19:26:08Z,2025-07-06T19:26:43Z,2025-07-06T19:26:08Z,Desorbed NA,7,7,6,6,1,35,1904,skip-rename,PG_T298_2024_762025_06.qgd,PG_T287_2024_762025_07.qgd,Martin,C:/GCMSsolution/Data/Project1/Campbell RMBL Data/Ipomopsis 2025/PG_T298_2024_762025_06.qgd,a1cb1b4f-cc89-46dd-9b4a-f16a80dc3392,1
253,2025-07-06T09:45:08Z,2025-07-06T19:58:14Z,2025-07-06T19:58:35Z,2025-07-06T19:58:14Z,Desorbed NA,8,8,7,7,1,21,1926,skip-rename,PG_T287_2024_762025_07.qgd,Ihyb_T341_3717D_07182024_762025_08.qgd,Martin,C:/GCMSsolution/Data/Project1/Campbell RMBL Data/Ipomopsis 2025/PG_T287_2024_762025_07.qgd,a1cb1b4f-cc89-46dd-9b4a-f16a80dc3392,1
254,2025-07-06T09:45:08Z,2025-07-06T20:30:10Z,2025-07-06T20:30:36Z,2025-07-06T20:30:10Z,Desorbed NA,9,9,8,8,1,26,1916,skip-rename,Ihyb_T341_3717D_07182024_762025_08.qgd,PG_T302_2024_762025_09.qgd,Martin,C:/GCMSsolution/Data/Project1/Campbell RMBL Data/Ipomopsis 2025/Ihyb_T341_3717D_07182024_762025_08.qgd,a1cb1b4f-cc89-46dd-9b4a-f16a80dc3392,1
255,2025-07-06T09:45:08Z,2025-07-06T21:02:32Z,2025-07-06T21:02:54Z,2025-07-06T21:02:32Z,NA Leak Test Pressurise Failed,10,10,9,9,1,22,1942,skip-rename-leak,PG_T302_2024_762025_09.qgd,PG_T282_2024_762025_10.qgd,Martin,C:/GCMSsolution/Data/Project1/Campbell RMBL Data/Ipomopsis 2025/PG_T302_2024_762025_09.qgd,a1cb1b4f-cc89-46dd-9b4a-f16a80dc3392,1
256,2025-07-06T09:45:08Z,2025-07-06T21:34:54Z,2025-07-06T21:33:56Z,2025-07-06T21:33:56Z,Desorbed NA,11,11,10,10,1,58,1942,skip-rename,PG_T282_2024_762025_10.qgd,blank11_762025_11.qgd,Martin,C:/GCMSsolution/Data/Project1/Campbell RMBL Data/Ipomopsis 2025/PG_T282_2024_762025_10.qgd,a1cb1b4f-cc89-46dd-9b4a-f16a80dc3392,1
257,2025-07-06T09:45:08Z,2025-07-06T22:05:56Z,2025-07-06T22:06:28Z,2025-07-06T22:05:56Z,Desorbed NA,12,12,11,11,1,32,1862,skip-rename,blank11_762025_11.qgd,PG_T297_2024_762025_12.qgd,Martin,C:/GCMSsolution/Data/Project1/Campbell RMBL Data/Ipomopsis 2025/blank11_762025_11.qgd,a1cb1b4f-cc89-46dd-9b4a-f16a80dc3392,1
258,2025-07-06T09:45:08Z,2025-07-06T22:38:26Z,2025-07-06T22:39:02Z,2025-07-06T22:38:26Z,Desorbed NA,13,13,12,12,1,36,1950,skip-rename,PG_T297_2024_762025_12.qgd,PG_T279_2024_762025_13.qgd,Martin,C:/GCMSsolution/Data/Project1/Campbell RMBL Data/Ipomopsis 2025/PG_T297_2024_762025_12.qgd,a1cb1b4f-cc89-46dd-9b4a-f16a80dc3392,1
259,2025-07-06T09:45:08Z,2025-07-06T23:11:07Z,2025-07-06T23:11:46Z,2025-07-06T23:11:07Z,Desorbed NA,14,14,13,13,1,39,1961,skip-rename,PG_T279_2024_762025_13.qgd,PG_T277_2024_762025_14.qgd,Martin,C:/GCMSsolution/Data/Project1/Campbell RMBL Data/Ipomopsis 2025/PG_T279_2024_762025_13.qgd,a1cb1b4f-cc89-46dd-9b4a-f16a80dc3392,1
260,2025-07-06T09:45:08Z,2025-07-06T23:43:55Z,2025-07-06T23:44:34Z,2025-07-06T23:43:55Z,Desorbed NA,15,15,14,14,1,39,1968,skip-rename,PG_T277_2024_762025_14.qgd,PG_T299_2024_762025_15.qgd,Martin,C:/GCMSsolution/Data/Project1/Campbell RMBL Data/Ipomopsis 2025/PG_T277_2024_762025_14.qgd,a1cb1b4f-cc89-46dd-9b4a-f16a80dc3392,1
261,2025-07-06T09:45:08Z,2025-07-07T00:15:55Z,2025-07-07T00:16:30Z,2025-07-07T00:15:55Z,Desorbed NA,16,16,15,15,1,35,1920,skip-rename,PG_T299_2024_762025_15.qgd,PG_T289_2024_762025_16.qgd,Martin,C:/GCMSsolution/Data/Project1/Campbell RMBL Data/Ipomopsis 2025/PG_T299_2024_762025_15.qgd,a1cb1b4f-cc89-46dd-9b4a-f16a80dc3392,1
262,2025-07-06T09:45:08Z,2025-07-07T00:47:52Z,2025-07-07T00:48:27Z,2025-07-07T00:47:52Z,Desorbed NA,17,17,16,16,1,35,1917,skip-rename,PG_T289_2024_762025_16.qgd,Ihyb_T309_722Dredo_07302024_762025_17.qgd,Martin,C:/GCMSsolution/Data/Project1/Campbell RMBL Data/Ipomopsis 2025/PG_T289_2024_762025_16.qgd,a1cb1b4f-cc89-46dd-9b4a-f16a80dc3392,1
263,2025-07-06T09:45:08Z,2025-07-07T01:20:52Z,2025-07-07T01:21:27Z,2025-07-07T01:20:52Z,Desorbed NA,18,18,17,17,1,35,1980,skip-rename,Ihyb_T309_722Dredo_07302024_762025_17.qgd,PG_T281_2024_762025_18.qgd,Martin,C:/GCMSsolution/Data/Project1/Campbell RMBL Data/Ipomopsis 2025/Ihyb_T309_722Dredo_07302024_762025_17.qgd,a1cb1b4f-cc89-46dd-9b4a-f16a80dc3392,1
264,2025-07-06T09:45:08Z,2025-07-07T01:53:01Z,2025-07-07T01:53:36Z,2025-07-07T01:53:01Z,Desorbed NA,19,19,18,18,1,35,1929,skip-rename,PG_T281_2024_762025_18.qgd,Ihyb_T271_DHAmbN_07292024_762025_19.qgd,Martin,C:/GCMSsolution/Data/Project1/Campbell RMBL Data/Ipomopsis 2025/PG_T281_2024_762025_18.qgd,a1cb1b4f-cc89-46dd-9b4a-f16a80dc3392,1
265,2025-07-06T09:45:08Z,2025-07-07T02:25:11Z,2025-07-07T02:25:45Z,2025-07-07T02:25:11Z,Desorbed NA,20,20,19,19,1,34,1930,skip-rename,Ihyb_T271_DHAmbN_07292024_762025_19.qgd,PG_T303_2024_762025_20.qgd,Martin,C:/GCMSsolution/Data/Project1/Campbell RMBL Data/Ipomopsis 2025/Ihyb_T271_DHAmbN_07292024_762025_19.qgd,a1cb1b4f-cc89-46dd-9b4a-f16a80dc3392,1
266,2025-07-06T09:45:08Z,2025-07-07T02:59:00Z,2025-07-07T02:58:37Z,2025-07-07T02:58:37Z,Desorbed NA,21,21,20,20,1,23,2029,skip-rename,PG_T303_2024_762025_20.qgd,PG_T278_2024_762025_21.qgd,Martin,C:/GCMSsolution/Data/Project1/Campbell RMBL Data/Ipomopsis 2025/PG_T303_2024_762025_20.qgd,a1cb1b4f-cc89-46dd-9b4a-f16a80dc3392,1
267,2025-07-06T09:45:08Z,2025-07-07T03:30:41Z,2025-07-07T03:31:16Z,2025-07-07T03:30:41Z,Desorbed NA,22,22,21,21,1,35,1901,skip-rename,PG_T278_2024_762025_21.qgd,,Martin,C:/GCMSsolution/Data/Project1/Campbell RMBL Data/Ipomopsis 2025/PG_T278_2024_762025_21.qgd,a1cb1b4f-cc89-46dd-9b4a-f16a80dc3392,1
268,2025-07-07T09:28:58Z,NA,NA,NA,NA NA,1,1,NA,1,NA,NA,NA,skip-notrun,NA,,NA,NA,0f70a0be-d0be-41c1-89e1-ad77138a6588,1
269,2025-07-07T09:28:58Z,NA,NA,NA,NA NA,3,2,NA,2,NA,NA,NA,skip-notrun,NA,,NA,NA,0f70a0be-d0be-41c1-89e1-ad77138a6588,1
270,2025-07-07T09:31:51Z,2025-07-07T16:36:19Z,2025-07-07T16:28:44Z,2025-07-07T16:28:44Z,Desorbed NA,1,1,1,1,0,455,NA,,blank1_772025_01.qgd,,Martin,C:/GCMSsolution/Data/Project1/Campbell RMBL Data/Ipomopsis 2025/blank1_772025_01.qgd,1cdf51f4-43df-40a9-a272-8e880a94d3dc,1
271,2025-07-07T09:31:51Z,2025-07-07T17:06:49Z,2025-07-07T17:07:20Z,2025-07-07T17:06:49Z,Desorbed NA,3,2,2,2,0,31,1830,,Ihyb_T295_3710N_07292024_772025_02.qgd,,Martin,C:/GCMSsolution/Data/Project1/Campbell RMBL Data/Ipomopsis 2025/Ihyb_T295_3710N_07292024_772025_02.qgd,1cdf51f4-43df-40a9-a272-8e880a94d3dc,1
272,2025-07-07T09:31:51Z,2025-07-07T17:38:00Z,2025-07-07T17:38:24Z,2025-07-07T17:38:00Z,Desorbed NA,10,3,3,3,0,24,1871,,PG_T282_2024_772025_03.qgd,,Martin,C:/GCMSsolution/Data/Project1/Campbell RMBL Data/Ipomopsis 2025/PG_T282_2024_772025_03.qgd,1cdf51f4-43df-40a9-a272-8e880a94d3dc,1
273,2025-07-07T11:38:25Z,2025-07-07T18:42:59Z,2025-07-07T18:37:59Z,2025-07-07T18:37:59Z,Desorbed NA,2,1,1,1,0,300,3899,,JH_Lup_arg_BVB_24-10_772025_01.qgd,,J Heiling : Lupinus,C:/GCMSsolution/Data/Project1/Campbell RMBL Data/Lupinus argenteus/JH_Lup_arg_BVB_24-10_772025_01.qgd,d023f6c1-a33b-4599-b46d-06674f069657,1
274,2025-07-07T11:38:25Z,2025-07-07T18:57:32Z,NA,2025-07-07T18:57:32Z,Desorbed NA,3,2,NA,2,NA,NA,873,mismatch,JH_Lup_arg_BVB_24-19_772025_02.qgd,,NA,NA,d023f6c1-a33b-4599-b46d-06674f069657,1
275,2025-07-07T11:38:25Z,2025-07-07T19:50:09Z,2025-07-07T19:55:02Z,2025-07-07T19:50:09Z,Desorbed NA,4,3,3,3,0,293,3157,,JH_Lup_arg_BVB_24-15_772025_03.qgd,,J Heiling : Lupinus,C:/GCMSsolution/Data/Project1/Campbell RMBL Data/Lupinus argenteus/JH_Lup_arg_BVB_24-15_772025_03.qgd,d023f6c1-a33b-4599-b46d-06674f069657,1
276,2025-07-07T11:38:25Z,2025-07-07T20:27:05Z,2025-07-07T20:32:00Z,2025-07-07T20:27:05Z,Desorbed NA,5,4,4,4,0,295,2216,,JH_Lup_arg_BVB_24-13_772025_04.qgd,,J Heiling : Lupinus,C:/GCMSsolution/Data/Project1/Campbell RMBL Data/Lupinus argenteus/JH_Lup_arg_BVB_24-13_772025_04.qgd,d023f6c1-a33b-4599-b46d-06674f069657,1
277,2025-07-07T11:38:25Z,2025-07-07T21:04:12Z,2025-07-07T21:08:57Z,2025-07-07T21:04:12Z,Desorbed NA,6,5,5,5,0,285,2227,,JH_Lup_arg_BVB_24-8_772025_05.qgd,,J Heiling : Lupinus,C:/GCMSsolution/Data/Project1/Campbell RMBL Data/Lupinus argenteus/JH_Lup_arg_BVB_24-8_772025_05.qgd,d023f6c1-a33b-4599-b46d-06674f069657,1
278,2025-07-07T11:38:25Z,2025-07-07T21:41:21Z,2025-07-07T21:46:03Z,2025-07-07T21:41:21Z,Desorbed NA,7,6,6,6,0,282,2229,,JH_Lup_arg_BVB_24-7_772025_06.qgd,,J Heiling : Lupinus,C:/GCMSsolution/Data/Project1/Campbell RMBL Data/Lupinus argenteus/JH_Lup_arg_BVB_24-7_772025_06.qgd,d023f6c1-a33b-4599-b46d-06674f069657,1
279,2025-07-07T11:38:25Z,NA,NA,NA,NA NA,8,7,NA,7,NA,NA,NA,skip-notrun,NA,JH_Lup_arg_BVB_24-11_772025_07.qgd,NA,NA,d023f6c1-a33b-4599-b46d-06674f069657,1
280,2025-07-07T11:38:25Z,2025-07-07T22:17:40Z,2025-07-07T22:22:31Z,2025-07-07T22:17:40Z,Desorbed NA,9,8,7,7,1,291,NA,skip-rename,JH_Lup_arg_BVB_24-11_772025_07.qgd,JH_Lup_arg_BVB_24-5_772025_08.qgd,J Heiling : Lupinus,C:/GCMSsolution/Data/Project1/Campbell RMBL Data/Lupinus argenteus/JH_Lup_arg_BVB_24-11_772025_07.qgd,d023f6c1-a33b-4599-b46d-06674f069657,1
281,2025-07-07T11:38:25Z,2025-07-07T22:38:17Z,2025-07-07T22:22:31Z,2025-07-07T22:22:31Z,Desorbed NA,10,9,7,7,2,946,1237,wrongmatch-skip-rename,JH_Lup_arg_BVB_24-5_772025_08.qgd,JH_Lup_arg_BVB_24-8tube2_772025_09.qgd,J Heiling : Lupinus,C:/GCMSsolution/Data/Project1/Campbell RMBL Data/Lupinus argenteus/JH_Lup_arg_BVB_24-11_772025_07.qgd,d023f6c1-a33b-4599-b46d-06674f069657,1
282,2025-07-07T11:38:25Z,2025-07-07T23:31:51Z,2025-07-07T23:35:51Z,2025-07-07T23:31:51Z,Desorbed NA,11,10,9,9,1,240,3214,skip-rename,JH_Lup_arg_BVB_24-8tube2_772025_09.qgd,Blank11_772025_10.qgd,J Heiling : Lupinus,C:/GCMSsolution/Data/Project1/Campbell RMBL Data/Lupinus argenteus/JH_Lup_arg_BVB_24-8tube2_772025_09.qgd,d023f6c1-a33b-4599-b46d-06674f069657,1
283,2025-07-07T11:38:25Z,2025-07-08T00:07:33Z,2025-07-08T00:12:27Z,2025-07-08T00:07:33Z,Desorbed NA,12,11,10,10,1,294,2142,skip-rename,Blank11_772025_10.qgd,?,Blank,C:/GCMSsolution/Data/Project1/Campbell RMBL Data/Lupinus argenteus/Blank11_772025_10.qgd,d023f6c1-a33b-4599-b46d-06674f069657,1
284,2025-07-09T09:01:14Z,2025-07-09T16:05:54Z,2025-07-09T16:00:53Z,2025-07-09T16:00:53Z,Desorbed NA,1,1,1,1,0,301,143901,,blank1_792025_01.qgd,,NA,C:/GCMSsolution/Data/Project1/Campbell RMBL Data/Lupinus argenteus/blank1_792025_01.qgd,6955d023-0a86-4332-bafb-48bc7b8a7d82,1
285,2025-07-09T09:01:14Z,2025-07-09T16:36:25Z,2025-07-09T16:41:17Z,2025-07-09T16:36:25Z,Desorbed NA,2,2,2,2,0,292,1831,,DC_trapblank_145-25_792025_02.qgd,,NA,C:/GCMSsolution/Data/Project1/Campbell RMBL Data/Lupinus argenteus/DC_trapblank_145-25_792025_02.qgd,6955d023-0a86-4332-bafb-48bc7b8a7d82,1
286,2025-07-09T09:01:14Z,2025-07-09T17:12:03Z,2025-07-09T17:16:48Z,2025-07-09T17:12:03Z,Desorbed NA,3,3,3,3,0,285,2138,,DC_trapblank_234-25_792025_03.qgd,,NA,C:/GCMSsolution/Data/Project1/Campbell RMBL Data/Lupinus argenteus/DC_trapblank_234-25_792025_03.qgd,6955d023-0a86-4332-bafb-48bc7b8a7d82,1
287,2025-07-09T09:01:14Z,2025-07-09T17:48:00Z,2025-07-09T17:52:49Z,2025-07-09T17:48:00Z,Desorbed NA,8,4,4,4,0,289,2157,,JH_Lup_arg_BVB_24-11redo_792025_04.qgd,,J Heiling : Lupinus,C:/GCMSsolution/Data/Project1/Campbell RMBL Data/Lupinus argenteus/JH_Lup_arg_BVB_24-11redo_792025_04.qgd,6955d023-0a86-4332-bafb-48bc7b8a7d82,1
288,2025-07-09T09:01:14Z,2025-07-09T18:08:21Z,2025-07-09T17:52:49Z,2025-07-09T17:52:49Z,Desorbed NA,9,5,4,4,1,932,1221,wrongmatch,JH_Lup_arg_BVB_24-Air2_792025_05.qgd,,J Heiling : Lupinus,C:/GCMSsolution/Data/Project1/Campbell RMBL Data/Lupinus argenteus/JH_Lup_arg_BVB_24-11redo_792025_04.qgd,6955d023-0a86-4332-bafb-48bc7b8a7d82,1
289,2025-07-09T09:01:14Z,2025-07-09T19:01:10Z,2025-07-09T19:06:07Z,2025-07-09T19:01:10Z,Desorbed NA,10,6,6,6,0,297,3169,,JH_Lup_arg_BVB_24-26_792025_06.qgd,,J Heiling : Lupinus,C:/GCMSsolution/Data/Project1/Campbell RMBL Data/Lupinus argenteus/JH_Lup_arg_BVB_24-26_792025_06.qgd,6955d023-0a86-4332-bafb-48bc7b8a7d82,1
290,2025-07-09T12:58:29Z,2025-07-09T20:03:03Z,2025-07-09T19:57:48Z,2025-07-09T19:57:48Z,Desorbed NA,1,1,2,1,-1,315,3713,,blank1_792025_02.qgd,,NA,C:/GCMSsolution/Data/Project1/Campbell RMBL Data/Lupinus argenteus/blank1_792025_02.qgd,018179df-8010-4ae0-a84d-4dd132ced9e2,1
291,2025-07-09T12:58:29Z,2025-07-09T20:33:31Z,2025-07-09T20:38:25Z,2025-07-09T20:33:31Z,Desorbed NA,2,2,2,2,0,294,1828,,JH_Lup_arg_BVB_24-12_792025_02.qgd,,J Heiling : Lupinus,C:/GCMSsolution/Data/Project1/Campbell RMBL Data/Lupinus argenteus/JH_Lup_arg_BVB_24-12_792025_02.qgd,018179df-8010-4ae0-a84d-4dd132ced9e2,1
292,2025-07-09T12:58:29Z,2025-07-09T21:10:36Z,2025-07-09T21:15:17Z,2025-07-09T21:10:36Z,NA Leak Test Pressurise Failed,3,3,3,3,0,280.5,2225.5,leak-blank,JH_Lup_arg_BVB_24-30_792025_03.qgd,,J Heiling : Lupinus,C:/GCMSsolution/Data/Project1/Campbell RMBL Data/Lupinus argenteus/JH_Lup_arg_BVB_24-30_792025_03.qgd,018179df-8010-4ae0-a84d-4dd132ced9e2,1
293,2025-07-09T12:58:29Z,2025-07-09T21:47:42Z,2025-07-09T21:52:02Z,2025-07-09T21:47:42Z,Desorbed NA,4,4,4,4,0,260,2225.5,,JH_Lup_arg_BVB_24-Air4_792025_04.qgd,,J Heiling : Lupinus,C:/GCMSsolution/Data/Project1/Campbell RMBL Data/Lupinus argenteus/JH_Lup_arg_BVB_24-Air4_792025_04.qgd,018179df-8010-4ae0-a84d-4dd132ced9e2,1
294,2025-07-09T12:58:29Z,NA,NA,NA,NA NA,5,5,NA,5,NA,NA,NA,skip-notrun,NA,JH_Lup_arg_BVB_24-23_792025_05.qgd,NA,NA,018179df-8010-4ae0-a84d-4dd132ced9e2,1
295,2025-07-09T12:58:29Z,2025-07-09T22:24:43Z,2025-07-09T22:29:26Z,2025-07-09T22:24:43Z,Desorbed NA,6,6,5,5,1,283,NA,skip-rename,JH_Lup_arg_BVB_24-23_792025_05.qgd,JH_Lup_arg_BVB_24-Air3_792025_06.qgd,J Heiling : Lupinus,C:/GCMSsolution/Data/Project1/Campbell RMBL Data/Lupinus argenteus/JH_Lup_arg_BVB_24-23_792025_05.qgd,018179df-8010-4ae0-a84d-4dd132ced9e2,1
296,2025-07-09T12:58:29Z,2025-07-09T23:02:20Z,2025-07-09T23:07:14Z,2025-07-09T23:02:20Z,Desorbed NA,7,7,6,6,1,294,2257,skip-rename,JH_Lup_arg_BVB_24-Air3_792025_06.qgd,JH_Lup_arg_BVB_24-18_792025_07.qgd,J Heiling : Lupinus,C:/GCMSsolution/Data/Project1/Campbell RMBL Data/Lupinus argenteus/JH_Lup_arg_BVB_24-Air3_792025_06.qgd,018179df-8010-4ae0-a84d-4dd132ced9e2,1
297,2025-07-09T12:58:29Z,2025-07-09T23:40:26Z,2025-07-09T23:45:19Z,2025-07-09T23:40:26Z,Desorbed NA,8,8,7,7,1,293,2286,skip-rename,JH_Lup_arg_BVB_24-18_792025_07.qgd,JH_Lup_arg_BVB_24-22_792025_08.qgd,J Heiling : Lupinus,C:/GCMSsolution/Data/Project1/Campbell RMBL Data/Lupinus argenteus/JH_Lup_arg_BVB_24-18_792025_07.qgd,018179df-8010-4ae0-a84d-4dd132ced9e2,1
298,2025-07-09T12:58:29Z,2025-07-10T00:18:32Z,2025-07-10T00:23:18Z,2025-07-10T00:18:32Z,Desorbed NA,9,9,8,8,1,286,2286,skip-rename,JH_Lup_arg_BVB_24-22_792025_08.qgd,JH_Lup_arg_BVB_24-Air5_792025_09.qgd,J Heiling : Lupinus,C:/GCMSsolution/Data/Project1/Campbell RMBL Data/Lupinus argenteus/JH_Lup_arg_BVB_24-22_792025_08.qgd,018179df-8010-4ae0-a84d-4dd132ced9e2,1
299,2025-07-09T12:58:29Z,2025-07-10T00:56:45Z,2025-07-10T01:01:39Z,2025-07-10T00:56:45Z,Desorbed NA,10,10,9,9,1,294,2293,skip-rename,JH_Lup_arg_BVB_24-Air5_792025_09.qgd,JH_Lup_arg_BVB_24-Air1_792025_10.qgd,J Heiling : Lupinus,C:/GCMSsolution/Data/Project1/Campbell RMBL Data/Lupinus argenteus/JH_Lup_arg_BVB_24-Air5_792025_09.qgd,018179df-8010-4ae0-a84d-4dd132ced9e2,1
300,2025-07-09T12:58:29Z,2025-07-10T01:36:07Z,2025-07-10T01:40:04Z,2025-07-10T01:36:07Z,Desorbed NA,11,11,10,10,1,237,2362,skip-rename,JH_Lup_arg_BVB_24-Air1_792025_10.qgd,JH_Lup_arg_BVB_24-21_792025_11.qgd,J Heiling : Lupinus,C:/GCMSsolution/Data/Project1/Campbell RMBL Data/Lupinus argenteus/JH_Lup_arg_BVB_24-Air1_792025_10.qgd,018179df-8010-4ae0-a84d-4dd132ced9e2,1
301,2025-07-09T12:58:29Z,2025-07-10T02:13:29Z,2025-07-10T02:18:25Z,2025-07-10T02:13:29Z,Desorbed NA,12,12,11,11,1,296,2242,skip-rename,JH_Lup_arg_BVB_24-21_792025_11.qgd,JH_Lup_arg_BVB_24-29_792025_12.qgd,J Heiling : Lupinus,C:/GCMSsolution/Data/Project1/Campbell RMBL Data/Lupinus argenteus/JH_Lup_arg_BVB_24-21_792025_11.qgd,018179df-8010-4ae0-a84d-4dd132ced9e2,1
302,2025-07-09T12:58:29Z,NA,NA,NA,NA NA,13,13,NA,13,NA,NA,NA,skip-notrun,NA,JH_Lup_arg_BVB_24-27_792025_13.qgd,NA,NA,018179df-8010-4ae0-a84d-4dd132ced9e2,1
303,2025-07-09T12:58:29Z,2025-07-10T02:51:32Z,2025-07-10T02:56:24Z,2025-07-10T02:51:32Z,Desorbed NA,14,14,12,12,2,292,NA,skip-rename,JH_Lup_arg_BVB_24-29_792025_12.qgd,JH_Lup_arg_CIN23_23-2_792025_14.qgd,J Heiling : Lupinus,C:/GCMSsolution/Data/Project1/Campbell RMBL Data/Lupinus argenteus/JH_Lup_arg_BVB_24-29_792025_12.qgd,018179df-8010-4ae0-a84d-4dd132ced9e2,1
304,2025-07-09T12:58:29Z,2025-07-10T03:29:14Z,2025-07-10T03:34:06Z,2025-07-10T03:29:14Z,Desorbed NA,15,15,13,13,2,292,2262,skip-rename,JH_Lup_arg_BVB_24-27_792025_13.qgd,JH_Lup_arg_CIN23_24-13_792025_15.qgd,J Heiling : Lupinus,C:/GCMSsolution/Data/Project1/Campbell RMBL Data/Lupinus argenteus/JH_Lup_arg_BVB_24-27_792025_13.qgd,018179df-8010-4ae0-a84d-4dd132ced9e2,1
305,2025-07-09T12:58:29Z,2025-07-10T04:06:52Z,2025-07-10T04:11:49Z,2025-07-10T04:06:52Z,Desorbed NA,16,16,14,14,2,297,2258,skip-rename,JH_Lup_arg_CIN23_23-2_792025_14.qgd,JH_Lup_arg_CIN23_24-4_792025_16.qgd,J Heiling : Lupinus,C:/GCMSsolution/Data/Project1/Campbell RMBL Data/Lupinus argenteus/JH_Lup_arg_CIN23_23-2_792025_14.qgd,018179df-8010-4ae0-a84d-4dd132ced9e2,1
306,2025-07-09T12:58:29Z,2025-07-10T04:44:26Z,2025-07-10T04:49:23Z,2025-07-10T04:44:26Z,Desorbed NA,17,17,15,15,2,297,2254,skip-rename,JH_Lup_arg_CIN23_24-13_792025_15.qgd,JH_Lup_arg_CIN23_24-9_792025_17.qgd,J Heiling : Lupinus,C:/GCMSsolution/Data/Project1/Campbell RMBL Data/Lupinus argenteus/JH_Lup_arg_CIN23_24-13_792025_15.qgd,018179df-8010-4ae0-a84d-4dd132ced9e2,1
307,2025-07-09T12:58:29Z,2025-07-10T05:21:51Z,2025-07-10T05:26:44Z,2025-07-10T05:21:51Z,Desorbed NA,18,18,16,16,2,293,2245,skip-rename,JH_Lup_arg_CIN23_24-4_792025_16.qgd,JH_Lup_arg_CIN23_24-20_792025_18.qgd,J Heiling : Lupinus,C:/GCMSsolution/Data/Project1/Campbell RMBL Data/Lupinus argenteus/JH_Lup_arg_CIN23_24-4_792025_16.qgd,018179df-8010-4ae0-a84d-4dd132ced9e2,1
308,2025-07-09T12:58:29Z,2025-07-10T05:58:43Z,2025-07-10T06:03:28Z,2025-07-10T05:58:43Z,Desorbed NA,19,19,17,17,2,285,2212,skip-rename,JH_Lup_arg_CIN23_24-9_792025_17.qgd,JH_Lup_arg_CIN23_23-9_792025_19.qgd,J Heiling : Lupinus,C:/GCMSsolution/Data/Project1/Campbell RMBL Data/Lupinus argenteus/JH_Lup_arg_CIN23_24-9_792025_17.qgd,018179df-8010-4ae0-a84d-4dd132ced9e2,1
309,2025-07-09T12:58:29Z,2025-07-10T06:36:03Z,2025-07-10T06:40:59Z,2025-07-10T06:36:03Z,Desorbed NA,20,20,18,18,2,296,2240,skip-rename,JH_Lup_arg_CIN23_24-20_792025_18.qgd,JH_Lup_arg_CIN23_24-5_792025_20.qgd,J Heiling : Lupinus,C:/GCMSsolution/Data/Project1/Campbell RMBL Data/Lupinus argenteus/JH_Lup_arg_CIN23_24-20_792025_18.qgd,018179df-8010-4ae0-a84d-4dd132ced9e2,1
310,2025-07-09T12:58:29Z,2025-07-10T07:14:05Z,2025-07-10T07:18:05Z,2025-07-10T07:14:05Z,Desorbed NA,21,21,19,19,2,240,2282,skip-rename,JH_Lup_arg_CIN23_23-9_792025_19.qgd,JH_Lup_arg_CIN23_24-17_792025_21.qgd,J Heiling : Lupinus,C:/GCMSsolution/Data/Project1/Campbell RMBL Data/Lupinus argenteus/JH_Lup_arg_CIN23_23-9_792025_19.qgd,018179df-8010-4ae0-a84d-4dd132ced9e2,1
311,2025-07-09T12:58:29Z,2025-07-10T07:50:12Z,2025-07-10T07:54:57Z,2025-07-10T07:50:12Z,Desorbed NA,22,22,20,20,2,285,2167,skip-rename,JH_Lup_arg_CIN23_24-5_792025_20.qgd,JH_Lup_arg_CIN23_24-Air2_792025_22.qgd,J Heiling : Lupinus,C:/GCMSsolution/Data/Project1/Campbell RMBL Data/Lupinus argenteus/JH_Lup_arg_CIN23_24-5_792025_20.qgd,018179df-8010-4ae0-a84d-4dd132ced9e2,1
312,2025-07-09T12:58:29Z,NA,NA,NA,NA NA,23,23,NA,23,NA,NA,NA,skip-notrun,NA,JH_Lup_arg_CIN23_23-14_792025_23.qgd,NA,NA,018179df-8010-4ae0-a84d-4dd132ced9e2,1
313,2025-07-09T12:58:29Z,2025-07-10T08:26:38Z,2025-07-10T08:31:33Z,2025-07-10T08:26:38Z,Desorbed NA,24,24,21,21,3,295,NA,skip-rename,JH_Lup_arg_CIN23_24-17_792025_21.qgd,JH_Lup_arg_CIN23_24-18_792025_24.qgd,J Heiling : Lupinus,C:/GCMSsolution/Data/Project1/Campbell RMBL Data/Lupinus argenteus/JH_Lup_arg_CIN23_24-17_792025_21.qgd,018179df-8010-4ae0-a84d-4dd132ced9e2,1
314,2025-07-09T12:58:29Z,2025-07-10T09:03:09Z,2025-07-10T09:08:05Z,2025-07-10T09:03:09Z,Desorbed NA,25,25,22,22,3,296,2191,skip-rename,JH_Lup_arg_CIN23_24-Air2_792025_22.qgd,JH_Lup_arg_CIN23_23-6_792025_25.qgd,J Heiling : Lupinus,C:/GCMSsolution/Data/Project1/Campbell RMBL Data/Lupinus argenteus/JH_Lup_arg_CIN23_24-Air2_792025_22.qgd,018179df-8010-4ae0-a84d-4dd132ced9e2,1
315,2025-07-09T12:58:29Z,2025-07-10T09:39:39Z,2025-07-10T09:44:35Z,2025-07-10T09:39:39Z,Desorbed NA,26,26,23,23,3,296,2190,skip-rename,JH_Lup_arg_CIN23_23-14_792025_23.qgd,DC_trapblank_195_25_792025_26.qgd,J Heiling : Lupinus,C:/GCMSsolution/Data/Project1/Campbell RMBL Data/Lupinus argenteus/JH_Lup_arg_CIN23_23-14_792025_23.qgd,018179df-8010-4ae0-a84d-4dd132ced9e2,1
316,2025-07-09T12:58:29Z,2025-07-10T10:16:11Z,2025-07-10T10:21:05Z,2025-07-10T10:16:11Z,Desorbed NA,27,27,24,24,3,294,2192,skip-rename,JH_Lup_arg_CIN23_24-18_792025_24.qgd,DC_trapblank_196_25_792025_27.qgd,J Heiling : Lupinus,C:/GCMSsolution/Data/Project1/Campbell RMBL Data/Lupinus argenteus/JH_Lup_arg_CIN23_24-18_792025_24.qgd,018179df-8010-4ae0-a84d-4dd132ced9e2,1
317,2025-07-09T12:58:29Z,2025-07-10T10:52:44Z,2025-07-10T10:57:34Z,2025-07-10T10:52:44Z,Desorbed NA,28,28,25,25,3,290,2193,skip-rename,JH_Lup_arg_CIN23_23-6_792025_25.qgd,?,J Heiling : Lupinus,C:/GCMSsolution/Data/Project1/Campbell RMBL Data/Lupinus argenteus/JH_Lup_arg_CIN23_23-6_792025_25.qgd,018179df-8010-4ae0-a84d-4dd132ced9e2,1
318,2025-07-09T12:58:29Z,2025-07-10T11:29:03Z,2025-07-10T11:33:58Z,2025-07-10T11:29:03Z,Desorbed NA,29,29,26,26,3,295,2179,skip-rename,DC_trapblank_195_25_792025_26.qgd,?,NA,C:/GCMSsolution/Data/Project1/Campbell RMBL Data/Lupinus argenteus/DC_trapblank_195_25_792025_26.qgd,018179df-8010-4ae0-a84d-4dd132ced9e2,1
319,2025-07-09T12:58:29Z,2025-07-10T16:30:58Z,NA,2025-07-10T16:30:58Z,NA NA,30,30,NA,30,NA,NA,18115,skip-notrun,NA,?,NA,NA,018179df-8010-4ae0-a84d-4dd132ced9e2,1
320,2025-07-10T14:28:20Z,2025-07-10T21:32:53Z,NA,2025-07-10T21:32:53Z,Desorbed NA,30,1,NA,1,NA,NA,18115,,NA,,NA,NA,8bfa30ab-0c02-4a95-8e65-f91c81f1e24c,1
321,2025-07-10T15:44:01Z,2025-07-10T22:48:34Z,2025-07-10T22:43:36Z,2025-07-10T22:43:36Z,Desorbed NA,1,1,1,1,0,298,4541,,blank1_7102025_01.qgd,,NA,C:/GCMSsolution/Data/Project1/Campbell RMBL Data/Lupinus argenteus/blank1_7102025_01.qgd,5f20f76d-dbdc-4437-8d3a-5c6d743ede36,1
322,2025-07-10T15:44:01Z,2025-07-10T23:19:10Z,2025-07-10T23:24:04Z,2025-07-10T23:19:10Z,Desorbed NA,3,2,2,2,0,294,1836,,JH_Lup_arg_BVB_24-30redo_7102025_02.qgd,,J Heiling : Lupinus,C:/GCMSsolution/Data/Project1/Campbell RMBL Data/Lupinus argenteus/JH_Lup_arg_BVB_24-30redo_7102025_02.qgd,5f20f76d-dbdc-4437-8d3a-5c6d743ede36,1
323,2025-07-10T15:44:01Z,2025-07-10T23:57:01Z,2025-07-11T00:01:18Z,2025-07-10T23:57:01Z,NA Leak Test Pressurise Failed,5,3,3,3,0,256.5,2271.5,leak-blank,JH_Lup_arg_BVB_24-23redo_7102025_03.qgd,,J Heiling : Lupinus,C:/GCMSsolution/Data/Project1/Campbell RMBL Data/Lupinus argenteus/JH_Lup_arg_BVB_24-23redo_7102025_03.qgd,5f20f76d-dbdc-4437-8d3a-5c6d743ede36,1
324,2025-07-10T15:44:01Z,2025-07-11T00:34:53Z,2025-07-11T00:38:23Z,2025-07-11T00:34:53Z,Desorbed NA,13,4,4,4,0,210,2271.5,,JH_Lup_arg_BVB_24-27redo_7102025_04.qgd,,J Heiling : Lupinus,C:/GCMSsolution/Data/Project1/Campbell RMBL Data/Lupinus argenteus/JH_Lup_arg_BVB_24-27redo_7102025_04.qgd,5f20f76d-dbdc-4437-8d3a-5c6d743ede36,1
325,2025-07-10T15:44:01Z,2025-07-11T01:11:47Z,2025-07-11T01:15:43Z,2025-07-11T01:11:47Z,Desorbed NA,23,5,5,5,0,236,2214,,JH_Lup_arg_CIN23_23-14redo_7102025_05.qgd,,J Heiling : Lupinus,C:/GCMSsolution/Data/Project1/Campbell RMBL Data/Lupinus argenteus/JH_Lup_arg_CIN23_23-14redo_7102025_05.qgd,5f20f76d-dbdc-4437-8d3a-5c6d743ede36,1
326,2025-07-10T15:44:01Z,2025-07-11T01:48:21Z,2025-07-11T01:53:07Z,2025-07-11T01:48:21Z,Desorbed NA,24,6,6,6,0,286,2194,,JH_Lup_arg_CIN23_24-14_7102025_06.qgd,,J Heiling : Lupinus,C:/GCMSsolution/Data/Project1/Campbell RMBL Data/Lupinus argenteus/JH_Lup_arg_CIN23_24-14_7102025_06.qgd,5f20f76d-dbdc-4437-8d3a-5c6d743ede36,1
327,2025-07-10T15:44:01Z,2025-07-11T02:25:45Z,2025-07-11T02:30:34Z,2025-07-11T02:25:45Z,Desorbed NA,25,7,7,7,0,289,2244,,JH_Lup_arg_CIN23_24-Pinflag_7102025_07.qgd,,J Heiling : Lupinus,C:/GCMSsolution/Data/Project1/Campbell RMBL Data/Lupinus argenteus/JH_Lup_arg_CIN23_24-Pinflag_7102025_07.qgd,5f20f76d-dbdc-4437-8d3a-5c6d743ede36,1
328,2025-07-10T15:44:01Z,2025-07-11T03:02:59Z,2025-07-11T03:07:56Z,2025-07-11T03:02:59Z,Desorbed NA,26,8,8,8,0,297,2234,,JH_Lup_arg_CIN23_24-15_7102025_08.qgd,,J Heiling : Lupinus,C:/GCMSsolution/Data/Project1/Campbell RMBL Data/Lupinus argenteus/JH_Lup_arg_CIN23_24-15_7102025_08.qgd,5f20f76d-dbdc-4437-8d3a-5c6d743ede36,1
329,2025-07-10T15:44:01Z,2025-07-11T03:40:06Z,2025-07-11T03:45:02Z,2025-07-11T03:40:06Z,Desorbed NA,27,9,9,9,0,296,2227,,JH_Lup_arg_CIN23_24-19_7102025_09.qgd,,J Heiling : Lupinus,C:/GCMSsolution/Data/Project1/Campbell RMBL Data/Lupinus argenteus/JH_Lup_arg_CIN23_24-19_7102025_09.qgd,5f20f76d-dbdc-4437-8d3a-5c6d743ede36,1
330,2025-07-10T15:44:01Z,2025-07-11T04:17:37Z,2025-07-11T04:22:29Z,2025-07-11T04:17:37Z,Desorbed NA,28,10,10,10,0,292,2251,,JH_Lup_arg_CIN23_24-12_7102025_10.qgd,,J Heiling : Lupinus,C:/GCMSsolution/Data/Project1/Campbell RMBL Data/Lupinus argenteus/JH_Lup_arg_CIN23_24-12_7102025_10.qgd,5f20f76d-dbdc-4437-8d3a-5c6d743ede36,1
331,2025-07-10T15:44:01Z,NA,NA,NA,NA NA,29,11,NA,11,NA,NA,NA,skip-notrun,NA,?,NA,NA,5f20f76d-dbdc-4437-8d3a-5c6d743ede36,1
332,2025-07-10T15:44:01Z,NA,NA,NA,Leak-test failure High Pressure Leak Failure,30,12,NA,12,NA,NA,NA,skip-rename-leak,NA,?,NA,NA,5f20f76d-dbdc-4437-8d3a-5c6d743ede36,1
333,2025-07-11T14:34:11Z,2025-07-11T21:38:46Z,2025-07-11T21:33:36Z,2025-07-11T21:33:36Z,Desorbed NA,1,1,1,1,0,310,NA,,blank1_7112025_01.qgd,,NA,C:/GCMSsolution/Data/Project1/Campbell RMBL Data/Lupinus argenteus/blank1_7112025_01.qgd,182bf11e-77a8-44d7-914b-3a114b756f5c,1
334,2025-07-11T14:34:11Z,NA,NA,NA,NA NA,5,2,NA,2,NA,NA,NA,skip-notrun,NA,JH_Lup_arg_BVB_24-23redo2_7112025_02.qgd,NA,NA,182bf11e-77a8-44d7-914b-3a114b756f5c,1
335,2025-07-11T14:34:11Z,2025-07-11T22:09:18Z,2025-07-11T22:14:11Z,2025-07-11T22:09:18Z,Desorbed NA,6,3,2,2,1,293,NA,skip-rename,JH_Lup_arg_BVB_24-23redo2_7112025_02.qgd,JH_Lup_arg_LERB_24_Air2_7112025_03.qgd,J Heiling : Lupinus,C:/GCMSsolution/Data/Project1/Campbell RMBL Data/Lupinus argenteus/JH_Lup_arg_BVB_24-23redo2_7112025_02.qgd,182bf11e-77a8-44d7-914b-3a114b756f5c,1
336,2025-07-11T14:34:11Z,2025-07-11T22:46:11Z,2025-07-11T22:50:55Z,2025-07-11T22:46:11Z,Desorbed NA,7,4,3,3,1,284,2213,skip-rename,JH_Lup_arg_LERB_24_Air2_7112025_03.qgd,JH_Lup_arg_LERB_24_23-1_7112025_04.qgd,J Heiling : Lupinus,C:/GCMSsolution/Data/Project1/Campbell RMBL Data/Lupinus argenteus/JH_Lup_arg_LERB_24_Air2_7112025_03.qgd,182bf11e-77a8-44d7-914b-3a114b756f5c,1
337,2025-07-11T14:34:11Z,2025-07-11T23:23:23Z,2025-07-11T23:28:10Z,2025-07-11T23:23:23Z,Desorbed NA,8,5,4,4,1,287,2232,skip-rename,JH_Lup_arg_LERB_24_23-1_7112025_04.qgd,JH_Lup_arg_LERB_24_Air4_7112025_05.qgd,J Heiling : Lupinus,C:/GCMSsolution/Data/Project1/Campbell RMBL Data/Lupinus argenteus/JH_Lup_arg_LERB_24_23-1_7112025_04.qgd,182bf11e-77a8-44d7-914b-3a114b756f5c,1
338,2025-07-11T14:34:11Z,2025-07-12T00:01:06Z,2025-07-12T00:06:02Z,2025-07-12T00:01:06Z,Desorbed NA,9,6,5,5,1,296,2263,skip-rename,JH_Lup_arg_LERB_24_Air4_7112025_05.qgd,JH_Lup_arg_LERB_24-20_7112025_06.qgd,J Heiling : Lupinus,C:/GCMSsolution/Data/Project1/Campbell RMBL Data/Lupinus argenteus/JH_Lup_arg_LERB_24_Air4_7112025_05.qgd,182bf11e-77a8-44d7-914b-3a114b756f5c,1
339,2025-07-11T14:34:11Z,2025-07-12T00:39:15Z,2025-07-12T00:44:12Z,2025-07-12T00:39:15Z,Desorbed NA,10,7,6,6,1,297,2289,skip-rename,JH_Lup_arg_LERB_24-20_7112025_06.qgd,JH_Lup_arg_LERB_24-31_7112025_07.qgd,J Heiling : Lupinus,C:/GCMSsolution/Data/Project1/Campbell RMBL Data/Lupinus argenteus/JH_Lup_arg_LERB_24-20_7112025_06.qgd,182bf11e-77a8-44d7-914b-3a114b756f5c,1
340,2025-07-11T14:34:11Z,2025-07-12T01:18:34Z,2025-07-12T01:22:29Z,2025-07-12T01:18:34Z,Desorbed NA,11,8,7,7,1,235,2359,skip-rename,JH_Lup_arg_LERB_24-31_7112025_07.qgd,JH_Lup_arg_LERB_24-5_7112025_08.qgd,J Heiling : Lupinus,C:/GCMSsolution/Data/Project1/Campbell RMBL Data/Lupinus argenteus/JH_Lup_arg_LERB_24-31_7112025_07.qgd,182bf11e-77a8-44d7-914b-3a114b756f5c,1
341,2025-07-11T14:34:11Z,2025-07-12T01:55:42Z,2025-07-12T02:00:22Z,2025-07-12T01:55:42Z,Desorbed NA,12,9,8,8,1,280,2228,skip-rename,JH_Lup_arg_LERB_24-5_7112025_08.qgd,JH_Lup_arg_LERB_24-23_7112025_09.qgd,J Heiling : Lupinus,C:/GCMSsolution/Data/Project1/Campbell RMBL Data/Lupinus argenteus/JH_Lup_arg_LERB_24-5_7112025_08.qgd,182bf11e-77a8-44d7-914b-3a114b756f5c,1
342,2025-07-11T14:34:11Z,2025-07-12T02:33:16Z,2025-07-12T02:38:10Z,2025-07-12T02:33:16Z,Desorbed NA,13,10,9,9,1,294,2254,skip-rename,JH_Lup_arg_LERB_24-23_7112025_09.qgd,JH_Lup_arg_LERB_24_23-7_7112025_10.qgd,J Heiling : Lupinus,C:/GCMSsolution/Data/Project1/Campbell RMBL Data/Lupinus argenteus/JH_Lup_arg_LERB_24-23_7112025_09.qgd,182bf11e-77a8-44d7-914b-3a114b756f5c,1
343,2025-07-11T14:34:11Z,2025-07-12T03:10:42Z,2025-07-12T03:15:34Z,2025-07-12T03:10:42Z,Desorbed NA,14,11,10,10,1,292,2246,skip-rename,JH_Lup_arg_LERB_24_23-7_7112025_10.qgd,JH_Lup_arg_LERB_24-9_7112025_11.qgd,J Heiling : Lupinus,C:/GCMSsolution/Data/Project1/Campbell RMBL Data/Lupinus argenteus/JH_Lup_arg_LERB_24_23-7_7112025_10.qgd,182bf11e-77a8-44d7-914b-3a114b756f5c,1
344,2025-07-11T14:34:11Z,2025-07-12T03:47:50Z,2025-07-12T03:52:43Z,2025-07-12T03:47:50Z,Desorbed NA,15,12,11,11,1,293,2228,skip-rename,JH_Lup_arg_LERB_24-9_7112025_11.qgd,JH_Lup_arg_LERB_24-21_7112025_12.qgd,J Heiling : Lupinus,C:/GCMSsolution/Data/Project1/Campbell RMBL Data/Lupinus argenteus/JH_Lup_arg_LERB_24-9_7112025_11.qgd,182bf11e-77a8-44d7-914b-3a114b756f5c,1
345,2025-07-11T14:34:11Z,2025-07-12T04:24:31Z,2025-07-12T04:29:28Z,2025-07-12T04:24:31Z,Desorbed NA,16,13,12,12,1,297,2201,skip-rename,JH_Lup_arg_LERB_24-21_7112025_12.qgd,JH_Lup_arg_LERB_24-8_7112025_13.qgd,J Heiling : Lupinus,C:/GCMSsolution/Data/Project1/Campbell RMBL Data/Lupinus argenteus/JH_Lup_arg_LERB_24-21_7112025_12.qgd,182bf11e-77a8-44d7-914b-3a114b756f5c,1
346,2025-07-11T14:34:11Z,2025-07-12T05:01:48Z,2025-07-12T05:06:37Z,2025-07-12T05:01:48Z,Desorbed NA,17,14,13,13,1,289,2237,skip-rename,JH_Lup_arg_LERB_24-8_7112025_13.qgd,JH_Lup_arg_LERB_24_23-9_7112025_14.qgd,J Heiling : Lupinus,C:/GCMSsolution/Data/Project1/Campbell RMBL Data/Lupinus argenteus/JH_Lup_arg_LERB_24-8_7112025_13.qgd,182bf11e-77a8-44d7-914b-3a114b756f5c,1
347,2025-07-11T14:34:11Z,2025-07-12T05:38:38Z,2025-07-12T05:43:31Z,2025-07-12T05:38:38Z,Desorbed NA,18,15,14,14,1,293,2210,skip-rename,JH_Lup_arg_LERB_24_23-9_7112025_14.qgd,JH_Lup_arg_LERB_24-1_7112025_15.qgd,J Heiling : Lupinus,C:/GCMSsolution/Data/Project1/Campbell RMBL Data/Lupinus argenteus/JH_Lup_arg_LERB_24_23-9_7112025_14.qgd,182bf11e-77a8-44d7-914b-3a114b756f5c,1
348,2025-07-11T14:34:11Z,2025-07-12T06:15:06Z,2025-07-12T06:20:00Z,2025-07-12T06:15:06Z,Desorbed NA,19,16,15,15,1,294,2188,skip-rename,JH_Lup_arg_LERB_24-1_7112025_15.qgd,JH_Lup_arg_LERB_24-32_7112025_16.qgd,J Heiling : Lupinus,C:/GCMSsolution/Data/Project1/Campbell RMBL Data/Lupinus argenteus/JH_Lup_arg_LERB_24-1_7112025_15.qgd,182bf11e-77a8-44d7-914b-3a114b756f5c,1
349,2025-07-11T14:34:11Z,2025-07-12T06:51:20Z,2025-07-12T06:56:06Z,2025-07-12T06:51:20Z,Desorbed NA,20,17,16,16,1,286,2174,skip-rename,JH_Lup_arg_LERB_24-32_7112025_16.qgd,JH_Lup_arg_LERB_24-18_7112025_17.qgd,J Heiling : Lupinus,C:/GCMSsolution/Data/Project1/Campbell RMBL Data/Lupinus argenteus/JH_Lup_arg_LERB_24-32_7112025_16.qgd,182bf11e-77a8-44d7-914b-3a114b756f5c,1
350,2025-07-11T14:34:11Z,2025-07-12T07:28:32Z,2025-07-12T07:32:01Z,2025-07-12T07:28:32Z,Desorbed NA,29,18,17,17,1,209,2232,skip-rename,JH_Lup_arg_LERB_24-18_7112025_17.qgd,?,J Heiling : Lupinus,C:/GCMSsolution/Data/Project1/Campbell RMBL Data/Lupinus argenteus/JH_Lup_arg_LERB_24-18_7112025_17.qgd,182bf11e-77a8-44d7-914b-3a114b756f5c,1
351,2025-07-11T14:34:11Z,2025-07-12T13:11:18Z,NA,2025-07-12T13:11:18Z,NA NA,30,19,NA,19,NA,NA,20566,skip-notrun,NA,?,NA,NA,182bf11e-77a8-44d7-914b-3a114b756f5c,1
352,2025-07-12T11:49:28Z,2025-07-12T18:54:04Z,2025-07-12T18:49:04Z,2025-07-12T18:49:04Z,Desorbed NA,1,1,1,1,0,300,20566,,blank1_7122025_01.qgd,,NA,C:/GCMSsolution/Data/Project1/Campbell RMBL Data/Lupinus argenteus/blank1_7122025_01.qgd,397830e1-f0b9-4558-8a76-b4e4f7b82cc7,1
353,2025-07-12T11:49:28Z,2025-07-12T19:24:35Z,2025-07-12T19:29:32Z,2025-07-12T19:24:35Z,Desorbed NA,2,2,2,2,0,297,1831,,JH_Lup_arg_BVB_24-23redo3_7122025_02.qgd,,J Heiling : Lupinus,C:/GCMSsolution/Data/Project1/Campbell RMBL Data/Lupinus argenteus/JH_Lup_arg_BVB_24-23redo3_7122025_02.qgd,397830e1-f0b9-4558-8a76-b4e4f7b82cc7,1
354,2025-07-12T11:49:28Z,2025-07-12T20:01:35Z,2025-07-12T20:06:37Z,2025-07-12T20:01:35Z,Leak-test failure High Pressure Leak Failure,3,3,3,3,0,302,2220,leak-blank,JH_Lup_arg_LERB_24-Air3redo2_7122025_03.qgd,,J Heiling : Lupinus,C:/GCMSsolution/Data/Project1/Campbell RMBL Data/Lupinus argenteus/JH_Lup_arg_LERB_24-Air3redo2_7122025_03.qgd,397830e1-f0b9-4558-8a76-b4e4f7b82cc7,1
355,2025-07-12T11:49:28Z,2025-07-12T20:38:35Z,2025-07-12T20:42:51Z,2025-07-12T20:38:35Z,Desorbed NA,4,4,4,4,0,256,2220,,JH_Lup_arg_LERB_24_19_7122025_04.qgd,,J Heiling : Lupinus,C:/GCMSsolution/Data/Project1/Campbell RMBL Data/Lupinus argenteus/JH_Lup_arg_LERB_24_19_7122025_04.qgd,397830e1-f0b9-4558-8a76-b4e4f7b82cc7,1
356,2025-07-12T11:49:28Z,2025-07-12T21:14:56Z,2025-07-12T21:19:51Z,2025-07-12T21:14:56Z,Desorbed NA,6,5,5,5,0,295,2181,,JH_Lup_arg_LERB_24_17_7122025_05.qgd,,J Heiling : Lupinus,C:/GCMSsolution/Data/Project1/Campbell RMBL Data/Lupinus argenteus/JH_Lup_arg_LERB_24_17_7122025_05.qgd,397830e1-f0b9-4558-8a76-b4e4f7b82cc7,1
357,2025-07-12T11:49:28Z,2025-07-12T21:51:55Z,2025-07-12T21:56:52Z,2025-07-12T21:51:55Z,Desorbed NA,7,6,6,6,0,297,2219,,JH_Lup_arg_LERB_24-16_7122025_06.qgd,,J Heiling : Lupinus,C:/GCMSsolution/Data/Project1/Campbell RMBL Data/Lupinus argenteus/JH_Lup_arg_LERB_24-16_7122025_06.qgd,397830e1-f0b9-4558-8a76-b4e4f7b82cc7,1
358,2025-07-12T11:49:28Z,2025-07-12T22:29:08Z,2025-07-12T22:33:59Z,2025-07-12T22:29:08Z,Desorbed NA,8,7,7,7,0,291,2233,,JH_Lup_arg_LERB_24-Air1_7122025_07.qgd,,J Heiling : Lupinus,C:/GCMSsolution/Data/Project1/Campbell RMBL Data/Lupinus argenteus/JH_Lup_arg_LERB_24-Air1_7122025_07.qgd,397830e1-f0b9-4558-8a76-b4e4f7b82cc7,1
359,2025-07-12T11:49:28Z,2025-07-12T23:06:26Z,2025-07-12T23:11:22Z,2025-07-12T23:06:26Z,Desorbed NA,9,8,8,8,0,296,2238,,JH_Lup_arg_LERB_24-11_7122025_08.qgd,,J Heiling : Lupinus,C:/GCMSsolution/Data/Project1/Campbell RMBL Data/Lupinus argenteus/JH_Lup_arg_LERB_24-11_7122025_08.qgd,397830e1-f0b9-4558-8a76-b4e4f7b82cc7,1
360,2025-07-12T11:49:28Z,2025-07-12T23:44:04Z,2025-07-12T23:48:54Z,2025-07-12T23:44:04Z,Desorbed NA,10,9,9,9,0,290,2258,,JH_Lup_arg_LERB_24-25_7122025_09.qgd,,J Heiling : Lupinus,C:/GCMSsolution/Data/Project1/Campbell RMBL Data/Lupinus argenteus/JH_Lup_arg_LERB_24-25_7122025_09.qgd,397830e1-f0b9-4558-8a76-b4e4f7b82cc7,1
361,2025-07-12T11:49:28Z,2025-07-13T00:22:40Z,2025-07-13T00:26:42Z,2025-07-13T00:22:40Z,Desorbed NA,11,10,10,10,0,242,2316,,JH_Lup_arg_LERB_24_33_7122025_10.qgd,,J Heiling : Lupinus,C:/GCMSsolution/Data/Project1/Campbell RMBL Data/Lupinus argenteus/JH_Lup_arg_LERB_24_33_7122025_10.qgd,397830e1-f0b9-4558-8a76-b4e4f7b82cc7,1
362,2025-07-12T11:49:28Z,2025-07-13T00:59:41Z,2025-07-13T01:04:34Z,2025-07-13T00:59:41Z,Desorbed NA,12,11,11,11,0,293,2221,,JH_Lup_arg_LERB_24-27_7122025_11.qgd,,J Heiling : Lupinus,C:/GCMSsolution/Data/Project1/Campbell RMBL Data/Lupinus argenteus/JH_Lup_arg_LERB_24-27_7122025_11.qgd,397830e1-f0b9-4558-8a76-b4e4f7b82cc7,1
363,2025-07-12T11:49:28Z,2025-07-13T01:37:42Z,2025-07-13T01:42:36Z,2025-07-13T01:37:42Z,Desorbed NA,13,12,12,12,0,294,2281,,JH_Lup_arg_LERB_24-Air5_7122025_12.qgd,,J Heiling : Lupinus,C:/GCMSsolution/Data/Project1/Campbell RMBL Data/Lupinus argenteus/JH_Lup_arg_LERB_24-Air5_7122025_12.qgd,397830e1-f0b9-4558-8a76-b4e4f7b82cc7,1
364,2025-07-14T09:49:55Z,2025-07-14T16:54:35Z,2025-07-14T16:49:21Z,2025-07-14T16:49:21Z,Desorbed NA,1,1,1,1,0,314,141413,,blank1_7142025_01.qgd,,NA,C:/GCMSsolution/Data/Project1/Campbell RMBL Data/Rainouts 2024/blank1_7142025_01.qgd,1143cbfc-8d83-435e-8e55-d5c98ede502a,1
365,2025-07-14T09:49:55Z,2025-07-14T17:25:12Z,2025-07-14T17:30:05Z,2025-07-14T17:25:12Z,Desorbed NA,2,2,2,2,0,293,1837,,JB_07172024_639_7142025_02.qgd,,NA,C:/GCMSsolution/Data/Project1/Campbell RMBL Data/Rainouts 2024/JB_07172024_639_7142025_02.qgd,1143cbfc-8d83-435e-8e55-d5c98ede502a,1
366,2025-07-14T09:49:55Z,2025-07-14T18:01:08Z,2025-07-14T18:06:02Z,2025-07-14T18:01:08Z,Desorbed NA,4,3,3,3,0,294,2156,,JB_07172024_448_7142025_03.qgd,,NA,C:/GCMSsolution/Data/Project1/Campbell RMBL Data/Rainouts 2024/JB_07172024_448_7142025_03.qgd,1143cbfc-8d83-435e-8e55-d5c98ede502a,1
367,2025-07-14T09:49:55Z,2025-07-14T18:37:36Z,2025-07-14T18:42:30Z,2025-07-14T18:37:36Z,Desorbed NA,5,4,4,4,0,294,2188,,JB_07172024_665_7142025_04.qgd,,NA,C:/GCMSsolution/Data/Project1/Campbell RMBL Data/Rainouts 2024/JB_07172024_665_7142025_04.qgd,1143cbfc-8d83-435e-8e55-d5c98ede502a,1
368,2025-07-14T09:49:55Z,2025-07-14T19:14:21Z,2025-07-14T19:19:16Z,2025-07-14T19:14:21Z,Desorbed NA,6,5,5,5,0,295,2205,,JB_07172024_666_7142025_05.qgd,,NA,C:/GCMSsolution/Data/Project1/Campbell RMBL Data/Rainouts 2024/JB_07172024_666_7142025_05.qgd,1143cbfc-8d83-435e-8e55-d5c98ede502a,1
369,2025-07-14T09:49:55Z,2025-07-14T19:51:30Z,2025-07-14T19:56:27Z,2025-07-14T19:51:30Z,Desorbed NA,7,6,6,6,0,297,2229,,JB_07172024_667_7142025_06.qgd,,NA,C:/GCMSsolution/Data/Project1/Campbell RMBL Data/Rainouts 2024/JB_07172024_667_7142025_06.qgd,1143cbfc-8d83-435e-8e55-d5c98ede502a,1
370,2025-07-14T09:49:55Z,2025-07-14T20:28:00Z,2025-07-14T20:32:56Z,2025-07-14T20:28:00Z,Desorbed NA,8,7,7,7,0,296,2190,,JB_07172024_211_7142025_07.qgd,,NA,C:/GCMSsolution/Data/Project1/Campbell RMBL Data/Rainouts 2024/JB_07172024_211_7142025_07.qgd,1143cbfc-8d83-435e-8e55-d5c98ede502a,1
371,2025-07-14T09:49:55Z,2025-07-14T21:04:45Z,2025-07-14T21:09:41Z,2025-07-14T21:04:45Z,Desorbed NA,9,8,8,8,0,296,2205,,JB_07172024_212_7142025_08.qgd,,NA,C:/GCMSsolution/Data/Project1/Campbell RMBL Data/Rainouts 2024/JB_07172024_212_7142025_08.qgd,1143cbfc-8d83-435e-8e55-d5c98ede502a,1
372,2025-07-14T09:49:55Z,2025-07-14T21:41:52Z,2025-07-14T21:46:48Z,2025-07-14T21:41:52Z,Desorbed NA,10,9,9,9,0,296,2227,,JB_07172024_221_7142025_09.qgd,,NA,C:/GCMSsolution/Data/Project1/Campbell RMBL Data/Rainouts 2024/JB_07172024_221_7142025_09.qgd,1143cbfc-8d83-435e-8e55-d5c98ede502a,1
373,2025-07-14T09:49:55Z,2025-07-14T22:20:11Z,2025-07-14T22:24:12Z,2025-07-14T22:20:11Z,Desorbed NA,11,10,10,10,0,241,2299,,JB_07172024_220_7142025_10.qgd,,NA,C:/GCMSsolution/Data/Project1/Campbell RMBL Data/Rainouts 2024/JB_07172024_220_7142025_10.qgd,1143cbfc-8d83-435e-8e55-d5c98ede502a,1
374,2025-07-14T09:49:55Z,2025-07-14T22:56:59Z,2025-07-14T23:01:53Z,2025-07-14T22:56:59Z,Desorbed NA,12,11,11,11,0,294,2208,,JB_07172024_213_7142025_11.qgd,,NA,C:/GCMSsolution/Data/Project1/Campbell RMBL Data/Rainouts 2024/JB_07172024_213_7142025_11.qgd,1143cbfc-8d83-435e-8e55-d5c98ede502a,1
375,2025-07-14T09:49:55Z,2025-07-14T23:34:41Z,2025-07-14T23:39:37Z,2025-07-14T23:34:41Z,Desorbed NA,13,12,12,12,0,296,2262,,JB_07172024_664_7142025_12.qgd,,NA,C:/GCMSsolution/Data/Project1/Campbell RMBL Data/Rainouts 2024/JB_07172024_664_7142025_12.qgd,1143cbfc-8d83-435e-8e55-d5c98ede502a,1
376,2025-07-14T09:49:55Z,2025-07-15T00:12:33Z,2025-07-15T00:17:31Z,2025-07-15T00:12:33Z,Desorbed NA,14,13,13,13,0,298,2272,,JB_07172024_663_7142025_13.qgd,,NA,C:/GCMSsolution/Data/Project1/Campbell RMBL Data/Rainouts 2024/JB_07172024_663_7142025_13.qgd,1143cbfc-8d83-435e-8e55-d5c98ede502a,1
377,2025-07-14T09:49:55Z,2025-07-15T00:50:31Z,2025-07-15T00:55:32Z,2025-07-15T00:50:31Z,Desorbed NA,15,14,14,14,0,301,2278,,JB_07172024_671_7142025_14.qgd,,NA,C:/GCMSsolution/Data/Project1/Campbell RMBL Data/Rainouts 2024/JB_07172024_671_7142025_14.qgd,1143cbfc-8d83-435e-8e55-d5c98ede502a,1
378,2025-07-14T09:49:55Z,2025-07-15T01:28:15Z,2025-07-15T01:33:08Z,2025-07-15T01:28:15Z,Desorbed NA,16,15,15,15,0,293,2264,,JB_07172024_668_7142025_15.qgd,,NA,C:/GCMSsolution/Data/Project1/Campbell RMBL Data/Rainouts 2024/JB_07172024_668_7142025_15.qgd,1143cbfc-8d83-435e-8e55-d5c98ede502a,1
379,2025-07-14T09:49:55Z,2025-07-15T02:05:45Z,2025-07-15T02:10:40Z,2025-07-15T02:05:45Z,Desorbed NA,17,16,16,16,0,295,2250,,JB_07172024_669_7142025_16.qgd,,NA,C:/GCMSsolution/Data/Project1/Campbell RMBL Data/Rainouts 2024/JB_07172024_669_7142025_16.qgd,1143cbfc-8d83-435e-8e55-d5c98ede502a,1
380,2025-07-14T09:49:55Z,2025-07-15T02:43:02Z,2025-07-15T02:47:59Z,2025-07-15T02:43:02Z,Desorbed NA,18,17,17,17,0,297,2237,,JB_07172024_672_7142025_17.qgd,,NA,C:/GCMSsolution/Data/Project1/Campbell RMBL Data/Rainouts 2024/JB_07172024_672_7142025_17.qgd,1143cbfc-8d83-435e-8e55-d5c98ede502a,1
381,2025-07-14T09:49:55Z,2025-07-15T03:19:55Z,2025-07-15T03:24:49Z,2025-07-15T03:19:55Z,Desorbed NA,19,18,18,18,0,294,2213,,JB_07172024_112_7142025_18.qgd,,NA,C:/GCMSsolution/Data/Project1/Campbell RMBL Data/Rainouts 2024/JB_07172024_112_7142025_18.qgd,1143cbfc-8d83-435e-8e55-d5c98ede502a,1
382,2025-07-14T09:49:55Z,2025-07-15T03:56:27Z,2025-07-15T04:01:23Z,2025-07-15T03:56:27Z,Desorbed NA,20,19,19,19,0,296,2192,,JB_07172024_210_7142025_19.qgd,,NA,C:/GCMSsolution/Data/Project1/Campbell RMBL Data/Rainouts 2024/JB_07172024_210_7142025_19.qgd,1143cbfc-8d83-435e-8e55-d5c98ede502a,1
383,2025-07-14T09:49:55Z,2025-07-15T04:34:28Z,2025-07-15T04:38:30Z,2025-07-15T04:34:28Z,Desorbed NA,21,20,20,20,0,242,2281,,JB_07172024_209_7142025_20.qgd,,NA,C:/GCMSsolution/Data/Project1/Campbell RMBL Data/Rainouts 2024/JB_07172024_209_7142025_20.qgd,1143cbfc-8d83-435e-8e55-d5c98ede502a,1
384,2025-07-14T09:49:55Z,2025-07-15T05:10:17Z,2025-07-15T05:15:11Z,2025-07-15T05:10:17Z,Desorbed NA,22,21,21,21,0,294,2149,,JB_07172024_224_7142025_21.qgd,,NA,C:/GCMSsolution/Data/Project1/Campbell RMBL Data/Rainouts 2024/JB_07172024_224_7142025_21.qgd,1143cbfc-8d83-435e-8e55-d5c98ede502a,1
385,2025-07-14T09:49:55Z,2025-07-15T05:46:53Z,2025-07-15T05:51:35Z,2025-07-15T05:46:53Z,Desorbed NA,23,22,22,22,0,282,2196,,JB_07172024_120_7142025_22.qgd,,NA,C:/GCMSsolution/Data/Project1/Campbell RMBL Data/Rainouts 2024/JB_07172024_120_7142025_22.qgd,1143cbfc-8d83-435e-8e55-d5c98ede502a,1
386,2025-07-14T09:49:55Z,2025-07-15T06:23:00Z,2025-07-15T06:27:55Z,2025-07-15T06:23:00Z,Desorbed NA,24,23,23,23,0,295,2167,,JB_07172024_229_7142025_23.qgd,,NA,C:/GCMSsolution/Data/Project1/Campbell RMBL Data/Rainouts 2024/JB_07172024_229_7142025_23.qgd,1143cbfc-8d83-435e-8e55-d5c98ede502a,1
387,2025-07-15T15:26:50Z,2025-07-15T22:31:24Z,2025-07-15T22:26:00Z,2025-07-15T22:26:00Z,Desorbed NA,1,1,1,1,0,324,58104,,blank1_7152025_01.qgd,,NA,C:/GCMSsolution/Data/Project1/Campbell RMBL Data/Rainouts 2024/blank1_7152025_01.qgd,285598c3-63cc-47b3-b779-bce0b6411d55,1
388,2025-07-15T15:26:50Z,2025-07-15T23:01:54Z,2025-07-15T23:06:48Z,2025-07-15T23:01:54Z,Desorbed NA,2,2,2,2,0,294,1830,,JB_07172024_111_7152025_02.qgd,,NA,C:/GCMSsolution/Data/Project1/Campbell RMBL Data/Rainouts 2024/JB_07172024_111_7152025_02.qgd,285598c3-63cc-47b3-b779-bce0b6411d55,1
389,2025-07-15T15:26:50Z,2025-07-15T23:38:50Z,2025-07-15T23:43:49Z,2025-07-15T23:38:50Z,Desorbed NA,4,3,3,3,0,299,2216,,JB_07172024_99_7152025_03.qgd,,NA,C:/GCMSsolution/Data/Project1/Campbell RMBL Data/Rainouts 2024/JB_07172024_99_7152025_03.qgd,285598c3-63cc-47b3-b779-bce0b6411d55,1
390,2025-07-15T15:26:50Z,2025-07-16T00:16:01Z,2025-07-16T00:20:55Z,2025-07-16T00:16:01Z,Desorbed NA,5,4,4,4,0,294,2231,,JB_07172024_123_7152025_04.qgd,,NA,C:/GCMSsolution/Data/Project1/Campbell RMBL Data/Rainouts 2024/JB_07172024_123_7152025_04.qgd,285598c3-63cc-47b3-b779-bce0b6411d55,1
391,2025-07-15T15:26:50Z,2025-07-16T00:53:11Z,2025-07-16T00:57:57Z,2025-07-16T00:53:11Z,Desorbed NA,6,5,5,5,0,286,2230,,JB_07172024_233_7152025_05.qgd,,NA,C:/GCMSsolution/Data/Project1/Campbell RMBL Data/Rainouts 2024/JB_07172024_233_7152025_05.qgd,285598c3-63cc-47b3-b779-bce0b6411d55,1
392,2025-07-15T15:26:50Z,2025-07-16T01:30:02Z,2025-07-16T01:34:56Z,2025-07-16T01:30:02Z,Desorbed NA,7,6,6,6,0,294,2211,,JB_07172024_231_7152025_06.qgd,,NA,C:/GCMSsolution/Data/Project1/Campbell RMBL Data/Rainouts 2024/JB_07172024_231_7152025_06.qgd,285598c3-63cc-47b3-b779-bce0b6411d55,1
393,2025-07-15T15:26:50Z,2025-07-16T02:06:56Z,2025-07-16T02:11:46Z,2025-07-16T02:06:56Z,Desorbed NA,8,7,7,7,0,290,2214,,JB_07172024_189_7152025_07.qgd,,NA,C:/GCMSsolution/Data/Project1/Campbell RMBL Data/Rainouts 2024/JB_07172024_189_7152025_07.qgd,285598c3-63cc-47b3-b779-bce0b6411d55,1
394,2025-07-15T15:26:50Z,2025-07-16T02:43:39Z,2025-07-16T02:48:35Z,2025-07-16T02:43:39Z,Desorbed NA,9,8,8,8,0,296,2203,,JB_07172024_190_7152025_08.qgd,,NA,C:/GCMSsolution/Data/Project1/Campbell RMBL Data/Rainouts 2024/JB_07172024_190_7152025_08.qgd,285598c3-63cc-47b3-b779-bce0b6411d55,1
395,2025-07-15T15:26:50Z,2025-07-16T03:21:02Z,2025-07-16T03:25:54Z,2025-07-16T03:21:02Z,Desorbed NA,10,9,9,9,0,292,2243,,JB_07172024_98_7152025_09.qgd,,NA,C:/GCMSsolution/Data/Project1/Campbell RMBL Data/Rainouts 2024/JB_07172024_98_7152025_09.qgd,285598c3-63cc-47b3-b779-bce0b6411d55,1
396,2025-07-15T15:26:50Z,2025-07-16T03:59:01Z,2025-07-16T04:02:57Z,2025-07-16T03:59:01Z,Desorbed NA,11,10,10,10,0,236,2279,,JB_07172024_122_7152025_10.qgd,,NA,C:/GCMSsolution/Data/Project1/Campbell RMBL Data/Rainouts 2024/JB_07172024_122_7152025_10.qgd,285598c3-63cc-47b3-b779-bce0b6411d55,1
397,2025-07-15T15:26:50Z,2025-07-16T04:34:51Z,2025-07-16T04:39:37Z,2025-07-16T04:34:51Z,Desorbed NA,12,11,11,11,0,286,2150,,JB_07172024_121_7152025_11.qgd,,NA,C:/GCMSsolution/Data/Project1/Campbell RMBL Data/Rainouts 2024/JB_07172024_121_7152025_11.qgd,285598c3-63cc-47b3-b779-bce0b6411d55,1
398,2025-07-15T15:26:50Z,2025-07-16T05:11:14Z,2025-07-16T05:16:06Z,2025-07-16T05:11:14Z,Desorbed NA,13,12,12,12,0,292,2183,,JB_07172024_118_7152025_12.qgd,,NA,C:/GCMSsolution/Data/Project1/Campbell RMBL Data/Rainouts 2024/JB_07172024_118_7152025_12.qgd,285598c3-63cc-47b3-b779-bce0b6411d55,1
399,2025-07-15T15:26:50Z,2025-07-16T05:47:34Z,2025-07-16T05:52:30Z,2025-07-16T05:47:34Z,Desorbed NA,14,13,13,13,0,296,2180,,JB_07172024_119_7152025_13.qgd,,NA,C:/GCMSsolution/Data/Project1/Campbell RMBL Data/Rainouts 2024/JB_07172024_119_7152025_13.qgd,285598c3-63cc-47b3-b779-bce0b6411d55,1
400,2025-07-15T15:26:50Z,2025-07-16T06:23:55Z,2025-07-16T06:28:50Z,2025-07-16T06:23:55Z,Desorbed NA,15,14,14,14,0,295,2181,,JB_07172024_162_7152025_14.qgd,,NA,C:/GCMSsolution/Data/Project1/Campbell RMBL Data/Rainouts 2024/JB_07172024_162_7152025_14.qgd,285598c3-63cc-47b3-b779-bce0b6411d55,1
401,2025-07-15T15:26:50Z,2025-07-16T07:00:08Z,2025-07-16T07:05:06Z,2025-07-16T07:00:08Z,Desorbed NA,16,15,15,15,0,298,2173,,JB_07172024_232_7152025_15.qgd,,NA,C:/GCMSsolution/Data/Project1/Campbell RMBL Data/Rainouts 2024/JB_07172024_232_7152025_15.qgd,285598c3-63cc-47b3-b779-bce0b6411d55,1
402,2025-07-15T15:26:50Z,2025-07-16T07:36:25Z,2025-07-16T07:41:04Z,2025-07-16T07:36:25Z,Desorbed NA,17,16,16,16,0,279,2177,,JB_07172024_235_7152025_16.qgd,,NA,C:/GCMSsolution/Data/Project1/Campbell RMBL Data/Rainouts 2024/JB_07172024_235_7152025_16.qgd,285598c3-63cc-47b3-b779-bce0b6411d55,1
403,2025-07-15T15:26:50Z,2025-07-16T08:12:12Z,2025-07-16T08:17:08Z,2025-07-16T08:12:12Z,Desorbed NA,18,17,17,17,0,296,2147,,JB_07172024_196_7152025_17.qgd,,NA,C:/GCMSsolution/Data/Project1/Campbell RMBL Data/Rainouts 2024/JB_07172024_196_7152025_17.qgd,285598c3-63cc-47b3-b779-bce0b6411d55,1
404,2025-07-15T15:26:50Z,2025-07-16T08:48:10Z,2025-07-16T08:53:06Z,2025-07-16T08:48:10Z,Desorbed NA,19,18,18,18,0,296,2158,,JB_07172024_227_7152025_18.qgd,,NA,C:/GCMSsolution/Data/Project1/Campbell RMBL Data/Rainouts 2024/JB_07172024_227_7152025_18.qgd,285598c3-63cc-47b3-b779-bce0b6411d55,1
405,2025-07-15T15:26:50Z,2025-07-16T09:24:22Z,2025-07-16T09:28:47Z,2025-07-16T09:24:22Z,Leak-test failure High Pressure Leak Failure,20,19,19,19,0,264.5,2172.5,leak-blank,JB_07172024_187_7152025_19.qgd,,NA,C:/GCMSsolution/Data/Project1/Campbell RMBL Data/Rainouts 2024/JB_07172024_187_7152025_19.qgd,285598c3-63cc-47b3-b779-bce0b6411d55,1
406,2025-07-15T15:26:50Z,2025-07-16T10:00:35Z,2025-07-16T10:03:59Z,2025-07-16T10:00:35Z,Desorbed NA,21,20,20,20,0,204,2172.5,,JB_07172024_195_7152025_20.qgd,,NA,C:/GCMSsolution/Data/Project1/Campbell RMBL Data/Rainouts 2024/JB_07172024_195_7152025_20.qgd,285598c3-63cc-47b3-b779-bce0b6411d55,1
407,2025-07-15T15:26:50Z,2025-07-16T10:34:43Z,2025-07-16T10:39:20Z,2025-07-16T10:34:43Z,Desorbed NA,22,21,21,21,0,277,2048,,JB_07172024_164_7152025_21.qgd,,NA,C:/GCMSsolution/Data/Project1/Campbell RMBL Data/Rainouts 2024/JB_07172024_164_7152025_21.qgd,285598c3-63cc-47b3-b779-bce0b6411d55,1
408,2025-07-15T15:26:50Z,2025-07-16T11:09:58Z,2025-07-16T11:14:53Z,2025-07-16T11:09:58Z,Desorbed NA,23,22,22,22,0,295,2115,,JB_07172024_225_7152025_22.qgd,,NA,C:/GCMSsolution/Data/Project1/Campbell RMBL Data/Rainouts 2024/JB_07172024_225_7152025_22.qgd,285598c3-63cc-47b3-b779-bce0b6411d55,1
409,2025-07-15T15:26:50Z,2025-07-16T11:45:35Z,2025-07-16T11:50:27Z,2025-07-16T11:45:35Z,Desorbed NA,24,23,23,23,0,292,2137,,JB_07172024_206_7152025_23.qgd,,NA,C:/GCMSsolution/Data/Project1/Campbell RMBL Data/Rainouts 2024/JB_07172024_206_7152025_23.qgd,285598c3-63cc-47b3-b779-bce0b6411d55,1
410,2025-07-15T15:26:50Z,2025-07-16T12:21:36Z,2025-07-16T12:26:18Z,2025-07-16T12:21:36Z,Desorbed NA,25,24,24,24,0,282,2161,,JB_07172024_194_7152025_24.qgd,,NA,C:/GCMSsolution/Data/Project1/Campbell RMBL Data/Rainouts 2024/JB_07172024_194_7152025_24.qgd,285598c3-63cc-47b3-b779-bce0b6411d55,1
411,2025-07-15T15:26:50Z,2025-07-16T12:57:07Z,2025-07-16T13:01:59Z,2025-07-16T12:57:07Z,Desorbed NA,26,25,25,25,0,292,2131,,trapblanks_7152025_25.qgd,,NA,C:/GCMSsolution/Data/Project1/Campbell RMBL Data/Rainouts 2024/trapblanks_7152025_25.qgd,285598c3-63cc-47b3-b779-bce0b6411d55,1
412,2025-07-16T08:38:11Z,2025-07-16T15:42:49Z,2025-07-16T15:37:31Z,2025-07-16T15:37:31Z,Desorbed NA,1,1,1,1,0,318,9942,,blank1_7162025_01.qgd,,NA,C:/GCMSsolution/Data/Project1/Campbell RMBL Data/Rainouts 2024/blank1_7162025_01.qgd,60834083-f49f-4def-aaad-c555c2c704e4,1
413,2025-07-16T08:38:11Z,2025-07-16T16:13:17Z,2025-07-16T16:18:11Z,2025-07-16T16:13:17Z,Desorbed NA,2,2,2,2,0,294,1828,,JB_07172024_217_7162025_02.qgd,,NA,C:/GCMSsolution/Data/Project1/Campbell RMBL Data/Rainouts 2024/JB_07172024_217_7162025_02.qgd,60834083-f49f-4def-aaad-c555c2c704e4,1
414,2025-07-16T08:38:11Z,2025-07-16T16:49:05Z,2025-07-16T16:53:52Z,2025-07-16T16:49:05Z,Desorbed NA,4,3,3,3,0,287,2148,,JB_07172024_236_7162025_03.qgd,,NA,C:/GCMSsolution/Data/Project1/Campbell RMBL Data/Rainouts 2024/JB_07172024_236_7162025_03.qgd,60834083-f49f-4def-aaad-c555c2c704e4,1
415,2025-07-16T08:38:11Z,2025-07-16T17:24:48Z,2025-07-16T17:29:43Z,2025-07-16T17:24:48Z,Desorbed NA,5,4,4,4,0,295,2143,,JB_07172024_215_7162025_04.qgd,,NA,C:/GCMSsolution/Data/Project1/Campbell RMBL Data/Rainouts 2024/JB_07172024_215_7162025_04.qgd,60834083-f49f-4def-aaad-c555c2c704e4,1
416,2025-07-16T08:38:11Z,2025-07-16T18:00:46Z,2025-07-16T18:05:41Z,2025-07-16T18:00:46Z,Desorbed NA,6,5,5,5,0,295,2158,,JB_07172024_201_7162025_05.qgd,,NA,C:/GCMSsolution/Data/Project1/Campbell RMBL Data/Rainouts 2024/JB_07172024_201_7162025_05.qgd,60834083-f49f-4def-aaad-c555c2c704e4,1
417,2025-07-16T08:38:11Z,2025-07-16T18:36:56Z,2025-07-16T18:41:52Z,2025-07-16T18:36:56Z,Desorbed NA,7,6,6,6,0,296,2170,,JB_07172024_260_7162025_06.qgd,,NA,C:/GCMSsolution/Data/Project1/Campbell RMBL Data/Rainouts 2024/JB_07172024_260_7162025_06.qgd,60834083-f49f-4def-aaad-c555c2c704e4,1
418,2025-07-16T08:38:11Z,2025-07-16T19:13:22Z,2025-07-16T19:18:16Z,2025-07-16T19:13:22Z,Desorbed NA,8,7,7,7,0,294,2186,,JB_07172024_208_7162025_07.qgd,,NA,C:/GCMSsolution/Data/Project1/Campbell RMBL Data/Rainouts 2024/JB_07172024_208_7162025_07.qgd,60834083-f49f-4def-aaad-c555c2c704e4,1
419,2025-07-16T08:38:11Z,2025-07-16T19:50:15Z,2025-07-16T19:55:09Z,2025-07-16T19:50:15Z,Desorbed NA,9,8,8,8,0,294,2213,,JB_07172024_218_7162025_08.qgd,,NA,C:/GCMSsolution/Data/Project1/Campbell RMBL Data/Rainouts 2024/JB_07172024_218_7162025_08.qgd,60834083-f49f-4def-aaad-c555c2c704e4,1
420,2025-07-16T08:38:11Z,2025-07-16T20:27:26Z,2025-07-16T20:32:17Z,2025-07-16T20:27:26Z,Desorbed NA,10,9,9,9,0,291,2231,,JB_07172024_207_7162025_09.qgd,,NA,C:/GCMSsolution/Data/Project1/Campbell RMBL Data/Rainouts 2024/JB_07172024_207_7162025_09.qgd,60834083-f49f-4def-aaad-c555c2c704e4,1
421,2025-07-17T10:09:52Z,2025-07-17T17:13:32Z,NA,2025-07-17T17:13:32Z,Desorbed NA,11,1,NA,1,NA,NA,74766,,NA,,NA,NA,3cdcfe70-0c17-4add-b962-3e183c61c2a4,1
422,2025-07-17T10:09:52Z,2025-07-17T17:44:04Z,2025-07-17T17:49:01Z,2025-07-17T17:44:04Z,Desorbed NA,12,2,11,2,-9,297,1832,,JB_07172024_223_7162025_11.qgd,,NA,C:/GCMSsolution/Data/Project1/Campbell RMBL Data/Rainouts 2024/JB_07172024_223_7162025_11.qgd,3cdcfe70-0c17-4add-b962-3e183c61c2a4,1
423,2025-07-17T10:09:52Z,2025-07-17T18:20:24Z,2025-07-17T18:25:21Z,2025-07-17T18:20:24Z,Desorbed NA,13,3,12,3,-9,297,2180,,JB_07172024_216_7162025_12.qgd,,NA,C:/GCMSsolution/Data/Project1/Campbell RMBL Data/Rainouts 2024/JB_07172024_216_7162025_12.qgd,3cdcfe70-0c17-4add-b962-3e183c61c2a4,1
424,2025-07-17T10:09:52Z,2025-07-17T18:57:08Z,2025-07-17T19:01:46Z,2025-07-17T18:57:08Z,Desorbed NA,14,4,13,4,-9,278,2204,,JB_07172024_214_7162025_13.qgd,,NA,C:/GCMSsolution/Data/Project1/Campbell RMBL Data/Rainouts 2024/JB_07172024_214_7162025_13.qgd,3cdcfe70-0c17-4add-b962-3e183c61c2a4,1
425,2025-07-17T10:09:52Z,2025-07-17T19:33:45Z,2025-07-17T19:38:40Z,2025-07-17T19:33:45Z,Desorbed NA,15,5,14,5,-9,295,2197,,JB_07172024_155_7162025_14.qgd,,NA,C:/GCMSsolution/Data/Project1/Campbell RMBL Data/Rainouts 2024/JB_07172024_155_7162025_14.qgd,3cdcfe70-0c17-4add-b962-3e183c61c2a4,1
426,2025-07-17T10:09:52Z,2025-07-17T20:10:39Z,2025-07-17T20:15:33Z,2025-07-17T20:10:39Z,Desorbed NA,16,6,15,6,-9,294,2214,,JB_07172024_161_7162025_15.qgd,,NA,C:/GCMSsolution/Data/Project1/Campbell RMBL Data/Rainouts 2024/JB_07172024_161_7162025_15.qgd,3cdcfe70-0c17-4add-b962-3e183c61c2a4,1
427,2025-07-17T10:09:52Z,2025-07-17T20:47:30Z,2025-07-17T20:52:24Z,2025-07-17T20:47:30Z,Desorbed NA,17,7,16,7,-9,294,2211,,JB_07172024_183_7162025_16.qgd,,NA,C:/GCMSsolution/Data/Project1/Campbell RMBL Data/Rainouts 2024/JB_07172024_183_7162025_16.qgd,3cdcfe70-0c17-4add-b962-3e183c61c2a4,1
428,2025-07-17T10:09:52Z,2025-07-17T21:24:22Z,2025-07-17T21:29:17Z,2025-07-17T21:24:22Z,Desorbed NA,18,8,17,8,-9,295,2212,,JB_07172024_159_7162025_17.qgd,,NA,C:/GCMSsolution/Data/Project1/Campbell RMBL Data/Rainouts 2024/JB_07172024_159_7162025_17.qgd,3cdcfe70-0c17-4add-b962-3e183c61c2a4,1
429,2025-07-17T10:09:52Z,2025-07-17T22:01:17Z,2025-07-17T22:05:58Z,2025-07-17T22:01:17Z,Desorbed NA,19,9,18,9,-9,281,2215,,JB_07172024_184_7162025_18.qgd,,NA,C:/GCMSsolution/Data/Project1/Campbell RMBL Data/Rainouts 2024/JB_07172024_184_7162025_18.qgd,3cdcfe70-0c17-4add-b962-3e183c61c2a4,1
430,2025-07-17T10:09:52Z,2025-07-17T22:38:14Z,2025-07-17T22:42:52Z,2025-07-17T22:38:14Z,Leak-test failure High Pressure Leak Failure,20,10,19,10,-9,278,2217,leak-blank,JB_07172024_187redo_7162025_19.qgd,,NA,C:/GCMSsolution/Data/Project1/Campbell RMBL Data/Rainouts 2024/JB_07172024_187redo_7162025_19.qgd,3cdcfe70-0c17-4add-b962-3e183c61c2a4,1
431,2025-07-17T10:09:52Z,2025-07-17T23:15:11Z,2025-07-17T23:18:34Z,2025-07-17T23:15:11Z,Desorbed NA,21,11,20,11,-9,203,2217,,JB_07172024_234_7162025_20.qgd,,NA,C:/GCMSsolution/Data/Project1/Campbell RMBL Data/Rainouts 2024/JB_07172024_234_7162025_20.qgd,3cdcfe70-0c17-4add-b962-3e183c61c2a4,1
432,2025-07-17T10:09:52Z,2025-07-17T23:50:54Z,2025-07-17T23:55:41Z,2025-07-17T23:50:54Z,Desorbed NA,22,12,21,12,-9,287,2143,,JB_07172024_197_7162025_21.qgd,,NA,C:/GCMSsolution/Data/Project1/Campbell RMBL Data/Rainouts 2024/JB_07172024_197_7162025_21.qgd,3cdcfe70-0c17-4add-b962-3e183c61c2a4,1
433,2025-07-17T10:09:52Z,2025-07-18T00:27:04Z,2025-07-18T00:32:01Z,2025-07-18T00:27:04Z,Desorbed NA,23,13,22,13,-9,297,2170,,JB_07172024_219_7162025_22.qgd,,NA,C:/GCMSsolution/Data/Project1/Campbell RMBL Data/Rainouts 2024/JB_07172024_219_7162025_22.qgd,3cdcfe70-0c17-4add-b962-3e183c61c2a4,1
434,2025-07-17T10:09:52Z,2025-07-18T01:04:23Z,2025-07-18T01:09:21Z,2025-07-18T01:04:23Z,Desorbed NA,24,14,23,14,-9,298,2239,,JB_07172024_160_7162025_23.qgd,,NA,C:/GCMSsolution/Data/Project1/Campbell RMBL Data/Rainouts 2024/JB_07172024_160_7162025_23.qgd,3cdcfe70-0c17-4add-b962-3e183c61c2a4,1
435,2025-07-17T10:09:52Z,2025-07-18T01:41:39Z,2025-07-18T01:46:23Z,2025-07-18T01:41:39Z,Desorbed NA,25,15,24,15,-9,284,2236,,JB_07172024_185_7162025_24.qgd,,NA,C:/GCMSsolution/Data/Project1/Campbell RMBL Data/Rainouts 2024/JB_07172024_185_7162025_24.qgd,3cdcfe70-0c17-4add-b962-3e183c61c2a4,1
436,2025-07-17T19:56:53Z,2025-07-18T03:01:26Z,2025-07-18T02:56:19Z,2025-07-18T02:56:19Z,Desorbed NA,1,1,1,1,0,307,4787,,blank1_7172025_01.qgd,,NA,C:/GCMSsolution/Data/Project1/Campbell RMBL Data/Rainouts 2024/blank1_7172025_01.qgd,3e438942-0901-4b60-9aef-f7e9cda6706f,1
437,2025-07-17T19:56:53Z,2025-07-18T03:31:51Z,2025-07-18T03:36:47Z,2025-07-18T03:31:51Z,Desorbed NA,2,2,2,2,0,296,1825,,JB_07172024_230_7172025_02.qgd,,NA,C:/GCMSsolution/Data/Project1/Campbell RMBL Data/Rainouts 2024/JB_07172024_230_7172025_02.qgd,3e438942-0901-4b60-9aef-f7e9cda6706f,1
438,2025-07-17T19:56:53Z,2025-07-18T04:08:41Z,2025-07-18T04:13:36Z,2025-07-18T04:08:41Z,Desorbed NA,4,3,3,3,0,295,2210,,JB_07172024_163_7172025_03.qgd,,NA,C:/GCMSsolution/Data/Project1/Campbell RMBL Data/Rainouts 2024/JB_07172024_163_7172025_03.qgd,3e438942-0901-4b60-9aef-f7e9cda6706f,1
439,2025-07-17T19:56:53Z,2025-07-18T04:45:22Z,2025-07-18T04:50:17Z,2025-07-18T04:45:22Z,Desorbed NA,5,4,4,4,0,295,2201,,JB_07172024_188_7172025_04.qgd,,NA,C:/GCMSsolution/Data/Project1/Campbell RMBL Data/Rainouts 2024/JB_07172024_188_7172025_04.qgd,3e438942-0901-4b60-9aef-f7e9cda6706f,1
440,2025-07-17T19:56:53Z,2025-07-18T05:21:49Z,2025-07-18T05:26:45Z,2025-07-18T05:21:49Z,Desorbed NA,6,5,5,5,0,296,2187,,JB_07172024_182_7172025_05.qgd,,NA,C:/GCMSsolution/Data/Project1/Campbell RMBL Data/Rainouts 2024/JB_07172024_182_7172025_05.qgd,3e438942-0901-4b60-9aef-f7e9cda6706f,1
441,2025-07-17T19:56:53Z,2025-07-18T05:58:05Z,2025-07-18T06:03:02Z,2025-07-18T05:58:05Z,Desorbed NA,7,6,6,6,0,297,2176,,JB_07172024_171_7172025_06.qgd,,NA,C:/GCMSsolution/Data/Project1/Campbell RMBL Data/Rainouts 2024/JB_07172024_171_7172025_06.qgd,3e438942-0901-4b60-9aef-f7e9cda6706f,1
442,2025-07-17T19:56:53Z,2025-07-18T06:34:21Z,2025-07-18T06:39:17Z,2025-07-18T06:34:21Z,Desorbed NA,8,7,7,7,0,296,2176,,JB_07172024_193_7172025_07.qgd,,NA,C:/GCMSsolution/Data/Project1/Campbell RMBL Data/Rainouts 2024/JB_07172024_193_7172025_07.qgd,3e438942-0901-4b60-9aef-f7e9cda6706f,1
443,2025-07-17T19:56:53Z,2025-07-18T07:10:37Z,2025-07-18T07:15:33Z,2025-07-18T07:10:37Z,Desorbed NA,9,8,8,8,0,296,2176,,JB_07172024_169_7172025_08.qgd,,NA,C:/GCMSsolution/Data/Project1/Campbell RMBL Data/Rainouts 2024/JB_07172024_169_7172025_08.qgd,3e438942-0901-4b60-9aef-f7e9cda6706f,1
444,2025-07-17T19:56:53Z,2025-07-18T07:46:47Z,2025-07-18T07:51:40Z,2025-07-18T07:46:47Z,Desorbed NA,10,9,9,9,0,293,2170,,JB_07172024_154_7172025_09.qgd,,NA,C:/GCMSsolution/Data/Project1/Campbell RMBL Data/Rainouts 2024/JB_07172024_154_7172025_09.qgd,3e438942-0901-4b60-9aef-f7e9cda6706f,1
445,2025-07-17T19:56:53Z,2025-07-18T08:23:50Z,2025-07-18T08:27:35Z,2025-07-18T08:23:50Z,Desorbed NA,11,10,10,10,0,225,2223,,JB_07172024_167_7172025_10.qgd,,NA,C:/GCMSsolution/Data/Project1/Campbell RMBL Data/Rainouts 2024/JB_07172024_167_7172025_10.qgd,3e438942-0901-4b60-9aef-f7e9cda6706f,1
446,2025-07-17T19:56:53Z,2025-07-18T08:58:30Z,2025-07-18T09:03:26Z,2025-07-18T08:58:30Z,Desorbed NA,12,11,11,11,0,296,2080,,JB_07172024_166_7172025_11.qgd,,NA,C:/GCMSsolution/Data/Project1/Campbell RMBL Data/Rainouts 2024/JB_07172024_166_7172025_11.qgd,3e438942-0901-4b60-9aef-f7e9cda6706f,1
447,2025-07-17T19:56:53Z,NA,NA,NA,NA NA,13,12,NA,12,NA,NA,NA,skip-notrun,NA,JB_07172024_682_7172025_12.qgd,NA,NA,3e438942-0901-4b60-9aef-f7e9cda6706f,1
448,2025-07-17T19:56:53Z,2025-07-18T09:34:21Z,2025-07-18T09:39:12Z,2025-07-18T09:34:21Z,Desorbed NA,14,13,12,12,1,291,NA,skip-rename,JB_07172024_682_7172025_12.qgd,?,NA,C:/GCMSsolution/Data/Project1/Campbell RMBL Data/Rainouts 2024/JB_07172024_682_7172025_12.qgd,3e438942-0901-4b60-9aef-f7e9cda6706f,1
449,2025-07-18T09:35:02Z,2025-07-18T16:39:40Z,2025-07-18T16:34:48Z,2025-07-18T16:34:48Z,Desorbed NA,1,1,1,1,0,292,25519,,blank1_7182025_01.qgd,,Martin,C:/GCMSsolution/Data/Project1/Campbell RMBL Data/Ipomopsis 2025/blank1_7182025_01.qgd,f49ad6b3-0554-49a3-ab51-e66a92476567,1
450,2025-07-18T09:35:02Z,2025-07-18T17:10:13Z,2025-07-18T17:10:44Z,2025-07-18T17:10:13Z,Desorbed NA,2,2,2,2,0,31,1833,,Ihyb_07102025_N_238-25_7182025_02.qgd,,Martin,C:/GCMSsolution/Data/Project1/Campbell RMBL Data/Ipomopsis 2025/Ihyb_07102025_N_238-25_7182025_02.qgd,f49ad6b3-0554-49a3-ab51-e66a92476567,1
451,2025-07-18T09:35:02Z,2025-07-18T17:41:32Z,2025-07-18T17:42:06Z,2025-07-18T17:41:32Z,Desorbed NA,4,3,3,3,0,34,1879,,Ihyb_07102025_N_243-25_7182025_03.qgd,,Martin,C:/GCMSsolution/Data/Project1/Campbell RMBL Data/Ipomopsis 2025/Ihyb_07102025_N_243-25_7182025_03.qgd,f49ad6b3-0554-49a3-ab51-e66a92476567,1
452,2025-07-18T09:35:02Z,2025-07-18T18:13:22Z,2025-07-18T18:13:51Z,2025-07-18T18:13:22Z,Desorbed NA,5,4,4,4,0,29,1910,,Ihyb_07102025_N_246-25_7182025_04.qgd,,Martin,C:/GCMSsolution/Data/Project1/Campbell RMBL Data/Ipomopsis 2025/Ihyb_07102025_N_246-25_7182025_04.qgd,f49ad6b3-0554-49a3-ab51-e66a92476567,1
453,2025-07-18T09:35:02Z,2025-07-18T18:45:14Z,2025-07-18T18:45:53Z,2025-07-18T18:45:14Z,Desorbed NA,6,5,5,5,0,39,1912,,Ihyb_07102025_N_239-25_7182025_05.qgd,,Martin,C:/GCMSsolution/Data/Project1/Campbell RMBL Data/Ipomopsis 2025/Ihyb_07102025_N_239-25_7182025_05.qgd,f49ad6b3-0554-49a3-ab51-e66a92476567,1
454,2025-07-18T13:18:28Z,2025-07-18T20:23:02Z,2025-07-18T20:17:59Z,2025-07-18T20:17:59Z,Desorbed NA,1,1,1,1,0,303,5868,,blank1_7182025_01.qgd,,NA,C:/GCMSsolution/Data/Project1/Campbell RMBL Data/Rainouts 2024/blank1_7182025_01.qgd,9ded0428-7aba-4090-9d54-d22f56457b87,1
455,2025-07-18T13:18:28Z,2025-07-18T20:53:43Z,2025-07-18T20:58:35Z,2025-07-18T20:53:43Z,Desorbed NA,2,2,2,2,0,292,1841,,JB_07232024_31_7182025_02.qgd,,NA,C:/GCMSsolution/Data/Project1/Campbell RMBL Data/Rainouts 2024/JB_07232024_31_7182025_02.qgd,9ded0428-7aba-4090-9d54-d22f56457b87,1
456,2025-07-18T13:18:28Z,2025-07-18T21:31:00Z,2025-07-18T21:35:46Z,2025-07-18T21:31:00Z,Desorbed NA,4,3,3,3,0,286,2237,,JB_07232024_78_7182025_03.qgd,,NA,C:/GCMSsolution/Data/Project1/Campbell RMBL Data/Rainouts 2024/JB_07232024_78_7182025_03.qgd,9ded0428-7aba-4090-9d54-d22f56457b87,1
457,2025-07-18T13:18:28Z,2025-07-18T22:08:29Z,2025-07-18T22:13:25Z,2025-07-18T22:08:29Z,Desorbed NA,5,4,4,4,0,296,2249,,JB_07232024_574_7182025_04.qgd,,NA,C:/GCMSsolution/Data/Project1/Campbell RMBL Data/Rainouts 2024/JB_07232024_574_7182025_04.qgd,9ded0428-7aba-4090-9d54-d22f56457b87,1
458,2025-07-18T13:18:28Z,2025-07-18T22:45:20Z,2025-07-18T22:50:18Z,2025-07-18T22:45:20Z,Desorbed NA,6,5,5,5,0,298,2211,,JB_07232024_71_7182025_05.qgd,,NA,C:/GCMSsolution/Data/Project1/Campbell RMBL Data/Rainouts 2024/JB_07232024_71_7182025_05.qgd,9ded0428-7aba-4090-9d54-d22f56457b87,1
459,2025-07-18T13:18:28Z,2025-07-18T23:22:08Z,2025-07-18T23:27:03Z,2025-07-18T23:22:08Z,Desorbed NA,7,6,6,6,0,295,2208,,JB_07232024_573_7182025_06.qgd,,NA,C:/GCMSsolution/Data/Project1/Campbell RMBL Data/Rainouts 2024/JB_07232024_573_7182025_06.qgd,9ded0428-7aba-4090-9d54-d22f56457b87,1
460,2025-07-18T13:18:28Z,2025-07-18T23:58:50Z,2025-07-19T00:03:44Z,2025-07-18T23:58:50Z,Desorbed NA,8,7,7,7,0,294,2202,,JB_07232024_38_7182025_07.qgd,,NA,C:/GCMSsolution/Data/Project1/Campbell RMBL Data/Rainouts 2024/JB_07232024_38_7182025_07.qgd,9ded0428-7aba-4090-9d54-d22f56457b87,1
461,2025-07-18T13:18:28Z,2025-07-19T00:35:51Z,2025-07-19T00:40:45Z,2025-07-19T00:35:51Z,Desorbed NA,9,8,8,8,0,294,2221,,JB_07232024_113_7182025_08.qgd,,NA,C:/GCMSsolution/Data/Project1/Campbell RMBL Data/Rainouts 2024/JB_07232024_113_7182025_08.qgd,9ded0428-7aba-4090-9d54-d22f56457b87,1
462,2025-07-18T13:18:28Z,2025-07-19T01:12:47Z,2025-07-19T01:17:32Z,2025-07-19T01:12:47Z,Desorbed NA,10,9,9,9,0,285,2216,,JB_07232024_32_7182025_09.qgd,,NA,C:/GCMSsolution/Data/Project1/Campbell RMBL Data/Rainouts 2024/JB_07232024_32_7182025_09.qgd,9ded0428-7aba-4090-9d54-d22f56457b87,1
463,2025-07-18T13:18:28Z,2025-07-19T01:50:20Z,2025-07-19T01:54:21Z,2025-07-19T01:50:20Z,Desorbed NA,11,10,10,10,0,241,2253,,JB_07232024_76_7182025_10.qgd,,NA,C:/GCMSsolution/Data/Project1/Campbell RMBL Data/Rainouts 2024/JB_07232024_76_7182025_10.qgd,9ded0428-7aba-4090-9d54-d22f56457b87,1
464,2025-07-18T13:18:28Z,2025-07-19T02:26:13Z,2025-07-19T02:31:10Z,2025-07-19T02:26:13Z,Desorbed NA,12,11,11,11,0,297,2153,,JB_07232024_73_7182025_11.qgd,,NA,C:/GCMSsolution/Data/Project1/Campbell RMBL Data/Rainouts 2024/JB_07232024_73_7182025_11.qgd,9ded0428-7aba-4090-9d54-d22f56457b87,1
465,2025-07-18T13:18:28Z,2025-07-19T03:02:52Z,2025-07-19T03:07:45Z,2025-07-19T03:02:52Z,Desorbed NA,13,12,12,12,0,293,2199,,JB_07172024_682redo_7182025_12.qgd,,NA,C:/GCMSsolution/Data/Project1/Campbell RMBL Data/Rainouts 2024/JB_07172024_682redo_7182025_12.qgd,9ded0428-7aba-4090-9d54-d22f56457b87,1
466,2025-07-18T13:18:28Z,2025-07-19T03:38:58Z,2025-07-19T03:44:17Z,2025-07-19T03:38:58Z,NA Leak Test Pressurise Failed,14,13,13,13,0,318.5,2166.5,leak-blank,JB_07232024_286_7182025_13.qgd,,NA,C:/GCMSsolution/Data/Project1/Campbell RMBL Data/Rainouts 2024/JB_07232024_286_7182025_13.qgd,9ded0428-7aba-4090-9d54-d22f56457b87,1
467,2025-07-18T13:18:28Z,2025-07-19T04:15:05Z,2025-07-19T04:19:24Z,2025-07-19T04:15:05Z,Desorbed NA,15,14,14,14,0,259,2166.5,,JB_07232024_276_7182025_14.qgd,,NA,C:/GCMSsolution/Data/Project1/Campbell RMBL Data/Rainouts 2024/JB_07232024_276_7182025_14.qgd,9ded0428-7aba-4090-9d54-d22f56457b87,1
468,2025-07-18T13:18:28Z,2025-07-19T04:50:40Z,2025-07-19T04:55:36Z,2025-07-19T04:50:40Z,Desorbed NA,16,15,15,15,0,296,2135,,JB_07232024_106_7182025_15.qgd,,NA,C:/GCMSsolution/Data/Project1/Campbell RMBL Data/Rainouts 2024/JB_07232024_106_7182025_15.qgd,9ded0428-7aba-4090-9d54-d22f56457b87,1
469,2025-07-18T13:18:28Z,2025-07-19T05:26:41Z,2025-07-19T05:31:34Z,2025-07-19T05:26:41Z,Desorbed NA,17,16,16,16,0,293,2161,,JB_07232024_59_7182025_16.qgd,,NA,C:/GCMSsolution/Data/Project1/Campbell RMBL Data/Rainouts 2024/JB_07232024_59_7182025_16.qgd,9ded0428-7aba-4090-9d54-d22f56457b87,1
470,2025-07-18T13:18:28Z,2025-07-19T06:02:29Z,2025-07-19T06:07:19Z,2025-07-19T06:02:29Z,Desorbed NA,18,17,17,17,0,290,2148,,JB_07232024_105_7182025_17.qgd,,NA,C:/GCMSsolution/Data/Project1/Campbell RMBL Data/Rainouts 2024/JB_07232024_105_7182025_17.qgd,9ded0428-7aba-4090-9d54-d22f56457b87,1
471,2025-07-18T13:18:28Z,2025-07-19T06:38:07Z,2025-07-19T06:43:04Z,2025-07-19T06:38:07Z,Desorbed NA,19,18,18,18,0,297,2138,,JB_07232024_6_7182025_18.qgd,,NA,C:/GCMSsolution/Data/Project1/Campbell RMBL Data/Rainouts 2024/JB_07232024_6_7182025_18.qgd,9ded0428-7aba-4090-9d54-d22f56457b87,1
472,2025-07-18T13:18:28Z,2025-07-19T07:13:41Z,2025-07-19T07:18:32Z,2025-07-19T07:13:41Z,Desorbed NA,20,19,19,19,0,291,2134,,JB_07232024_37_7182025_19.qgd,,NA,C:/GCMSsolution/Data/Project1/Campbell RMBL Data/Rainouts 2024/JB_07232024_37_7182025_19.qgd,9ded0428-7aba-4090-9d54-d22f56457b87,1
473,2025-07-21T09:19:56Z,2025-07-21T16:24:36Z,2025-07-21T16:19:27Z,2025-07-21T16:19:27Z,Desorbed NA,1,1,1,1,0,309,205855,,blank1_7212025_01.qgd,,NA,C:/GCMSsolution/Data/Project1/Campbell RMBL Data/Rainouts 2024/blank1_7212025_01.qgd,900ce63e-5ccd-4674-a79d-bea51b082ef9,1
474,2025-07-21T09:19:56Z,2025-07-21T16:55:04Z,2025-07-21T16:59:50Z,2025-07-21T16:55:04Z,Desorbed NA,2,2,2,2,0,286,1828,,JB_07232024_571_7212025_02.qgd,,NA,C:/GCMSsolution/Data/Project1/Campbell RMBL Data/Rainouts 2024/JB_07232024_571_7212025_02.qgd,900ce63e-5ccd-4674-a79d-bea51b082ef9,1
475,2025-07-21T09:19:56Z,2025-07-21T17:30:23Z,2025-07-21T17:35:16Z,2025-07-21T17:30:23Z,Desorbed NA,4,3,3,3,0,293,2119,,JB_07232024_565_7212025_03.qgd,,NA,C:/GCMSsolution/Data/Project1/Campbell RMBL Data/Rainouts 2024/JB_07232024_565_7212025_03.qgd,900ce63e-5ccd-4674-a79d-bea51b082ef9,1
476,2025-07-21T09:19:56Z,2025-07-21T18:06:03Z,2025-07-21T18:10:57Z,2025-07-21T18:06:03Z,Desorbed NA,5,4,4,4,0,294,2140,,JB_07232024_277_7212025_04.qgd,,NA,C:/GCMSsolution/Data/Project1/Campbell RMBL Data/Rainouts 2024/JB_07232024_277_7212025_04.qgd,900ce63e-5ccd-4674-a79d-bea51b082ef9,1
477,2025-07-21T09:19:56Z,2025-07-21T18:41:56Z,2025-07-21T18:46:51Z,2025-07-21T18:41:56Z,Desorbed NA,6,5,5,5,0,295,2153,,JB_07232024_564_7212025_05.qgd,,NA,C:/GCMSsolution/Data/Project1/Campbell RMBL Data/Rainouts 2024/JB_07232024_564_7212025_05.qgd,900ce63e-5ccd-4674-a79d-bea51b082ef9,1
478,2025-07-21T09:19:56Z,2025-07-21T19:18:04Z,2025-07-21T19:23:02Z,2025-07-21T19:18:04Z,Desorbed NA,7,6,6,6,0,298,2168,,JB_07232024_101_7212025_06.qgd,,NA,C:/GCMSsolution/Data/Project1/Campbell RMBL Data/Rainouts 2024/JB_07232024_101_7212025_06.qgd,900ce63e-5ccd-4674-a79d-bea51b082ef9,1
479,2025-07-21T09:19:56Z,2025-07-21T19:54:26Z,2025-07-21T19:59:20Z,2025-07-21T19:54:26Z,Desorbed NA,8,7,7,7,0,294,2182,,JB_07232024_575_7212025_07.qgd,,NA,C:/GCMSsolution/Data/Project1/Campbell RMBL Data/Rainouts 2024/JB_07232024_575_7212025_07.qgd,900ce63e-5ccd-4674-a79d-bea51b082ef9,1
480,2025-07-21T09:19:56Z,2025-07-21T20:30:55Z,2025-07-21T20:35:47Z,2025-07-21T20:30:55Z,Desorbed NA,9,8,8,8,0,292,2189,,JB_07232024_570_7212025_08.qgd,,NA,C:/GCMSsolution/Data/Project1/Campbell RMBL Data/Rainouts 2024/JB_07232024_570_7212025_08.qgd,900ce63e-5ccd-4674-a79d-bea51b082ef9,1
481,2025-07-21T09:19:56Z,2025-07-21T21:07:33Z,2025-07-21T21:12:17Z,2025-07-21T21:07:33Z,Desorbed NA,10,9,9,9,0,284,2198,,JB_07232024_569_7212025_09.qgd,,NA,C:/GCMSsolution/Data/Project1/Campbell RMBL Data/Rainouts 2024/JB_07232024_569_7212025_09.qgd,900ce63e-5ccd-4674-a79d-bea51b082ef9,1
482,2025-07-21T09:19:56Z,2025-07-21T21:45:06Z,2025-07-21T21:49:06Z,2025-07-21T21:45:06Z,Desorbed NA,11,10,10,10,0,240,2253,,JB_07232024_550_7212025_10.qgd,,NA,C:/GCMSsolution/Data/Project1/Campbell RMBL Data/Rainouts 2024/JB_07232024_550_7212025_10.qgd,900ce63e-5ccd-4674-a79d-bea51b082ef9,1
483,2025-07-21T09:19:56Z,2025-07-21T22:21:09Z,2025-07-21T22:25:55Z,2025-07-21T22:21:09Z,Desorbed NA,12,11,11,11,0,286,2163,,JB_07232024_560_7212025_11.qgd,,NA,C:/GCMSsolution/Data/Project1/Campbell RMBL Data/Rainouts 2024/JB_07232024_560_7212025_11.qgd,900ce63e-5ccd-4674-a79d-bea51b082ef9,1
484,2025-07-21T09:19:56Z,2025-07-21T22:58:13Z,2025-07-21T23:03:08Z,2025-07-21T22:58:13Z,Desorbed NA,13,12,12,12,0,295,2224,,JB_07172024_549_7212025_12.qgd,,NA,C:/GCMSsolution/Data/Project1/Campbell RMBL Data/Rainouts 2024/JB_07172024_549_7212025_12.qgd,900ce63e-5ccd-4674-a79d-bea51b082ef9,1
485,2025-07-21T09:19:56Z,2025-07-21T23:35:42Z,2025-07-21T23:40:22Z,2025-07-21T23:35:42Z,Desorbed NA,14,13,13,13,0,280,2249,,JB_07232024_286redo_7212025_13.qgd,,NA,C:/GCMSsolution/Data/Project1/Campbell RMBL Data/Rainouts 2024/JB_07232024_286redo_7212025_13.qgd,900ce63e-5ccd-4674-a79d-bea51b082ef9,1
486,2025-07-21T09:19:56Z,2025-07-22T00:12:43Z,2025-07-22T00:17:37Z,2025-07-22T00:12:43Z,Desorbed NA,15,14,14,14,0,294,2221,,JB_07232024_559_7212025_14.qgd,,NA,C:/GCMSsolution/Data/Project1/Campbell RMBL Data/Rainouts 2024/JB_07232024_559_7212025_14.qgd,900ce63e-5ccd-4674-a79d-bea51b082ef9,1
487,2025-07-21T09:19:56Z,2025-07-22T00:49:48Z,2025-07-22T00:54:42Z,2025-07-22T00:49:48Z,Desorbed NA,16,15,15,15,0,294,2225,,JB_07232024_552_7212025_15.qgd,,NA,C:/GCMSsolution/Data/Project1/Campbell RMBL Data/Rainouts 2024/JB_07232024_552_7212025_15.qgd,900ce63e-5ccd-4674-a79d-bea51b082ef9,1
488,2025-07-21T09:19:56Z,2025-07-22T01:26:45Z,2025-07-22T01:31:39Z,2025-07-22T01:26:45Z,Desorbed NA,17,16,16,16,0,294,2217,,JB_07232024_553_7212025_16.qgd,,NA,C:/GCMSsolution/Data/Project1/Campbell RMBL Data/Rainouts 2024/JB_07232024_553_7212025_16.qgd,900ce63e-5ccd-4674-a79d-bea51b082ef9,1
489,2025-07-21T09:19:56Z,2025-07-22T02:03:49Z,2025-07-22T02:08:41Z,2025-07-22T02:03:49Z,Desorbed NA,18,17,17,17,0,292,2224,,JB_07232024_561_7212025_17.qgd,,NA,C:/GCMSsolution/Data/Project1/Campbell RMBL Data/Rainouts 2024/JB_07232024_561_7212025_17.qgd,900ce63e-5ccd-4674-a79d-bea51b082ef9,1
490,2025-07-21T09:19:56Z,2025-07-22T02:40:49Z,2025-07-22T02:45:48Z,2025-07-22T02:40:49Z,Desorbed NA,19,18,18,18,0,299,2220,,JB_07232024_568_7212025_18.qgd,,NA,C:/GCMSsolution/Data/Project1/Campbell RMBL Data/Rainouts 2024/JB_07232024_568_7212025_18.qgd,900ce63e-5ccd-4674-a79d-bea51b082ef9,1
491,2025-07-21T09:19:56Z,2025-07-22T03:17:38Z,2025-07-22T03:22:24Z,2025-07-22T03:17:38Z,Desorbed NA,20,19,19,19,0,286,2209,,JB_07232024_557_7212025_19.qgd,,NA,C:/GCMSsolution/Data/Project1/Campbell RMBL Data/Rainouts 2024/JB_07232024_557_7212025_19.qgd,900ce63e-5ccd-4674-a79d-bea51b082ef9,1
492,2025-07-22T09:38:46Z,2025-07-22T16:43:26Z,2025-07-22T16:38:18Z,2025-07-22T16:38:18Z,Desorbed NA,1,1,1,1,0,308,48348,,blank1_7222025_01.qgd,,NA,C:/GCMSsolution/Data/Project1/Campbell RMBL Data/Rainouts 2024/blank1_7222025_01.qgd,e6c25cbd-bd99-4777-b9c2-9746ec8cc922,1
493,2025-07-22T09:38:46Z,2025-07-22T17:13:59Z,2025-07-22T17:18:46Z,2025-07-22T17:13:59Z,Desorbed NA,2,2,2,2,0,287,1833,,JB_07232024_312_7222025_02.qgd,,NA,C:/GCMSsolution/Data/Project1/Campbell RMBL Data/Rainouts 2024/JB_07232024_312_7222025_02.qgd,e6c25cbd-bd99-4777-b9c2-9746ec8cc922,1
494,2025-07-22T09:38:46Z,2025-07-22T17:49:32Z,2025-07-22T17:54:21Z,2025-07-22T17:49:32Z,Desorbed NA,4,3,3,3,0,289,2133,,JB_07232024_34_7222025_03.qgd,,NA,C:/GCMSsolution/Data/Project1/Campbell RMBL Data/Rainouts 2024/JB_07232024_34_7222025_03.qgd,e6c25cbd-bd99-4777-b9c2-9746ec8cc922,1
495,2025-07-22T09:38:46Z,2025-07-22T18:25:16Z,2025-07-22T18:30:12Z,2025-07-22T18:25:16Z,Desorbed NA,5,4,4,4,0,296,2144,,JB_07232024_240_7222025_04.qgd,,NA,C:/GCMSsolution/Data/Project1/Campbell RMBL Data/Rainouts 2024/JB_07232024_240_7222025_04.qgd,e6c25cbd-bd99-4777-b9c2-9746ec8cc922,1
496,2025-07-22T09:38:46Z,NA,NA,NA,NA NA,6,5,NA,5,NA,NA,NA,skip-notrun,NA,,NA,NA,e6c25cbd-bd99-4777-b9c2-9746ec8cc922,1
497,2025-07-22T09:38:46Z,2025-07-22T19:01:14Z,2025-07-22T19:06:09Z,2025-07-22T19:01:14Z,Desorbed NA,7,6,5,5,1,295,NA,,JB_07232024_289_7222025_05.qgd,,NA,C:/GCMSsolution/Data/Project1/Campbell RMBL Data/Rainouts 2024/JB_07232024_289_7222025_05.qgd,e6c25cbd-bd99-4777-b9c2-9746ec8cc922,1
498,2025-07-22T09:38:46Z,2025-07-22T19:37:29Z,2025-07-22T19:42:15Z,2025-07-22T19:37:29Z,Desorbed NA,8,7,6,6,1,286,2175,,JB_07232024_285_7222025_06.qgd,,NA,C:/GCMSsolution/Data/Project1/Campbell RMBL Data/Rainouts 2024/JB_07232024_285_7222025_06.qgd,e6c25cbd-bd99-4777-b9c2-9746ec8cc922,1
499,2025-07-22T09:38:46Z,2025-07-22T20:13:43Z,2025-07-22T20:18:39Z,2025-07-22T20:13:43Z,Desorbed NA,9,8,7,7,1,296,2174,,JB_07232024_293_7222025_07.qgd,,NA,C:/GCMSsolution/Data/Project1/Campbell RMBL Data/Rainouts 2024/JB_07232024_293_7222025_07.qgd,e6c25cbd-bd99-4777-b9c2-9746ec8cc922,1
500,2025-07-22T09:38:46Z,2025-07-22T20:50:22Z,2025-07-22T20:55:19Z,2025-07-22T20:50:22Z,Desorbed NA,10,9,8,8,1,297,2199,,JB_07232024_282_7222025_08.qgd,,NA,C:/GCMSsolution/Data/Project1/Campbell RMBL Data/Rainouts 2024/JB_07232024_282_7222025_08.qgd,e6c25cbd-bd99-4777-b9c2-9746ec8cc922,1
501,2025-07-22T09:38:46Z,2025-07-22T21:28:12Z,2025-07-22T21:32:12Z,2025-07-22T21:28:12Z,Desorbed NA,11,10,9,9,1,240,2270,,JB_07232024_275_7222025_09.qgd,,NA,C:/GCMSsolution/Data/Project1/Campbell RMBL Data/Rainouts 2024/JB_07232024_275_7222025_09.qgd,e6c25cbd-bd99-4777-b9c2-9746ec8cc922,1
502,2025-07-22T09:38:46Z,2025-07-22T22:04:19Z,2025-07-22T22:09:05Z,2025-07-22T22:04:19Z,Desorbed NA,12,11,10,10,1,286,2167,,JB_07232024_291_7222025_10.qgd,,NA,C:/GCMSsolution/Data/Project1/Campbell RMBL Data/Rainouts 2024/JB_07232024_291_7222025_10.qgd,e6c25cbd-bd99-4777-b9c2-9746ec8cc922,1
503,2025-07-22T09:38:46Z,2025-07-22T22:41:20Z,2025-07-22T22:46:23Z,2025-07-22T22:41:20Z,Desorbed NA,13,12,11,11,1,303,2221,,JB_07232024_294_7222025_11.qgd,,NA,C:/GCMSsolution/Data/Project1/Campbell RMBL Data/Rainouts 2024/JB_07232024_294_7222025_11.qgd,e6c25cbd-bd99-4777-b9c2-9746ec8cc922,1
504,2025-07-22T09:38:46Z,2025-07-22T23:18:18Z,2025-07-22T23:23:42Z,2025-07-22T23:18:18Z,Leak-test failure High Pressure Leak Failure,14,13,12,12,1,323.5,2218.5,leak-blank,JB_07172024_288_7222025_12.qgd,,NA,C:/GCMSsolution/Data/Project1/Campbell RMBL Data/Rainouts 2024/JB_07172024_288_7222025_12.qgd,e6c25cbd-bd99-4777-b9c2-9746ec8cc922,1
505,2025-07-22T09:38:46Z,2025-07-22T23:55:17Z,2025-07-22T23:59:36Z,2025-07-22T23:55:17Z,Desorbed NA,15,14,13,13,1,259,2218.5,,JB_07232024_246_7222025_13.qgd,,NA,C:/GCMSsolution/Data/Project1/Campbell RMBL Data/Rainouts 2024/JB_07232024_246_7222025_13.qgd,e6c25cbd-bd99-4777-b9c2-9746ec8cc922,1
506,2025-07-22T09:38:46Z,2025-07-23T00:31:44Z,2025-07-23T00:36:35Z,2025-07-23T00:31:44Z,Desorbed NA,16,15,14,14,1,291,2187,,JB_07232024_244_7222025_14.qgd,,NA,C:/GCMSsolution/Data/Project1/Campbell RMBL Data/Rainouts 2024/JB_07232024_244_7222025_14.qgd,e6c25cbd-bd99-4777-b9c2-9746ec8cc922,1
507,2025-07-22T09:38:46Z,2025-07-23T01:08:29Z,2025-07-23T01:13:24Z,2025-07-23T01:08:29Z,Desorbed NA,17,16,15,15,1,295,2205,,JB_07232024_323_7222025_15.qgd,,NA,C:/GCMSsolution/Data/Project1/Campbell RMBL Data/Rainouts 2024/JB_07232024_323_7222025_15.qgd,e6c25cbd-bd99-4777-b9c2-9746ec8cc922,1
508,2025-07-22T09:38:46Z,2025-07-23T01:45:08Z,2025-07-23T01:50:04Z,2025-07-23T01:45:08Z,Desorbed NA,18,17,16,16,1,296,2199,,JB_07232024_556_7222025_16.qgd,,NA,C:/GCMSsolution/Data/Project1/Campbell RMBL Data/Rainouts 2024/JB_07232024_556_7222025_16.qgd,e6c25cbd-bd99-4777-b9c2-9746ec8cc922,1
509,2025-07-22T09:38:46Z,2025-07-23T02:21:35Z,2025-07-23T02:26:28Z,2025-07-23T02:21:35Z,Desorbed NA,19,18,17,17,1,293,2187,,JB_07232024_326_7222025_17.qgd,,NA,C:/GCMSsolution/Data/Project1/Campbell RMBL Data/Rainouts 2024/JB_07232024_326_7222025_17.qgd,e6c25cbd-bd99-4777-b9c2-9746ec8cc922,1
510,2025-07-22T09:38:46Z,2025-07-23T02:58:02Z,2025-07-23T03:02:38Z,2025-07-23T02:58:02Z,Desorbed NA,20,19,18,18,1,276,2187,,JB_07232024_320_7222025_18.qgd,,NA,C:/GCMSsolution/Data/Project1/Campbell RMBL Data/Rainouts 2024/JB_07232024_320_7222025_18.qgd,e6c25cbd-bd99-4777-b9c2-9746ec8cc922,1
511,2025-07-23T08:12:29Z,2025-07-23T15:17:10Z,2025-07-23T15:11:53Z,2025-07-23T15:11:53Z,Desorbed NA,1,1,1,1,0,317,44348,,blank1_7232025_01.qgd,,NA,C:/GCMSsolution/Data/Project1/Campbell RMBL Data/Rainouts 2024/blank1_7232025_01.qgd,f5264f54-b331-4f17-941e-de35d5ee9c78,1
512,2025-07-23T08:12:29Z,2025-07-23T15:47:47Z,2025-07-23T15:52:37Z,2025-07-23T15:47:47Z,Desorbed NA,2,2,2,2,0,290,1837,,JB_07232024_328_7232025_02.qgd,,NA,C:/GCMSsolution/Data/Project1/Campbell RMBL Data/Rainouts 2024/JB_07232024_328_7232025_02.qgd,f5264f54-b331-4f17-941e-de35d5ee9c78,1
513,2025-07-23T08:12:29Z,2025-07-23T16:23:06Z,2025-07-23T16:27:48Z,2025-07-23T16:23:06Z,Desorbed NA,4,3,3,3,0,282,2119,,JB_07232024_290_7232025_03.qgd,,NA,C:/GCMSsolution/Data/Project1/Campbell RMBL Data/Rainouts 2024/JB_07232024_290_7232025_03.qgd,f5264f54-b331-4f17-941e-de35d5ee9c78,1
514,2025-07-23T08:12:29Z,2025-07-23T16:58:21Z,2025-07-23T17:03:16Z,2025-07-23T16:58:21Z,Desorbed NA,5,4,4,4,0,295,2115,,JB_07232024_292_7232025_04.qgd,,NA,C:/GCMSsolution/Data/Project1/Campbell RMBL Data/Rainouts 2024/JB_07232024_292_7232025_04.qgd,f5264f54-b331-4f17-941e-de35d5ee9c78,1
515,2025-07-23T08:12:29Z,2025-07-23T17:33:52Z,2025-07-23T17:38:49Z,2025-07-23T17:33:52Z,Desorbed NA,6,5,5,5,0,297,2131,,JB_07232024_289redo_7232025_05.qgd,,NA,C:/GCMSsolution/Data/Project1/Campbell RMBL Data/Rainouts 2024/JB_07232024_289redo_7232025_05.qgd,f5264f54-b331-4f17-941e-de35d5ee9c78,1
516,2025-07-23T08:12:29Z,2025-07-23T18:09:30Z,2025-07-23T18:14:21Z,2025-07-23T18:09:30Z,Desorbed NA,7,6,6,6,0,291,2138,,JB_07232024_566_7232025_06.qgd,,NA,C:/GCMSsolution/Data/Project1/Campbell RMBL Data/Rainouts 2024/JB_07232024_566_7232025_06.qgd,f5264f54-b331-4f17-941e-de35d5ee9c78,1
517,2025-07-23T08:12:29Z,2025-07-23T18:44:59Z,2025-07-23T18:49:53Z,2025-07-23T18:44:59Z,Desorbed NA,8,7,7,7,0,294,2129,,JB_07232024_77_7232025_07.qgd,,NA,C:/GCMSsolution/Data/Project1/Campbell RMBL Data/Rainouts 2024/JB_07232024_77_7232025_07.qgd,f5264f54-b331-4f17-941e-de35d5ee9c78,1
518,2025-07-23T08:12:29Z,NA,NA,NA,NA NA,9,8,NA,8,NA,NA,NA,skip-notrun,NA,,NA,NA,f5264f54-b331-4f17-941e-de35d5ee9c78,1
519,2025-07-23T08:12:29Z,NA,NA,NA,NA NA,10,9,NA,9,NA,NA,NA,skip-notrun,NA,,NA,NA,f5264f54-b331-4f17-941e-de35d5ee9c78,1
520,2025-07-23T08:12:29Z,2025-07-23T19:21:34Z,2025-07-23T19:25:35Z,2025-07-23T19:21:34Z,Desorbed NA,11,10,8,8,2,241,NA,,JB_07232024_555_7232025_08.qgd,,NA,C:/GCMSsolution/Data/Project1/Campbell RMBL Data/Rainouts 2024/JB_07232024_555_7232025_08.qgd,f5264f54-b331-4f17-941e-de35d5ee9c78,1
521,2025-07-23T08:12:29Z,2025-07-23T19:56:43Z,2025-07-23T20:01:40Z,2025-07-23T19:56:43Z,Desorbed NA,12,11,9,9,2,297,2109,,JB_07232024_551_7232025_09.qgd,,NA,C:/GCMSsolution/Data/Project1/Campbell RMBL Data/Rainouts 2024/JB_07232024_551_7232025_09.qgd,f5264f54-b331-4f17-941e-de35d5ee9c78,1
522,2025-07-23T08:12:29Z,2025-07-23T20:32:54Z,2025-07-23T20:37:50Z,2025-07-23T20:32:54Z,Desorbed NA,13,12,10,10,2,296,2171,,JB_07232024_36_7232025_10.qgd,,NA,C:/GCMSsolution/Data/Project1/Campbell RMBL Data/Rainouts 2024/JB_07232024_36_7232025_10.qgd,f5264f54-b331-4f17-941e-de35d5ee9c78,1
523,2025-07-23T08:12:29Z,2025-07-23T21:09:14Z,2025-07-23T21:14:10Z,2025-07-23T21:09:14Z,Desorbed NA,14,13,11,11,2,296,2180,,JB_07232024_110_7232025_11.qgd,,NA,C:/GCMSsolution/Data/Project1/Campbell RMBL Data/Rainouts 2024/JB_07232024_110_7232025_11.qgd,f5264f54-b331-4f17-941e-de35d5ee9c78,1
524,2025-07-23T08:12:29Z,2025-07-23T21:45:46Z,2025-07-23T21:50:37Z,2025-07-23T21:45:46Z,Desorbed NA,15,14,12,12,2,291,2192,,JB_07172024_554_7232025_12.qgd,,NA,C:/GCMSsolution/Data/Project1/Campbell RMBL Data/Rainouts 2024/JB_07172024_554_7232025_12.qgd,f5264f54-b331-4f17-941e-de35d5ee9c78,1
525,2025-07-23T08:12:29Z,2025-07-23T22:22:18Z,2025-07-23T22:27:13Z,2025-07-23T22:22:18Z,Desorbed NA,16,15,13,13,2,295,2192,,JB_07232024_246redo_7232025_13.qgd,,NA,C:/GCMSsolution/Data/Project1/Campbell RMBL Data/Rainouts 2024/JB_07232024_246redo_7232025_13.qgd,f5264f54-b331-4f17-941e-de35d5ee9c78,1
526,2025-07-23T08:12:29Z,2025-07-23T22:59:03Z,2025-07-23T23:03:48Z,2025-07-23T22:59:03Z,Desorbed NA,17,16,14,14,2,285,2205,,JB_07232024_305_7232025_14.qgd,,NA,C:/GCMSsolution/Data/Project1/Campbell RMBL Data/Rainouts 2024/JB_07232024_305_7232025_14.qgd,f5264f54-b331-4f17-941e-de35d5ee9c78,1
527,2025-07-23T08:12:29Z,2025-07-23T23:35:31Z,2025-07-23T23:40:24Z,2025-07-23T23:35:31Z,Desorbed NA,18,17,15,15,2,293,2188,,JB_07232024_321_7232025_15.qgd,,NA,C:/GCMSsolution/Data/Project1/Campbell RMBL Data/Rainouts 2024/JB_07232024_321_7232025_15.qgd,f5264f54-b331-4f17-941e-de35d5ee9c78,1
528,2025-07-23T08:12:29Z,2025-07-24T00:12:25Z,2025-07-24T00:17:12Z,2025-07-24T00:12:25Z,Desorbed NA,19,18,16,16,2,287,2214,,JB_07232024_539_7232025_16.qgd,,NA,C:/GCMSsolution/Data/Project1/Campbell RMBL Data/Rainouts 2024/JB_07232024_539_7232025_16.qgd,f5264f54-b331-4f17-941e-de35d5ee9c78,1
529,2025-07-23T08:12:29Z,2025-07-24T00:49:01Z,2025-07-24T00:54:01Z,2025-07-24T00:49:01Z,Desorbed NA,20,19,17,17,2,300,2196,,JB_07232024_299_7232025_17.qgd,,NA,C:/GCMSsolution/Data/Project1/Campbell RMBL Data/Rainouts 2024/JB_07232024_299_7232025_17.qgd,f5264f54-b331-4f17-941e-de35d5ee9c78,1
530,2025-07-23T08:12:29Z,2025-07-24T01:26:30Z,2025-07-24T01:30:29Z,2025-07-24T01:26:30Z,Desorbed NA,21,20,18,18,2,239,2249,,JB_07232024_239_7232025_18.qgd,,NA,C:/GCMSsolution/Data/Project1/Campbell RMBL Data/Rainouts 2024/JB_07232024_239_7232025_18.qgd,f5264f54-b331-4f17-941e-de35d5ee9c78,1
531,2025-07-23T08:12:29Z,2025-07-24T02:02:16Z,2025-07-24T02:07:10Z,2025-07-24T02:02:16Z,Desorbed NA,22,21,19,19,2,294,2146,,JB_07232024_563_7232025_19.qgd,,NA,C:/GCMSsolution/Data/Project1/Campbell RMBL Data/Rainouts 2024/JB_07232024_563_7232025_19.qgd,f5264f54-b331-4f17-941e-de35d5ee9c78,1
532,2025-07-23T08:12:29Z,2025-07-24T02:38:34Z,2025-07-24T02:43:25Z,2025-07-24T02:38:34Z,Desorbed NA,23,22,20,20,2,291,2178,,JB_07232024_279_7232025_20.qgd,,NA,C:/GCMSsolution/Data/Project1/Campbell RMBL Data/Rainouts 2024/JB_07232024_279_7232025_20.qgd,f5264f54-b331-4f17-941e-de35d5ee9c78,1
533,2025-07-23T08:12:29Z,2025-07-24T03:14:38Z,2025-07-24T03:19:32Z,2025-07-24T03:14:38Z,Desorbed NA,24,23,21,21,2,294,2164,,JB_07232024_297_7232025_21.qgd,,NA,C:/GCMSsolution/Data/Project1/Campbell RMBL Data/Rainouts 2024/JB_07232024_297_7232025_21.qgd,f5264f54-b331-4f17-941e-de35d5ee9c78,1
534,2025-07-23T08:12:29Z,2025-07-24T03:50:38Z,2025-07-24T03:55:34Z,2025-07-24T03:50:38Z,Desorbed NA,25,24,22,22,2,296,2160,,JB_07232024_327_7232025_22.qgd,,NA,C:/GCMSsolution/Data/Project1/Campbell RMBL Data/Rainouts 2024/JB_07232024_327_7232025_22.qgd,f5264f54-b331-4f17-941e-de35d5ee9c78,1
535,2025-07-23T08:12:29Z,2025-07-24T04:26:30Z,2025-07-24T04:31:28Z,2025-07-24T04:26:30Z,Desorbed NA,26,25,23,23,2,298,2152,,JB_07232024_309_7232025_23.qgd,,NA,C:/GCMSsolution/Data/Project1/Campbell RMBL Data/Rainouts 2024/JB_07232024_309_7232025_23.qgd,f5264f54-b331-4f17-941e-de35d5ee9c78,1
536,2025-07-23T08:12:29Z,2025-07-24T05:02:15Z,2025-07-24T05:07:09Z,2025-07-24T05:02:15Z,Desorbed NA,27,26,24,24,2,294,2145,,JB_07232024_572_7232025_24.qgd,,NA,C:/GCMSsolution/Data/Project1/Campbell RMBL Data/Rainouts 2024/JB_07232024_572_7232025_24.qgd,f5264f54-b331-4f17-941e-de35d5ee9c78,1
537,2025-07-24T08:09:57Z,2025-07-24T15:14:39Z,2025-07-24T15:09:46Z,2025-07-24T15:09:46Z,Desorbed NA,1,1,1,1,0,293,36744,,blank1_7242025_01.qgd,,NA,C:/GCMSsolution/Data/Project1/Campbell RMBL Data/Rainouts 2024/blank1_7242025_01.qgd,523bf373-3ec2-460b-af60-e954ada45932,1
538,2025-07-24T08:09:57Z,2025-07-24T15:45:19Z,2025-07-24T15:50:05Z,2025-07-24T15:45:19Z,Desorbed NA,9,2,2,2,0,286,1840,,JB_07232024_555redo_7242025_02.qgd,,NA,C:/GCMSsolution/Data/Project1/Campbell RMBL Data/Rainouts 2024/JB_07232024_555redo_7242025_02.qgd,523bf373-3ec2-460b-af60-e954ada45932,1
539,2025-07-24T08:09:57Z,2025-07-24T16:20:33Z,2025-07-24T16:25:32Z,2025-07-24T16:20:33Z,Desorbed NA,10,3,3,3,0,299,2114,,JB_07232024_551redo_7242025_03.qgd,,NA,C:/GCMSsolution/Data/Project1/Campbell RMBL Data/Rainouts 2024/JB_07232024_551redo_7242025_03.qgd,523bf373-3ec2-460b-af60-e954ada45932,1
540,2025-07-24T10:34:28Z,2025-07-24T17:39:04Z,2025-07-24T17:34:16Z,2025-07-24T17:34:16Z,Desorbed NA,1,1,1,1,0,288,4711,,blank1_7242025_01.qgd,,Martin,C:/GCMSsolution/Data/Project1/Campbell RMBL Data/Ipomopsis 2025/blank1_7242025_01.qgd,fbfe3500-db30-4273-a3de-a0b63a3d3c9c,1
541,2025-07-24T10:34:28Z,2025-07-24T18:09:39Z,2025-07-24T18:10:06Z,2025-07-24T18:09:39Z,Desorbed NA,2,2,2,2,0,27,1835,,Lagg_07152025_N_294-25_7242025_02.qgd,,Martin,C:/GCMSsolution/Data/Project1/Campbell RMBL Data/Ipomopsis 2025/Lagg_07152025_N_294-25_7242025_02.qgd,fbfe3500-db30-4273-a3de-a0b63a3d3c9c,1
542,2025-07-24T10:34:28Z,2025-07-24T18:40:55Z,2025-07-24T18:41:28Z,2025-07-24T18:40:55Z,Desorbed NA,4,3,3,3,0,33,1876,,Lagg_07152025_N_297-25_7242025_03.qgd,,Martin,C:/GCMSsolution/Data/Project1/Campbell RMBL Data/Ipomopsis 2025/Lagg_07152025_N_297-25_7242025_03.qgd,fbfe3500-db30-4273-a3de-a0b63a3d3c9c,1
543,2025-07-24T10:34:28Z,2025-07-24T19:12:21Z,2025-07-24T19:12:55Z,2025-07-24T19:12:21Z,Desorbed NA,5,4,4,4,0,34,1886,,Lagg_07152025_N_303-25_7242025_04.qgd,,Martin,C:/GCMSsolution/Data/Project1/Campbell RMBL Data/Ipomopsis 2025/Lagg_07152025_N_303-25_7242025_04.qgd,fbfe3500-db30-4273-a3de-a0b63a3d3c9c,1
544,2025-07-24T10:34:28Z,2025-07-24T19:44:13Z,2025-07-24T19:44:46Z,2025-07-24T19:44:13Z,Desorbed NA,6,5,5,5,0,33,1912,,Lagg_07152025_N_304-25_7242025_05.qgd,,Martin,C:/GCMSsolution/Data/Project1/Campbell RMBL Data/Ipomopsis 2025/Lagg_07152025_N_304-25_7242025_05.qgd,fbfe3500-db30-4273-a3de-a0b63a3d3c9c,1
545,2025-07-25T14:40:15Z,2025-07-25T21:44:52Z,2025-07-25T21:39:56Z,2025-07-25T21:39:56Z,Desorbed NA,1,1,1,1,0,296,93639,,blank1_7252025_01.qgd,,Martin,C:/GCMSsolution/Data/Project1/Campbell RMBL Data/Ipomopsis 2025/blank1_7252025_01.qgd,b304828a-f38e-4d34-9c29-45fd11689b40,1
546,2025-07-25T14:40:15Z,2025-07-25T22:15:19Z,2025-07-25T22:15:54Z,2025-07-25T22:15:19Z,Desorbed NA,2,2,2,2,0,35,1827,,Lagg_07152025_N_298-25_7252025_02.qgd,,Martin,C:/GCMSsolution/Data/Project1/Campbell RMBL Data/Ipomopsis 2025/Lagg_07152025_N_298-25_7252025_02.qgd,b304828a-f38e-4d34-9c29-45fd11689b40,1
547,2025-07-25T14:40:15Z,2025-07-25T22:47:35Z,2025-07-25T22:48:07Z,2025-07-25T22:47:35Z,Desorbed NA,4,3,3,3,0,32,1936,,Lagg_07152025_N_300-25_7252025_03.qgd,,Martin,C:/GCMSsolution/Data/Project1/Campbell RMBL Data/Ipomopsis 2025/Lagg_07152025_N_300-25_7252025_03.qgd,b304828a-f38e-4d34-9c29-45fd11689b40,1
548,2025-07-25T14:40:15Z,2025-07-25T23:19:59Z,2025-07-25T23:20:35Z,2025-07-25T23:19:59Z,Desorbed NA,5,4,4,4,0,36,1944,,Lagg_07152025_N_302-25_7252025_04.qgd,,Martin,C:/GCMSsolution/Data/Project1/Campbell RMBL Data/Ipomopsis 2025/Lagg_07152025_N_302-25_7252025_04.qgd,b304828a-f38e-4d34-9c29-45fd11689b40,1
549,2025-07-25T14:40:15Z,2025-07-25T23:52:30Z,2025-07-25T23:53:07Z,2025-07-25T23:52:30Z,Desorbed NA,6,5,5,5,0,37,1951,,Lagg_07152025_N_299-25_7252025_05.qgd,,Martin,C:/GCMSsolution/Data/Project1/Campbell RMBL Data/Ipomopsis 2025/Lagg_07152025_N_299-25_7252025_05.qgd,b304828a-f38e-4d34-9c29-45fd11689b40,1
550,2025-07-25T14:40:15Z,2025-07-26T00:25:13Z,2025-07-26T00:25:44Z,2025-07-26T00:25:13Z,Desorbed NA,7,6,6,6,0,31,1963,,Lagg_07152025_N_305-25_7252025_06.qgd,,Martin,C:/GCMSsolution/Data/Project1/Campbell RMBL Data/Ipomopsis 2025/Lagg_07152025_N_305-25_7252025_06.qgd,b304828a-f38e-4d34-9c29-45fd11689b40,1
551,2025-07-25T14:40:15Z,2025-07-26T00:57:43Z,2025-07-26T00:58:16Z,2025-07-26T00:57:43Z,Desorbed NA,8,7,7,7,0,33,1950,,Lagg_07152025_N_310-25_7252025_07.qgd,,Martin,C:/GCMSsolution/Data/Project1/Campbell RMBL Data/Ipomopsis 2025/Lagg_07152025_N_310-25_7252025_07.qgd,b304828a-f38e-4d34-9c29-45fd11689b40,1
552,2025-07-25T14:40:15Z,2025-07-26T01:30:15Z,2025-07-26T01:30:51Z,2025-07-26T01:30:15Z,Desorbed NA,9,8,8,8,0,36,1952,,Lagg_07152025_N_295-25_7252025_08.qgd,,Martin,C:/GCMSsolution/Data/Project1/Campbell RMBL Data/Ipomopsis 2025/Lagg_07152025_N_295-25_7252025_08.qgd,b304828a-f38e-4d34-9c29-45fd11689b40,1
553,2025-07-25T14:40:15Z,2025-07-26T02:03:00Z,2025-07-26T02:03:40Z,2025-07-26T02:03:00Z,Desorbed NA,10,9,9,9,0,40,1965,,Lagg_07152025_N_306-25_7252025_09.qgd,,Martin,C:/GCMSsolution/Data/Project1/Campbell RMBL Data/Ipomopsis 2025/Lagg_07152025_N_306-25_7252025_09.qgd,b304828a-f38e-4d34-9c29-45fd11689b40,1
554,2025-07-25T14:40:15Z,2025-07-26T02:36:34Z,2025-07-26T02:36:04Z,2025-07-26T02:36:04Z,Desorbed NA,11,10,10,10,0,30,2014,,Lagg_07152025_N_296-25_7252025_10.qgd,,Martin,C:/GCMSsolution/Data/Project1/Campbell RMBL Data/Ipomopsis 2025/Lagg_07152025_N_296-25_7252025_10.qgd,b304828a-f38e-4d34-9c29-45fd11689b40,1
555,2025-07-25T14:40:15Z,2025-07-26T03:07:59Z,2025-07-26T03:08:36Z,2025-07-26T03:07:59Z,Desorbed NA,12,11,11,11,0,37,1885,,Lagg_07152025_N_309-25_7252025_11.qgd,,Martin,C:/GCMSsolution/Data/Project1/Campbell RMBL Data/Ipomopsis 2025/Lagg_07152025_N_309-25_7252025_11.qgd,b304828a-f38e-4d34-9c29-45fd11689b40,1
556,2025-07-28T10:21:06Z,2025-07-28T17:25:45Z,2025-07-28T17:20:32Z,2025-07-28T17:20:32Z,Desorbed NA,1,1,1,1,0,313,224266,,blank1_7282025_01.qgd,,Martin,C:/GCMSsolution/Data/Project1/Campbell RMBL Data/Ipomopsis 2025/blank1_7282025_01.qgd,a63d786c-86a2-418f-a8b4-eccf9b2dd8a4,1
557,2025-07-28T10:21:06Z,2025-07-28T17:56:18Z,2025-07-28T17:56:50Z,2025-07-28T17:56:18Z,Desorbed NA,2,2,2,2,0,32,1833,,Lagg_07152025_N_323-25_7282025_02.qgd,,Martin,C:/GCMSsolution/Data/Project1/Campbell RMBL Data/Ipomopsis 2025/Lagg_07152025_N_323-25_7282025_02.qgd,a63d786c-86a2-418f-a8b4-eccf9b2dd8a4,1
558,2025-07-28T10:21:06Z,2025-07-28T18:27:52Z,2025-07-28T18:28:29Z,2025-07-28T18:27:52Z,Desorbed NA,4,3,3,3,0,37,1894,,Lagg_07152025_N_307-25_7282025_03.qgd,,Martin,C:/GCMSsolution/Data/Project1/Campbell RMBL Data/Ipomopsis 2025/Lagg_07152025_N_307-25_7282025_03.qgd,a63d786c-86a2-418f-a8b4-eccf9b2dd8a4,1
559,2025-07-28T10:21:06Z,2025-07-28T18:59:45Z,2025-07-28T19:00:18Z,2025-07-28T18:59:45Z,Desorbed NA,5,4,4,4,0,33,1913,,Lagg_07152025_N_308-25_7282025_04.qgd,,Martin,C:/GCMSsolution/Data/Project1/Campbell RMBL Data/Ipomopsis 2025/Lagg_07152025_N_308-25_7282025_04.qgd,a63d786c-86a2-418f-a8b4-eccf9b2dd8a4,1
560,2025-07-28T10:21:06Z,2025-07-28T19:31:51Z,2025-07-28T19:32:26Z,2025-07-28T19:31:51Z,Desorbed NA,6,5,5,5,0,35,1926,,Lagg_07152025_N_319-25_7282025_05.qgd,,Martin,C:/GCMSsolution/Data/Project1/Campbell RMBL Data/Ipomopsis 2025/Lagg_07152025_N_319-25_7282025_05.qgd,a63d786c-86a2-418f-a8b4-eccf9b2dd8a4,1
561,2025-07-28T10:21:06Z,2025-07-28T19:48:16Z,2025-07-28T19:32:26Z,2025-07-28T19:32:26Z,Desorbed NA,7,6,5,5,1,950,985,,Lagg_07152025_N_319-25_7282025_05.qgd,,Martin,C:/GCMSsolution/Data/Project1/Campbell RMBL Data/Ipomopsis 2025/Lagg_07152025_N_319-25_7282025_05.qgd,a63d786c-86a2-418f-a8b4-eccf9b2dd8a4,1
562,2025-07-28T10:21:06Z,2025-07-28T20:36:55Z,2025-07-28T20:37:22Z,2025-07-28T20:36:55Z,Desorbed NA,8,7,7,7,0,27,2919,,Lagg_07152025_N_312-25_7282025_07.qgd,,Martin,C:/GCMSsolution/Data/Project1/Campbell RMBL Data/Ipomopsis 2025/Lagg_07152025_N_312-25_7282025_07.qgd,a63d786c-86a2-418f-a8b4-eccf9b2dd8a4,1
563,2025-07-28T10:21:06Z,2025-07-28T21:09:12Z,2025-07-28T21:10:00Z,2025-07-28T21:09:12Z,NA Leak Test Pressurise Failed,9,8,8,8,0,47.5,1937.5,leak-blank,Lagg_07152025_N_314-25_7282025_08.qgd,,Martin,C:/GCMSsolution/Data/Project1/Campbell RMBL Data/Ipomopsis 2025/Lagg_07152025_N_314-25_7282025_08.qgd,a63d786c-86a2-418f-a8b4-eccf9b2dd8a4,1
564,2025-07-28T10:21:06Z,2025-07-28T21:41:30Z,2025-07-28T21:41:29Z,2025-07-28T21:41:29Z,Desorbed NA,10,9,9,9,0,1,1937.5,,Lagg_07152025_N_326-25_7282025_09.qgd,,Martin,C:/GCMSsolution/Data/Project1/Campbell RMBL Data/Ipomopsis 2025/Lagg_07152025_N_326-25_7282025_09.qgd,a63d786c-86a2-418f-a8b4-eccf9b2dd8a4,1
565,2025-07-28T10:21:06Z,2025-07-28T22:13:55Z,2025-07-28T22:13:35Z,2025-07-28T22:13:35Z,Desorbed NA,11,10,10,10,0,20,1945,,Lagg_07152025_N_316-25_7282025_10.qgd,,Martin,C:/GCMSsolution/Data/Project1/Campbell RMBL Data/Ipomopsis 2025/Lagg_07152025_N_316-25_7282025_10.qgd,a63d786c-86a2-418f-a8b4-eccf9b2dd8a4,1
566,2025-07-28T10:21:06Z,2025-07-28T22:45:19Z,2025-07-28T22:45:52Z,2025-07-28T22:45:19Z,Desorbed NA,12,11,11,11,0,33,1884,,Lagg_07152025_N_313-25_7282025_11.qgd,,Martin,C:/GCMSsolution/Data/Project1/Campbell RMBL Data/Ipomopsis 2025/Lagg_07152025_N_313-25_7282025_11.qgd,a63d786c-86a2-418f-a8b4-eccf9b2dd8a4,1
567,2025-07-28T10:21:06Z,2025-07-28T23:17:51Z,2025-07-28T23:18:21Z,2025-07-28T23:17:51Z,Desorbed NA,13,12,12,12,0,30,1952,,Lagg_07152025_N_311-25_7282025_12.qgd,,Martin,C:/GCMSsolution/Data/Project1/Campbell RMBL Data/Ipomopsis 2025/Lagg_07152025_N_311-25_7282025_12.qgd,a63d786c-86a2-418f-a8b4-eccf9b2dd8a4,1
568,2025-07-28T10:21:06Z,2025-07-28T23:50:24Z,2025-07-28T23:50:57Z,2025-07-28T23:50:24Z,Desorbed NA,14,13,13,13,0,33,1953,,Lagg_07152025_N_315-25_7282025_13.qgd,,Martin,C:/GCMSsolution/Data/Project1/Campbell RMBL Data/Ipomopsis 2025/Lagg_07152025_N_315-25_7282025_13.qgd,a63d786c-86a2-418f-a8b4-eccf9b2dd8a4,1
569,2025-07-28T10:21:06Z,2025-07-29T00:23:07Z,2025-07-29T00:23:37Z,2025-07-29T00:23:07Z,Desorbed NA,15,14,14,14,0,30,1963,,Lagg_07152025_N_325-25_7282025_14.qgd,,Martin,C:/GCMSsolution/Data/Project1/Campbell RMBL Data/Ipomopsis 2025/Lagg_07152025_N_325-25_7282025_14.qgd,a63d786c-86a2-418f-a8b4-eccf9b2dd8a4,1
570,2025-07-28T10:21:06Z,2025-07-29T00:55:37Z,2025-07-29T00:56:02Z,2025-07-29T00:55:37Z,Desorbed NA,16,15,15,15,0,25,1950,,Lagg_07152025_N_301-25_7282025_15.qgd,,Martin,C:/GCMSsolution/Data/Project1/Campbell RMBL Data/Ipomopsis 2025/Lagg_07152025_N_301-25_7282025_15.qgd,a63d786c-86a2-418f-a8b4-eccf9b2dd8a4,1
571,2025-07-28T10:21:06Z,2025-07-29T01:27:55Z,2025-07-29T01:28:30Z,2025-07-29T01:27:55Z,Desorbed NA,17,16,16,16,0,35,1938,,Lagg_07152025_N_321-25_7282025_16.qgd,,Martin,C:/GCMSsolution/Data/Project1/Campbell RMBL Data/Ipomopsis 2025/Lagg_07152025_N_321-25_7282025_16.qgd,a63d786c-86a2-418f-a8b4-eccf9b2dd8a4,1
572,2025-07-28T10:21:06Z,2025-07-29T02:00:20Z,2025-07-29T02:00:56Z,2025-07-29T02:00:20Z,Desorbed NA,18,17,17,17,0,36,1945,,Lagg_07152025_N_324-25_7282025_17.qgd,,Martin,C:/GCMSsolution/Data/Project1/Campbell RMBL Data/Ipomopsis 2025/Lagg_07152025_N_324-25_7282025_17.qgd,a63d786c-86a2-418f-a8b4-eccf9b2dd8a4,1
573,2025-07-28T10:21:06Z,2025-07-29T02:32:37Z,2025-07-29T02:33:15Z,2025-07-29T02:32:37Z,Desorbed NA,19,18,18,18,0,38,1937,,Lagg_07152025_N_290-25_7282025_18.qgd,,Martin,C:/GCMSsolution/Data/Project1/Campbell RMBL Data/Ipomopsis 2025/Lagg_07152025_N_290-25_7282025_18.qgd,a63d786c-86a2-418f-a8b4-eccf9b2dd8a4,1
574,2025-07-28T10:21:06Z,2025-07-29T03:04:45Z,2025-07-29T03:05:21Z,2025-07-29T03:04:45Z,Desorbed NA,20,19,19,19,0,36,1928,,Lagg_07152025_N_291-25_7282025_19.qgd,,Martin,C:/GCMSsolution/Data/Project1/Campbell RMBL Data/Ipomopsis 2025/Lagg_07152025_N_291-25_7282025_19.qgd,a63d786c-86a2-418f-a8b4-eccf9b2dd8a4,1
575,2025-07-28T10:21:06Z,2025-07-29T03:38:29Z,2025-07-29T03:38:06Z,2025-07-29T03:38:06Z,Desorbed NA,21,20,20,20,0,23,2024,,Lagg_07152025_N_318-25_7282025_20.qgd,,Martin,C:/GCMSsolution/Data/Project1/Campbell RMBL Data/Ipomopsis 2025/Lagg_07152025_N_318-25_7282025_20.qgd,a63d786c-86a2-418f-a8b4-eccf9b2dd8a4,1
576,2025-07-30T08:25:27Z,2025-07-30T15:30:09Z,2025-07-30T15:24:55Z,2025-07-30T15:24:55Z,Desorbed NA,1,1,1,1,0,314,129100,,blank1_7302025_01.qgd,,Martin,C:/GCMSsolution/Data/Project1/Campbell RMBL Data/Ipomopsis 2025/blank1_7302025_01.qgd,998ccde5-721b-4bd4-a16c-65eafea3e25d,1
577,2025-07-30T08:25:27Z,2025-07-30T16:00:34Z,2025-07-30T16:01:09Z,2025-07-30T16:00:34Z,Desorbed NA,2,2,2,2,0,35,1825,,Ihyb_07102025_N_237-25_7302025_02.qgd,,Martin,C:/GCMSsolution/Data/Project1/Campbell RMBL Data/Ipomopsis 2025/Ihyb_07102025_N_237-25_7302025_02.qgd,998ccde5-721b-4bd4-a16c-65eafea3e25d,1
578,2025-07-30T08:25:27Z,2025-07-30T16:31:41Z,2025-07-30T16:32:06Z,2025-07-30T16:31:41Z,Desorbed NA,4,3,3,3,0,25,1867,,Ihyb_07102025_N_242-25_7302025_03.qgd,,Martin,C:/GCMSsolution/Data/Project1/Campbell RMBL Data/Ipomopsis 2025/Ihyb_07102025_N_242-25_7302025_03.qgd,998ccde5-721b-4bd4-a16c-65eafea3e25d,1
579,2025-07-30T08:25:27Z,2025-07-30T17:02:40Z,2025-07-30T17:03:13Z,2025-07-30T17:02:40Z,Desorbed NA,5,4,4,4,0,33,1859,,Ihyb_07102025_N_241-25_7302025_04.qgd,,Martin,C:/GCMSsolution/Data/Project1/Campbell RMBL Data/Ipomopsis 2025/Ihyb_07102025_N_241-25_7302025_04.qgd,998ccde5-721b-4bd4-a16c-65eafea3e25d,1
580,2025-07-30T08:25:27Z,2025-07-30T17:34:04Z,2025-07-30T17:34:36Z,2025-07-30T17:34:04Z,Desorbed NA,6,5,5,5,0,32,1884,,Ihyb_07102025_N_236-25_7302025_05.qgd,,Martin,C:/GCMSsolution/Data/Project1/Campbell RMBL Data/Ipomopsis 2025/Ihyb_07102025_N_236-25_7302025_05.qgd,998ccde5-721b-4bd4-a16c-65eafea3e25d,1
581,2025-07-30T08:25:27Z,2025-07-30T18:05:26Z,2025-07-30T18:06:01Z,2025-07-30T18:05:26Z,Desorbed NA,7,6,6,6,0,35,1882,,Ihyb_07102025_N_245-25_7302025_06.qgd,,Martin,C:/GCMSsolution/Data/Project1/Campbell RMBL Data/Ipomopsis 2025/Ihyb_07102025_N_245-25_7302025_06.qgd,998ccde5-721b-4bd4-a16c-65eafea3e25d,1
582,2025-07-30T08:25:27Z,2025-07-30T18:37:08Z,2025-07-30T18:37:42Z,2025-07-30T18:37:08Z,Desorbed NA,8,7,7,7,0,34,1902,,Ihyb_07102025_N_250-25_7302025_07.qgd,,Martin,C:/GCMSsolution/Data/Project1/Campbell RMBL Data/Ipomopsis 2025/Ihyb_07102025_N_250-25_7302025_07.qgd,998ccde5-721b-4bd4-a16c-65eafea3e25d,1
583,2025-07-30T08:25:27Z,2025-07-30T19:08:54Z,2025-07-30T19:09:29Z,2025-07-30T19:08:54Z,Desorbed NA,9,8,8,8,0,35,1906,,Lagg_07152025_N_314-25redo_7302025_08.qgd,,Martin,C:/GCMSsolution/Data/Project1/Campbell RMBL Data/Ipomopsis 2025/Lagg_07152025_N_314-25redo_7302025_08.qgd,998ccde5-721b-4bd4-a16c-65eafea3e25d,1
584,2025-07-30T08:25:27Z,NA,NA,NA,NA Leak Test Pressurise Failed,10,9,NA,9,NA,NA,NA,leak-blank,NA,,NA,NA,998ccde5-721b-4bd4-a16c-65eafea3e25d,1
585,2025-07-30T08:25:27Z,NA,NA,NA,NA NA,11,10,NA,10,NA,NA,NA,skip-notrun,NA,,NA,NA,998ccde5-721b-4bd4-a16c-65eafea3e25d,1
586,2025-07-30T08:25:27Z,2025-07-30T20:13:23Z,2025-07-30T20:12:24Z,2025-07-30T20:12:24Z,Desorbed NA,12,11,10,10,1,59,NA,,Ihyb_07102025_N_254-25_7302025_10.qgd,,Martin,C:/GCMSsolution/Data/Project1/Campbell RMBL Data/Ipomopsis 2025/Ihyb_07102025_N_254-25_7302025_10.qgd,998ccde5-721b-4bd4-a16c-65eafea3e25d,1
587,2025-07-30T08:25:27Z,2025-07-30T20:44:11Z,2025-07-30T20:44:47Z,2025-07-30T20:44:11Z,Desorbed NA,13,12,11,11,1,36,1848,,Ihyb_07102025_N_176-25_7302025_11.qgd,,Martin,C:/GCMSsolution/Data/Project1/Campbell RMBL Data/Ipomopsis 2025/Ihyb_07102025_N_176-25_7302025_11.qgd,998ccde5-721b-4bd4-a16c-65eafea3e25d,1
588,2025-07-30T08:25:27Z,2025-07-30T21:16:45Z,2025-07-30T21:17:20Z,2025-07-30T21:16:45Z,Desorbed NA,14,13,12,12,1,35,1954,,Ihyb_07102025_N_249-25_7302025_12.qgd,,Martin,C:/GCMSsolution/Data/Project1/Campbell RMBL Data/Ipomopsis 2025/Ihyb_07102025_N_249-25_7302025_12.qgd,998ccde5-721b-4bd4-a16c-65eafea3e25d,1
589,2025-07-30T08:25:27Z,2025-07-30T21:49:31Z,2025-07-30T21:50:05Z,2025-07-30T21:49:31Z,Desorbed NA,15,14,13,13,1,34,1966,,Ihyb_07102025_N_252-25_7302025_13.qgd,,Martin,C:/GCMSsolution/Data/Project1/Campbell RMBL Data/Ipomopsis 2025/Ihyb_07102025_N_252-25_7302025_13.qgd,998ccde5-721b-4bd4-a16c-65eafea3e25d,1
590,2025-07-30T08:25:27Z,2025-07-30T22:22:24Z,2025-07-30T22:23:02Z,2025-07-30T22:22:24Z,Desorbed NA,16,15,14,14,1,38,1973,,Ihyb_07102025_N_251-25_7302025_14.qgd,,Martin,C:/GCMSsolution/Data/Project1/Campbell RMBL Data/Ipomopsis 2025/Ihyb_07102025_N_251-25_7302025_14.qgd,998ccde5-721b-4bd4-a16c-65eafea3e25d,1
591,2025-07-30T08:25:27Z,2025-07-30T22:55:16Z,2025-07-30T22:55:39Z,2025-07-30T22:55:16Z,Desorbed NA,17,16,15,15,1,23,1972,,Ihyb_07102025_N_244-25_7302025_15.qgd,,Martin,C:/GCMSsolution/Data/Project1/Campbell RMBL Data/Ipomopsis 2025/Ihyb_07102025_N_244-25_7302025_15.qgd,998ccde5-721b-4bd4-a16c-65eafea3e25d,1
592,2025-07-30T08:25:27Z,2025-07-30T23:27:47Z,2025-07-30T23:28:25Z,2025-07-30T23:27:47Z,Desorbed NA,18,17,16,16,1,38,1951,,Ihyb_07102025_N_240-25_7302025_16.qgd,,Martin,C:/GCMSsolution/Data/Project1/Campbell RMBL Data/Ipomopsis 2025/Ihyb_07102025_N_240-25_7302025_16.qgd,998ccde5-721b-4bd4-a16c-65eafea3e25d,1
593,2025-07-30T08:25:27Z,2025-07-31T00:00:30Z,2025-07-31T00:01:06Z,2025-07-31T00:00:30Z,Desorbed NA,19,18,17,17,1,36,1963,,Ihyb_07102025_N_235-25_7302025_17.qgd,,Martin,C:/GCMSsolution/Data/Project1/Campbell RMBL Data/Ipomopsis 2025/Ihyb_07102025_N_235-25_7302025_17.qgd,998ccde5-721b-4bd4-a16c-65eafea3e25d,1
594,2025-07-30T08:25:27Z,2025-07-31T00:33:03Z,2025-07-31T00:33:29Z,2025-07-31T00:33:03Z,Desorbed NA,20,19,18,18,1,26,1953,,Ihyb_07102025_N_185-25_7302025_18.qgd,,Martin,C:/GCMSsolution/Data/Project1/Campbell RMBL Data/Ipomopsis 2025/Ihyb_07102025_N_185-25_7302025_18.qgd,998ccde5-721b-4bd4-a16c-65eafea3e25d,1
595,2025-07-30T19:06:03Z,2025-07-31T02:10:33Z,2025-07-31T02:05:43Z,2025-07-31T02:05:43Z,Desorbed NA,1,1,2,1,-1,290,5850,,blank1_7302025_02.qgd,,Martin,C:/GCMSsolution/Data/Project1/Campbell RMBL Data/Ipomopsis 2025/blank1_7302025_02.qgd,b243fa53-601f-45dd-83c4-a44628c65a18,1
596,2025-07-30T19:06:03Z,2025-07-31T02:41:03Z,2025-07-31T02:41:35Z,2025-07-31T02:41:03Z,Desorbed NA,2,2,2,2,0,32,1830,,Ihyb_07102025_N_177-25_7302025_02.qgd,,Martin,C:/GCMSsolution/Data/Project1/Campbell RMBL Data/Ipomopsis 2025/Ihyb_07102025_N_177-25_7302025_02.qgd,b243fa53-601f-45dd-83c4-a44628c65a18,1
597,2025-07-30T19:06:03Z,2025-07-31T03:12:23Z,2025-07-31T03:12:49Z,2025-07-31T03:12:23Z,Desorbed NA,4,3,3,3,0,26,1880,,Ihyb_07102025_N_184-25_7302025_03.qgd,,Martin,C:/GCMSsolution/Data/Project1/Campbell RMBL Data/Ipomopsis 2025/Ihyb_07102025_N_184-25_7302025_03.qgd,b243fa53-601f-45dd-83c4-a44628c65a18,1
598,2025-07-30T19:06:03Z,2025-07-31T03:43:35Z,2025-07-31T03:44:09Z,2025-07-31T03:43:35Z,Desorbed NA,5,4,4,4,0,34,1872,,Ihyb_07102025_N_182-25_7302025_04.qgd,,Martin,C:/GCMSsolution/Data/Project1/Campbell RMBL Data/Ipomopsis 2025/Ihyb_07102025_N_182-25_7302025_04.qgd,b243fa53-601f-45dd-83c4-a44628c65a18,1
599,2025-07-30T19:06:03Z,2025-07-31T04:14:49Z,2025-07-31T04:15:17Z,2025-07-31T04:14:49Z,Desorbed NA,6,5,5,5,0,28,1874,,Ihyb_07102025_N_183-25_7302025_05.qgd,,Martin,C:/GCMSsolution/Data/Project1/Campbell RMBL Data/Ipomopsis 2025/Ihyb_07102025_N_183-25_7302025_05.qgd,b243fa53-601f-45dd-83c4-a44628c65a18,1
600,2025-07-30T19:06:03Z,2025-07-31T04:45:58Z,2025-07-31T04:46:21Z,2025-07-31T04:45:58Z,Desorbed NA,7,6,6,6,0,23,1869,,Ihyb_07102025_N_178-25_7302025_06.qgd,,Martin,C:/GCMSsolution/Data/Project1/Campbell RMBL Data/Ipomopsis 2025/Ihyb_07102025_N_178-25_7302025_06.qgd,b243fa53-601f-45dd-83c4-a44628c65a18,1
601,2025-07-30T19:06:03Z,2025-07-31T05:16:44Z,2025-07-31T05:17:16Z,2025-07-31T05:16:44Z,Desorbed NA,8,7,7,7,0,32,1846,,Ihyb_07102025_N_180-25_7302025_07.qgd,,Martin,C:/GCMSsolution/Data/Project1/Campbell RMBL Data/Ipomopsis 2025/Ihyb_07102025_N_180-25_7302025_07.qgd,b243fa53-601f-45dd-83c4-a44628c65a18,1
602,2025-07-30T19:06:03Z,2025-07-31T05:47:40Z,2025-07-31T05:48:11Z,2025-07-31T05:47:40Z,Desorbed NA,9,8,8,8,0,31,1856,,Lagg_07152025_N_188-25_7302025_08.qgd,,Martin,C:/GCMSsolution/Data/Project1/Campbell RMBL Data/Ipomopsis 2025/Lagg_07152025_N_188-25_7302025_08.qgd,b243fa53-601f-45dd-83c4-a44628c65a18,1
603,2025-07-30T19:06:03Z,NA,NA,NA,NA NA,10,9,NA,9,NA,NA,NA,skip-notrun,NA,,NA,NA,b243fa53-601f-45dd-83c4-a44628c65a18,1
604,2025-07-30T19:06:03Z,2025-07-31T06:19:21Z,2025-07-31T06:18:54Z,2025-07-31T06:18:54Z,Desorbed NA,11,10,9,9,1,27,NA,,Ihyb_07102025_N_253-25redo_7302025_09.qgd,,Martin,C:/GCMSsolution/Data/Project1/Campbell RMBL Data/Ipomopsis 2025/Ihyb_07102025_N_253-25redo_7302025_09.qgd,b243fa53-601f-45dd-83c4-a44628c65a18,1
605,2025-07-30T19:06:03Z,2025-07-31T06:49:48Z,2025-07-31T06:50:22Z,2025-07-31T06:49:48Z,Desorbed NA,12,11,10,10,1,34,1827,,Ihyb_07102025_N_254-25redo_7302025_10.qgd,,Martin,C:/GCMSsolution/Data/Project1/Campbell RMBL Data/Ipomopsis 2025/Ihyb_07102025_N_254-25redo_7302025_10.qgd,b243fa53-601f-45dd-83c4-a44628c65a18,1
606,2025-07-30T19:06:03Z,2025-07-31T07:20:43Z,2025-07-31T07:21:17Z,2025-07-31T07:20:43Z,Desorbed NA,13,12,11,11,1,34,1855,,Ihyb_07102025_N_189-25_7302025_11.qgd,,Martin,C:/GCMSsolution/Data/Project1/Campbell RMBL Data/Ipomopsis 2025/Ihyb_07102025_N_189-25_7302025_11.qgd,b243fa53-601f-45dd-83c4-a44628c65a18,1
607,2025-07-31T08:51:44Z,2025-07-31T15:56:25Z,2025-07-31T15:51:07Z,2025-07-31T15:51:07Z,Desorbed NA,1,1,1,1,0,318,30942,,blank1_7312025_01.qgd,,Martin,C:/GCMSsolution/Data/Project1/Campbell RMBL Data/Ipomopsis 2025/blank1_7312025_01.qgd,603f0a9f-3a91-43b5-a173-e4eb0d99b153,1
608,2025-07-31T08:51:44Z,2025-07-31T16:27:01Z,2025-07-31T16:27:24Z,2025-07-31T16:27:01Z,Desorbed NA,2,2,2,2,0,23,1836,,Ihyb_07102025_N_253-25redo2_7312025_02.qgd,,Martin,C:/GCMSsolution/Data/Project1/Campbell RMBL Data/Ipomopsis 2025/Ihyb_07102025_N_253-25redo2_7312025_02.qgd,603f0a9f-3a91-43b5-a173-e4eb0d99b153,1
609,2025-07-31T08:51:44Z,NA,NA,NA,NA NA,4,3,NA,3,NA,NA,NA,skip-notrun,NA,,NA,NA,603f0a9f-3a91-43b5-a173-e4eb0d99b153,1
610,2025-07-31T08:51:44Z,2025-07-31T16:57:49Z,2025-07-31T16:58:21Z,2025-07-31T16:57:49Z,Desorbed NA,5,4,3,3,1,32,NA,,Ihyb_07162025_D_343-25_7312025_03.qgd,,Martin,C:/GCMSsolution/Data/Project1/Campbell RMBL Data/Ipomopsis 2025/Ihyb_07162025_D_343-25_7312025_03.qgd,603f0a9f-3a91-43b5-a173-e4eb0d99b153,1
611,2025-07-31T08:51:44Z,2025-07-31T17:28:46Z,2025-07-31T17:29:15Z,2025-07-31T17:28:46Z,Desorbed NA,6,5,4,4,1,29,1857,,Ihyb_07162025_D_351-25_7312025_04.qgd,,Martin,C:/GCMSsolution/Data/Project1/Campbell RMBL Data/Ipomopsis 2025/Ihyb_07162025_D_351-25_7312025_04.qgd,603f0a9f-3a91-43b5-a173-e4eb0d99b153,1
612,2025-07-31T08:51:44Z,2025-07-31T17:59:52Z,2025-07-31T18:00:25Z,2025-07-31T17:59:52Z,Desorbed NA,7,6,5,5,1,33,1866,,Ihyb_07162025_D_352-25_7312025_05.qgd,,Martin,C:/GCMSsolution/Data/Project1/Campbell RMBL Data/Ipomopsis 2025/Ihyb_07162025_D_352-25_7312025_05.qgd,603f0a9f-3a91-43b5-a173-e4eb0d99b153,1
613,2025-07-31T08:51:44Z,2025-07-31T18:31:08Z,2025-07-31T18:31:41Z,2025-07-31T18:31:08Z,Desorbed NA,8,7,6,6,1,33,1876,,Ihyb_07162025_D_346-25_7312025_06.qgd,,Martin,C:/GCMSsolution/Data/Project1/Campbell RMBL Data/Ipomopsis 2025/Ihyb_07162025_D_346-25_7312025_06.qgd,603f0a9f-3a91-43b5-a173-e4eb0d99b153,1
614,2025-07-31T08:51:44Z,2025-07-31T19:02:30Z,2025-07-31T19:02:55Z,2025-07-31T19:02:30Z,Desorbed NA,9,8,7,7,1,25,1882,,Ihyb_07162025_D_338-25_7312025_07.qgd,,Martin,C:/GCMSsolution/Data/Project1/Campbell RMBL Data/Ipomopsis 2025/Ihyb_07162025_D_338-25_7312025_07.qgd,603f0a9f-3a91-43b5-a173-e4eb0d99b153,1
615,2025-07-31T08:51:44Z,2025-07-31T19:34:51Z,2025-07-31T19:34:32Z,2025-07-31T19:34:32Z,Desorbed NA,11,9,8,8,1,19,1941,,Ihyb_07162025_D_322-25_7312025_08.qgd,,Martin,C:/GCMSsolution/Data/Project1/Campbell RMBL Data/Ipomopsis 2025/Ihyb_07162025_D_322-25_7312025_08.qgd,603f0a9f-3a91-43b5-a173-e4eb0d99b153,1
616,2025-07-31T08:51:44Z,2025-07-31T20:05:45Z,2025-07-31T20:06:20Z,2025-07-31T20:05:45Z,Desorbed NA,12,10,9,9,1,35,1854,,Ihyb_07162025_D_336-25_7312025_09.qgd,,Martin,C:/GCMSsolution/Data/Project1/Campbell RMBL Data/Ipomopsis 2025/Ihyb_07162025_D_336-25_7312025_09.qgd,603f0a9f-3a91-43b5-a173-e4eb0d99b153,1
617,2025-07-31T08:51:44Z,2025-07-31T20:37:42Z,2025-07-31T20:38:17Z,2025-07-31T20:37:42Z,Desorbed NA,13,11,10,10,1,35,1917,,Ihyb_07162025_D_335-25_7312025_10.qgd,,Martin,C:/GCMSsolution/Data/Project1/Campbell RMBL Data/Ipomopsis 2025/Ihyb_07162025_D_335-25_7312025_10.qgd,603f0a9f-3a91-43b5-a173-e4eb0d99b153,1
618,2025-07-31T08:51:44Z,2025-07-31T21:09:39Z,2025-07-31T21:10:31Z,2025-07-31T21:09:39Z,Leak-test failure High Pressure Leak Failure,14,12,11,11,1,51.5,1917.5,leak-blank,Ihyb_07162025_D_341-25_7312025_11.qgd,,Martin,C:/GCMSsolution/Data/Project1/Campbell RMBL Data/Ipomopsis 2025/Ihyb_07162025_D_341-25_7312025_11.qgd,603f0a9f-3a91-43b5-a173-e4eb0d99b153,1
619,2025-07-31T08:51:44Z,2025-07-31T21:41:37Z,2025-07-31T21:41:42Z,2025-07-31T21:41:37Z,Desorbed NA,15,13,12,12,1,5,1917.5,,Ihyb_07162025_D_344-25_7312025_12.qgd,,Martin,C:/GCMSsolution/Data/Project1/Campbell RMBL Data/Ipomopsis 2025/Ihyb_07162025_D_344-25_7312025_12.qgd,603f0a9f-3a91-43b5-a173-e4eb0d99b153,1
620,2025-07-31T08:51:44Z,2025-07-31T22:13:45Z,2025-07-31T22:14:12Z,2025-07-31T22:13:45Z,Desorbed NA,16,14,13,13,1,27,1928,,Ihyb_07162025_D_348-25_7312025_13.qgd,,Martin,C:/GCMSsolution/Data/Project1/Campbell RMBL Data/Ipomopsis 2025/Ihyb_07162025_D_348-25_7312025_13.qgd,603f0a9f-3a91-43b5-a173-e4eb0d99b153,1
621,2025-07-31T08:51:44Z,2025-07-31T22:46:18Z,2025-07-31T22:46:52Z,2025-07-31T22:46:18Z,Desorbed NA,17,15,14,14,1,34,1953,,Ihyb_07162025_D_329-25_7312025_14.qgd,,Martin,C:/GCMSsolution/Data/Project1/Campbell RMBL Data/Ipomopsis 2025/Ihyb_07162025_D_329-25_7312025_14.qgd,603f0a9f-3a91-43b5-a173-e4eb0d99b153,1
622,2025-07-31T08:51:44Z,2025-07-31T23:18:45Z,2025-07-31T23:19:19Z,2025-07-31T23:18:45Z,Desorbed NA,18,16,15,15,1,34,1947,,Ihyb_07162025_D_339-25_7312025_15.qgd,,Martin,C:/GCMSsolution/Data/Project1/Campbell RMBL Data/Ipomopsis 2025/Ihyb_07162025_D_339-25_7312025_15.qgd,603f0a9f-3a91-43b5-a173-e4eb0d99b153,1
623,2025-07-31T08:51:44Z,2025-07-31T23:50:58Z,2025-07-31T23:51:29Z,2025-07-31T23:50:58Z,Desorbed NA,19,17,16,16,1,31,1933,,Ihyb_07162025_D_356-25_7312025_16.qgd,,Martin,C:/GCMSsolution/Data/Project1/Campbell RMBL Data/Ipomopsis 2025/Ihyb_07162025_D_356-25_7312025_16.qgd,603f0a9f-3a91-43b5-a173-e4eb0d99b153,1
624,2025-07-31T08:51:44Z,2025-08-01T00:22:46Z,2025-08-01T00:23:22Z,2025-08-01T00:22:46Z,Desorbed NA,20,18,17,17,1,36,1908,,Ihyb_07162025_D_342-25_7312025_17.qgd,,Martin,C:/GCMSsolution/Data/Project1/Campbell RMBL Data/Ipomopsis 2025/Ihyb_07162025_D_342-25_7312025_17.qgd,603f0a9f-3a91-43b5-a173-e4eb0d99b153,1
625,2025-07-31T08:51:44Z,2025-08-01T00:55:23Z,2025-08-01T00:55:07Z,2025-08-01T00:55:07Z,Desorbed NA,21,19,18,18,1,16,1957,,Ihyb_07162025_D_354-25_7312025_18.qgd,,Martin,C:/GCMSsolution/Data/Project1/Campbell RMBL Data/Ipomopsis 2025/Ihyb_07162025_D_354-25_7312025_18.qgd,603f0a9f-3a91-43b5-a173-e4eb0d99b153,1
626,2025-07-31T08:51:44Z,2025-08-01T01:26:09Z,2025-08-01T01:26:46Z,2025-08-01T01:26:09Z,Desorbed NA,22,20,19,19,1,37,1846,,Ihyb_07162025_D_345-25_7312025_19.qgd,,Martin,C:/GCMSsolution/Data/Project1/Campbell RMBL Data/Ipomopsis 2025/Ihyb_07162025_D_345-25_7312025_19.qgd,603f0a9f-3a91-43b5-a173-e4eb0d99b153,1
627,2025-07-31T08:51:44Z,2025-08-01T01:57:40Z,2025-08-01T01:58:14Z,2025-08-01T01:57:40Z,Desorbed NA,23,21,20,20,1,34,1891,,Ihyb_07162025_D_277-25_7312025_20.qgd,,Martin,C:/GCMSsolution/Data/Project1/Campbell RMBL Data/Ipomopsis 2025/Ihyb_07162025_D_277-25_7312025_20.qgd,603f0a9f-3a91-43b5-a173-e4eb0d99b153,1
628,2025-07-31T08:51:44Z,NA,NA,NA,NA NA,24,22,NA,22,NA,NA,NA,skip-notrun,NA,,NA,NA,603f0a9f-3a91-43b5-a173-e4eb0d99b153,1
629,2025-07-31T08:51:44Z,2025-08-01T02:28:56Z,2025-08-01T02:29:29Z,2025-08-01T02:28:56Z,Desorbed NA,25,23,21,21,2,33,NA,,Ihyb_07162025_D_327-25_7312025_21.qgd,,Martin,C:/GCMSsolution/Data/Project1/Campbell RMBL Data/Ipomopsis 2025/Ihyb_07162025_D_327-25_7312025_21.qgd,603f0a9f-3a91-43b5-a173-e4eb0d99b153,1
630,2025-07-31T08:51:44Z,2025-08-01T03:00:08Z,2025-08-01T03:00:43Z,2025-08-01T03:00:08Z,Desorbed NA,26,24,22,22,2,35,1872,,Ihyb_07162025_D_350-25_7312025_22.qgd,,Martin,C:/GCMSsolution/Data/Project1/Campbell RMBL Data/Ipomopsis 2025/Ihyb_07162025_D_350-25_7312025_22.qgd,603f0a9f-3a91-43b5-a173-e4eb0d99b153,1
631,2025-07-31T08:51:44Z,2025-08-01T03:31:24Z,2025-08-01T03:31:58Z,2025-08-01T03:31:24Z,Desorbed NA,27,25,23,23,2,34,1876,,Ihyb_07162025_D_355-25_7312025_23.qgd,,Martin,C:/GCMSsolution/Data/Project1/Campbell RMBL Data/Ipomopsis 2025/Ihyb_07162025_D_355-25_7312025_23.qgd,603f0a9f-3a91-43b5-a173-e4eb0d99b153,1
632,2025-08-01T13:50:33Z,2025-08-01T20:55:12Z,2025-08-01T20:50:22Z,2025-08-01T20:50:22Z,Desorbed NA,1,1,1,1,0,290,62628,,blank1_812025_01.qgd,,Martin,C:/GCMSsolution/Data/Project1/Campbell RMBL Data/Ipomopsis 2025/blank1_812025_01.qgd,d52e050a-039a-44dc-953c-78f19f0d89c1,1
633,2025-08-01T13:50:33Z,2025-08-01T21:25:45Z,2025-08-01T21:26:11Z,2025-08-01T21:25:45Z,Desorbed NA,4,2,2,2,0,26,1833,,Ihyb_07162025_D_343-25redo_812025_02.qgd,,Martin,C:/GCMSsolution/Data/Project1/Campbell RMBL Data/Ipomopsis 2025/Ihyb_07162025_D_343-25redo_812025_02.qgd,d52e050a-039a-44dc-953c-78f19f0d89c1,1
634,2025-08-01T13:50:33Z,2025-08-01T21:57:28Z,2025-08-01T21:57:08Z,2025-08-01T21:57:08Z,Desorbed NA,14,3,3,3,0,20,1903,,Ihyb_07162025_D_344-25redo_812025_03.qgd,,Martin,C:/GCMSsolution/Data/Project1/Campbell RMBL Data/Ipomopsis 2025/Ihyb_07162025_D_344-25redo_812025_03.qgd,d52e050a-039a-44dc-953c-78f19f0d89c1,1
635,2025-08-01T13:50:33Z,2025-08-01T22:28:46Z,2025-08-01T22:28:29Z,2025-08-01T22:28:29Z,Desorbed NA,24,4,4,4,0,17,1878,,Ihyb_07162025_D_350-25redo_812025_04.qgd,,Martin,C:/GCMSsolution/Data/Project1/Campbell RMBL Data/Ipomopsis 2025/Ihyb_07162025_D_350-25redo_812025_04.qgd,d52e050a-039a-44dc-953c-78f19f0d89c1,1
636,2025-08-01T16:12:19Z,2025-08-01T23:16:53Z,2025-08-01T23:11:50Z,2025-08-01T23:11:50Z,Desorbed NA,2,1,1,1,0,303,2887,,VF_07182025_N_67-25_812025_01.qgd,,Martin,C:/GCMSsolution/Data/Project1/Campbell RMBL Data/Ipomopsis 2025/VF_07182025_N_67-25_812025_01.qgd,a9e8c044-7672-45ef-a891-4a9ac68d5425,1
637,2025-08-01T16:12:19Z,2025-08-01T23:47:26Z,2025-08-01T23:48:00Z,2025-08-01T23:47:26Z,Desorbed NA,4,2,2,2,0,34,1833,,VF_07182025_N_63-25_812025_02.qgd,,Martin,C:/GCMSsolution/Data/Project1/Campbell RMBL Data/Ipomopsis 2025/VF_07182025_N_63-25_812025_02.qgd,a9e8c044-7672-45ef-a891-4a9ac68d5425,1
638,2025-08-01T16:12:19Z,NA,NA,NA,NA NA,5,3,NA,3,NA,NA,NA,skip-notrun,NA,,NA,NA,a9e8c044-7672-45ef-a891-4a9ac68d5425,1
639,2025-08-01T16:12:19Z,2025-08-02T00:18:31Z,2025-08-02T00:19:03Z,2025-08-02T00:18:31Z,Desorbed NA,6,4,3,3,1,32,NA,,VF_07182025_N_71-25_812025_03.qgd,,Martin,C:/GCMSsolution/Data/Project1/Campbell RMBL Data/Ipomopsis 2025/VF_07182025_N_71-25_812025_03.qgd,a9e8c044-7672-45ef-a891-4a9ac68d5425,1
640,2025-08-01T16:12:19Z,2025-08-02T00:49:41Z,2025-08-02T00:50:15Z,2025-08-02T00:49:41Z,Desorbed NA,7,5,4,4,1,34,1870,,VF_07182025_N_77-25_812025_04.qgd,,Martin,C:/GCMSsolution/Data/Project1/Campbell RMBL Data/Ipomopsis 2025/VF_07182025_N_77-25_812025_04.qgd,a9e8c044-7672-45ef-a891-4a9ac68d5425,1
641,2025-08-01T16:12:19Z,2025-08-02T01:20:52Z,2025-08-02T01:21:23Z,2025-08-02T01:20:52Z,Desorbed NA,8,6,5,5,1,31,1871,,VF_07182025_N_83-25_812025_05.qgd,,Martin,C:/GCMSsolution/Data/Project1/Campbell RMBL Data/Ipomopsis 2025/VF_07182025_N_83-25_812025_05.qgd,a9e8c044-7672-45ef-a891-4a9ac68d5425,1
642,2025-08-01T16:12:19Z,2025-08-02T01:51:58Z,2025-08-02T01:52:32Z,2025-08-02T01:51:58Z,Desorbed NA,9,7,6,6,1,34,1866,,VF_07182025_N_82-25_812025_06.qgd,,Martin,C:/GCMSsolution/Data/Project1/Campbell RMBL Data/Ipomopsis 2025/VF_07182025_N_82-25_812025_06.qgd,a9e8c044-7672-45ef-a891-4a9ac68d5425,1
643,2025-08-01T16:12:19Z,2025-08-02T02:23:08Z,2025-08-02T02:23:36Z,2025-08-02T02:23:08Z,Desorbed NA,10,8,7,7,1,28,1870,,VF_07182025_N_76-25_812025_07.qgd,,Martin,C:/GCMSsolution/Data/Project1/Campbell RMBL Data/Ipomopsis 2025/VF_07182025_N_76-25_812025_07.qgd,a9e8c044-7672-45ef-a891-4a9ac68d5425,1
644,2025-08-01T16:12:19Z,2025-08-02T02:55:02Z,2025-08-02T02:54:40Z,2025-08-02T02:54:40Z,Desorbed NA,11,9,8,8,1,22,1914,,VF_07182025_N_72-25_812025_08.qgd,,Martin,C:/GCMSsolution/Data/Project1/Campbell RMBL Data/Ipomopsis 2025/VF_07182025_N_72-25_812025_08.qgd,a9e8c044-7672-45ef-a891-4a9ac68d5425,1
645,2025-08-01T16:12:19Z,2025-08-02T03:25:32Z,2025-08-02T03:26:04Z,2025-08-02T03:25:32Z,Desorbed NA,12,10,9,9,1,32,1830,,VF_07182025_N_68-25_812025_09.qgd,,Martin,C:/GCMSsolution/Data/Project1/Campbell RMBL Data/Ipomopsis 2025/VF_07182025_N_68-25_812025_09.qgd,a9e8c044-7672-45ef-a891-4a9ac68d5425,1
646,2025-08-01T16:12:19Z,2025-08-02T03:56:40Z,2025-08-02T03:57:07Z,2025-08-02T03:56:40Z,Desorbed NA,13,11,10,10,1,27,1868,,VF_07182025_N_66-25_812025_10.qgd,,Martin,C:/GCMSsolution/Data/Project1/Campbell RMBL Data/Ipomopsis 2025/VF_07182025_N_66-25_812025_10.qgd,a9e8c044-7672-45ef-a891-4a9ac68d5425,1
647,2025-08-01T16:12:19Z,2025-08-02T04:27:39Z,2025-08-02T04:28:15Z,2025-08-02T04:27:39Z,Desorbed NA,14,12,11,11,1,36,1859,,VF_07182025_N_92-25_812025_11.qgd,,Martin,C:/GCMSsolution/Data/Project1/Campbell RMBL Data/Ipomopsis 2025/VF_07182025_N_92-25_812025_11.qgd,a9e8c044-7672-45ef-a891-4a9ac68d5425,1
648,2025-08-01T16:12:19Z,2025-08-02T04:58:43Z,2025-08-02T04:59:18Z,2025-08-02T04:58:43Z,Desorbed NA,15,13,12,12,1,35,1864,,VF_07182025_N_65-25_812025_12.qgd,,Martin,C:/GCMSsolution/Data/Project1/Campbell RMBL Data/Ipomopsis 2025/VF_07182025_N_65-25_812025_12.qgd,a9e8c044-7672-45ef-a891-4a9ac68d5425,1
649,2025-08-01T16:12:19Z,2025-08-02T05:29:51Z,2025-08-02T05:30:22Z,2025-08-02T05:29:51Z,NA Leak Test Pressurise Failed,16,14,13,13,1,31,1868,leak-blank,VF_07182025_N_75-25_812025_13.qgd,,Martin,C:/GCMSsolution/Data/Project1/Campbell RMBL Data/Ipomopsis 2025/VF_07182025_N_75-25_812025_13.qgd,a9e8c044-7672-45ef-a891-4a9ac68d5425,1
650,2025-08-01T16:12:19Z,2025-08-02T06:00:59Z,2025-08-02T06:00:56Z,2025-08-02T06:00:56Z,Desorbed NA,17,15,14,14,1,3,1868,,VF_07182025_N_69-25_812025_14.qgd,,Martin,C:/GCMSsolution/Data/Project1/Campbell RMBL Data/Ipomopsis 2025/VF_07182025_N_69-25_812025_14.qgd,a9e8c044-7672-45ef-a891-4a9ac68d5425,1
651,2025-08-01T16:12:19Z,2025-08-02T06:31:26Z,2025-08-02T06:31:55Z,2025-08-02T06:31:26Z,Desorbed NA,18,16,15,15,1,29,1827,,VF_07182025_N_79-25_812025_15.qgd,,Martin,C:/GCMSsolution/Data/Project1/Campbell RMBL Data/Ipomopsis 2025/VF_07182025_N_79-25_812025_15.qgd,a9e8c044-7672-45ef-a891-4a9ac68d5425,1
652,2025-08-03T13:25:44Z,2025-08-03T20:30:22Z,2025-08-03T20:25:13Z,2025-08-03T20:25:13Z,Desorbed NA,1,1,1,1,0,309,136736,,blank_832025_01.qgd,,Martin,C:/GCMSsolution/Data/Project1/Campbell RMBL Data/Ipomopsis 2025/blank_832025_01.qgd,cc40afe7-e588-4328-b3cf-e0333df65baf,1
653,2025-08-03T13:25:44Z,2025-08-03T21:00:55Z,2025-08-03T21:01:22Z,2025-08-03T21:00:55Z,Desorbed NA,2,2,2,2,0,27,1833,,VF_07112025_D_257-25_832025_02.qgd,,Martin,C:/GCMSsolution/Data/Project1/Campbell RMBL Data/Ipomopsis 2025/VF_07112025_D_257-25_832025_02.qgd,cc40afe7-e588-4328-b3cf-e0333df65baf,1
654,2025-08-03T13:25:44Z,2025-08-03T21:32:38Z,2025-08-03T21:33:09Z,2025-08-03T21:32:38Z,Desorbed NA,4,3,3,3,0,31,1903,,VF_07112025_D_261-25_832025_03.qgd,,Martin,C:/GCMSsolution/Data/Project1/Campbell RMBL Data/Ipomopsis 2025/VF_07112025_D_261-25_832025_03.qgd,cc40afe7-e588-4328-b3cf-e0333df65baf,1
655,2025-08-03T13:25:44Z,2025-08-03T22:04:46Z,2025-08-03T22:05:10Z,2025-08-03T22:04:46Z,Desorbed NA,5,4,4,4,0,24,1928,,VF_07182025_N_71-25redo_832025_04.qgd,,Martin,C:/GCMSsolution/Data/Project1/Campbell RMBL Data/Ipomopsis 2025/VF_07182025_N_71-25redo_832025_04.qgd,cc40afe7-e588-4328-b3cf-e0333df65baf,1
656,2025-08-03T13:25:44Z,2025-08-03T22:36:54Z,2025-08-03T22:37:21Z,2025-08-03T22:36:54Z,Desorbed NA,6,5,5,5,0,27,1928,,VF_07112025_D_255-25_832025_05.qgd,,Martin,C:/GCMSsolution/Data/Project1/Campbell RMBL Data/Ipomopsis 2025/VF_07112025_D_255-25_832025_05.qgd,cc40afe7-e588-4328-b3cf-e0333df65baf,1
657,2025-08-03T13:25:44Z,2025-08-03T23:09:11Z,2025-08-03T23:09:48Z,2025-08-03T23:09:11Z,Desorbed NA,7,6,6,6,0,37,1937,,VF_07112025_D_248-25_832025_06.qgd,,Martin,C:/GCMSsolution/Data/Project1/Campbell RMBL Data/Ipomopsis 2025/VF_07112025_D_248-25_832025_06.qgd,cc40afe7-e588-4328-b3cf-e0333df65baf,1
658,2025-08-03T13:25:44Z,2025-08-03T23:41:51Z,2025-08-03T23:42:16Z,2025-08-03T23:41:51Z,Desorbed NA,8,7,7,7,0,25,1960,,VF_07112025_D_258-25_832025_07.qgd,,Martin,C:/GCMSsolution/Data/Project1/Campbell RMBL Data/Ipomopsis 2025/VF_07112025_D_258-25_832025_07.qgd,cc40afe7-e588-4328-b3cf-e0333df65baf,1
659,2025-08-03T13:25:44Z,2025-08-04T00:14:32Z,2025-08-04T00:15:09Z,2025-08-04T00:14:32Z,Desorbed NA,9,8,8,8,0,37,1961,,VF_07112025_D_266-25_832025_08.qgd,,Martin,C:/GCMSsolution/Data/Project1/Campbell RMBL Data/Ipomopsis 2025/VF_07112025_D_266-25_832025_08.qgd,cc40afe7-e588-4328-b3cf-e0333df65baf,1
660,2025-08-03T13:25:44Z,2025-08-04T00:47:22Z,2025-08-04T00:47:58Z,2025-08-04T00:47:22Z,Desorbed NA,10,9,9,9,0,36,1970,,VF_07112025_D_272-25_832025_09.qgd,,Martin,C:/GCMSsolution/Data/Project1/Campbell RMBL Data/Ipomopsis 2025/VF_07112025_D_272-25_832025_09.qgd,cc40afe7-e588-4328-b3cf-e0333df65baf,1
661,2025-08-03T13:25:44Z,2025-08-04T01:21:24Z,2025-08-04T01:20:56Z,2025-08-04T01:20:56Z,Desorbed NA,11,10,10,10,0,28,2042,,VF_07112025_D_267-25_832025_10.qgd,,Martin,C:/GCMSsolution/Data/Project1/Campbell RMBL Data/Ipomopsis 2025/VF_07112025_D_267-25_832025_10.qgd,cc40afe7-e588-4328-b3cf-e0333df65baf,1
662,2025-08-03T13:25:44Z,2025-08-04T01:53:23Z,2025-08-04T01:53:53Z,2025-08-04T01:53:23Z,Desorbed NA,12,11,11,11,0,30,1919,,VF_07112025_D_268-25_832025_11.qgd,,Martin,C:/GCMSsolution/Data/Project1/Campbell RMBL Data/Ipomopsis 2025/VF_07112025_D_268-25_832025_11.qgd,cc40afe7-e588-4328-b3cf-e0333df65baf,1
663,2025-08-03T13:25:44Z,2025-08-04T02:26:10Z,2025-08-04T02:26:39Z,2025-08-04T02:26:10Z,Desorbed NA,13,12,12,12,0,29,1967,,VF_07112025_D_263-25_832025_12.qgd,,Martin,C:/GCMSsolution/Data/Project1/Campbell RMBL Data/Ipomopsis 2025/VF_07112025_D_263-25_832025_12.qgd,cc40afe7-e588-4328-b3cf-e0333df65baf,1
664,2025-08-03T13:25:44Z,2025-08-04T02:58:36Z,2025-08-04T02:59:10Z,2025-08-04T02:58:36Z,Desorbed NA,14,13,13,13,0,34,1946,,VF_07112025_D_173-25_832025_13.qgd,,Martin,C:/GCMSsolution/Data/Project1/Campbell RMBL Data/Ipomopsis 2025/VF_07112025_D_173-25_832025_13.qgd,cc40afe7-e588-4328-b3cf-e0333df65baf,1
665,2025-08-03T13:25:44Z,2025-08-04T03:30:51Z,2025-08-04T03:31:25Z,2025-08-04T03:30:51Z,Desorbed NA,15,14,14,14,0,34,1935,,VF_07112025_D_179-25_832025_14.qgd,,Martin,C:/GCMSsolution/Data/Project1/Campbell RMBL Data/Ipomopsis 2025/VF_07112025_D_179-25_832025_14.qgd,cc40afe7-e588-4328-b3cf-e0333df65baf,1
666,2025-08-03T13:25:44Z,2025-08-04T04:02:51Z,2025-08-04T04:03:23Z,2025-08-04T04:02:51Z,Desorbed NA,16,15,15,15,0,32,1920,,VF_07182025_N_69-25redo_832025_15.qgd,,Martin,C:/GCMSsolution/Data/Project1/Campbell RMBL Data/Ipomopsis 2025/VF_07182025_N_69-25redo_832025_15.qgd,cc40afe7-e588-4328-b3cf-e0333df65baf,1
667,2025-08-03T13:25:44Z,2025-08-04T04:34:33Z,2025-08-04T04:34:57Z,2025-08-04T04:34:33Z,Desorbed NA,17,16,16,16,0,24,1902,,VF_07112025_D_186-25_832025_16.qgd,,Martin,C:/GCMSsolution/Data/Project1/Campbell RMBL Data/Ipomopsis 2025/VF_07112025_D_186-25_832025_16.qgd,cc40afe7-e588-4328-b3cf-e0333df65baf,1
668,2025-08-03T13:25:44Z,2025-08-04T05:05:54Z,2025-08-04T05:06:26Z,2025-08-04T05:05:54Z,Desorbed NA,18,17,17,17,0,32,1881,,VF_07112025_D_161-25_832025_17.qgd,,Martin,C:/GCMSsolution/Data/Project1/Campbell RMBL Data/Ipomopsis 2025/VF_07112025_D_161-25_832025_17.qgd,cc40afe7-e588-4328-b3cf-e0333df65baf,1
669,2025-08-03T13:25:44Z,2025-08-04T05:37:14Z,2025-08-04T05:37:47Z,2025-08-04T05:37:14Z,Desorbed NA,19,18,18,18,0,33,1880,,VF_07112025_D_163-25_832025_18.qgd,,Martin,C:/GCMSsolution/Data/Project1/Campbell RMBL Data/Ipomopsis 2025/VF_07112025_D_163-25_832025_18.qgd,cc40afe7-e588-4328-b3cf-e0333df65baf,1
670,2025-08-03T13:25:44Z,2025-08-04T06:08:26Z,2025-08-04T06:08:59Z,2025-08-04T06:08:26Z,Desorbed NA,20,19,19,19,0,33,1872,,VF_07112025_D_270-25_832025_19.qgd,,Martin,C:/GCMSsolution/Data/Project1/Campbell RMBL Data/Ipomopsis 2025/VF_07112025_D_270-25_832025_19.qgd,cc40afe7-e588-4328-b3cf-e0333df65baf,1
671,2025-08-04T15:03:39Z,2025-08-04T22:08:14Z,2025-08-04T22:03:18Z,2025-08-04T22:03:18Z,Desorbed NA,1,1,1,1,0,296,57588,,blank_842025_01.qgd,,Martin,C:/GCMSsolution/Data/Project1/Campbell RMBL Data/Ipomopsis 2025/blank_842025_01.qgd,8e50805a-60ca-4307-9375-36b11aa8fcf9,1
672,2025-08-04T15:03:39Z,2025-08-04T22:38:42Z,2025-08-04T22:39:14Z,2025-08-04T22:38:42Z,Desorbed NA,2,2,2,2,0,32,1828,,VF_07112025_D_256-25_842025_02.qgd,,Martin,C:/GCMSsolution/Data/Project1/Campbell RMBL Data/Ipomopsis 2025/VF_07112025_D_256-25_842025_02.qgd,8e50805a-60ca-4307-9375-36b11aa8fcf9,1
673,2025-08-04T15:03:39Z,NA,NA,NA,NA NA,4,3,NA,3,NA,NA,NA,skip-notrun,NA,,NA,NA,8e50805a-60ca-4307-9375-36b11aa8fcf9,1
674,2025-08-04T15:03:39Z,2025-08-04T23:11:24Z,2025-08-04T23:11:48Z,2025-08-04T23:11:24Z,Desorbed NA,5,4,3,3,1,24,NA,,VF_07112025_D_269-25_842025_03.qgd,,Martin,C:/GCMSsolution/Data/Project1/Campbell RMBL Data/Ipomopsis 2025/VF_07112025_D_269-25_842025_03.qgd,8e50805a-60ca-4307-9375-36b11aa8fcf9,1
675,2025-08-04T15:03:39Z,2025-08-04T23:44:19Z,2025-08-04T23:44:45Z,2025-08-04T23:44:19Z,Desorbed NA,6,5,4,4,1,26,1975,,VF_07112025_D_259-25_842025_04.qgd,,Martin,C:/GCMSsolution/Data/Project1/Campbell RMBL Data/Ipomopsis 2025/VF_07112025_D_259-25_842025_04.qgd,8e50805a-60ca-4307-9375-36b11aa8fcf9,1
676,2025-08-04T15:03:39Z,2025-08-05T00:16:25Z,2025-08-05T00:17:01Z,2025-08-05T00:16:25Z,Desorbed NA,7,6,5,5,1,36,1926,,VF_07112025_D_174-25_842025_05.qgd,,Martin,C:/GCMSsolution/Data/Project1/Campbell RMBL Data/Ipomopsis 2025/VF_07112025_D_174-25_842025_05.qgd,8e50805a-60ca-4307-9375-36b11aa8fcf9,1
677,2025-08-04T15:03:39Z,2025-08-05T00:48:44Z,2025-08-05T00:49:21Z,2025-08-05T00:48:44Z,Desorbed NA,8,7,6,6,1,37,1939,,VF_07112025_D_175-25_842025_06.qgd,,Martin,C:/GCMSsolution/Data/Project1/Campbell RMBL Data/Ipomopsis 2025/VF_07112025_D_175-25_842025_06.qgd,8e50805a-60ca-4307-9375-36b11aa8fcf9,1
678,2025-08-04T15:03:39Z,2025-08-05T01:21:02Z,2025-08-05T01:21:37Z,2025-08-05T01:21:02Z,Desorbed NA,9,8,7,7,1,35,1938,,VF_07112025_D_171-25_842025_07.qgd,,Martin,C:/GCMSsolution/Data/Project1/Campbell RMBL Data/Ipomopsis 2025/VF_07112025_D_171-25_842025_07.qgd,8e50805a-60ca-4307-9375-36b11aa8fcf9,1
679,2025-08-04T15:03:39Z,2025-08-05T01:53:11Z,2025-08-05T01:53:44Z,2025-08-05T01:53:11Z,Desorbed NA,10,9,8,8,1,33,1929,,VF_07112025_D_172-25_842025_08.qgd,,Martin,C:/GCMSsolution/Data/Project1/Campbell RMBL Data/Ipomopsis 2025/VF_07112025_D_172-25_842025_08.qgd,8e50805a-60ca-4307-9375-36b11aa8fcf9,1
680,2025-08-04T15:03:39Z,2025-08-05T02:27:02Z,2025-08-05T02:26:58Z,2025-08-05T02:26:58Z,Desorbed NA,11,10,9,9,1,4,2031,,VF_07112025_D_162-25_842025_09.qgd,,Martin,C:/GCMSsolution/Data/Project1/Campbell RMBL Data/Ipomopsis 2025/VF_07112025_D_162-25_842025_09.qgd,8e50805a-60ca-4307-9375-36b11aa8fcf9,1
681,2025-08-04T15:03:39Z,2025-08-05T02:59:06Z,2025-08-05T02:59:42Z,2025-08-05T02:59:06Z,Desorbed NA,12,11,10,10,1,36,1924,,VF_07112025_D_26525_842025_10.qgd,,Martin,C:/GCMSsolution/Data/Project1/Campbell RMBL Data/Ipomopsis 2025/VF_07112025_D_26525_842025_10.qgd,8e50805a-60ca-4307-9375-36b11aa8fcf9,1
682,2025-08-04T15:03:39Z,2025-08-05T03:31:38Z,2025-08-05T03:32:15Z,2025-08-05T03:31:38Z,Desorbed NA,13,12,11,11,1,37,1952,,VF_07112025_D_262-25_842025_11.qgd,,Martin,C:/GCMSsolution/Data/Project1/Campbell RMBL Data/Ipomopsis 2025/VF_07112025_D_262-25_842025_11.qgd,8e50805a-60ca-4307-9375-36b11aa8fcf9,1
683,2025-08-06T10:08:11Z,2025-08-06T17:12:50Z,2025-08-06T17:07:29Z,2025-08-06T17:07:29Z,Desorbed NA,1,1,1,1,0,321,135672,,blank_862025_01.qgd,,Martin,C:/GCMSsolution/Data/Project1/Campbell RMBL Data/Ipomopsis 2025/blank_862025_01.qgd,2c63afc2-d95f-4a09-8821-d07cbd32add5,1
684,2025-08-06T10:08:11Z,2025-08-06T17:43:24Z,2025-08-06T17:43:51Z,2025-08-06T17:43:24Z,Desorbed NA,4,2,2,2,0,27,1834,,VF_07112025_D_269-25redo_862025_02.qgd,,Martin,C:/GCMSsolution/Data/Project1/Campbell RMBL Data/Ipomopsis 2025/VF_07112025_D_269-25redo_862025_02.qgd,2c63afc2-d95f-4a09-8821-d07cbd32add5,1
685,2025-08-06T10:08:11Z,2025-08-06T18:14:37Z,2025-08-06T18:15:05Z,2025-08-06T18:14:37Z,Desorbed NA,5,3,3,3,0,28,1873,,Lagg_07152025_D_280-25_862025_03.qgd,,Martin,C:/GCMSsolution/Data/Project1/Campbell RMBL Data/Ipomopsis 2025/Lagg_07152025_D_280-25_862025_03.qgd,2c63afc2-d95f-4a09-8821-d07cbd32add5,1
686,2025-08-06T10:08:11Z,2025-08-06T18:46:09Z,2025-08-06T18:46:41Z,2025-08-06T18:46:09Z,Desorbed NA,6,4,4,4,0,32,1892,,Lagg_07152025_D_156-25_862025_04.qgd,,Martin,C:/GCMSsolution/Data/Project1/Campbell RMBL Data/Ipomopsis 2025/Lagg_07152025_D_156-25_862025_04.qgd,2c63afc2-d95f-4a09-8821-d07cbd32add5,1
687,2025-08-06T10:08:11Z,2025-08-06T19:18:01Z,2025-08-06T19:18:37Z,2025-08-06T19:18:01Z,Desorbed NA,7,5,5,5,0,36,1912,,Lagg_07152025_D_287-25_862025_05.qgd,,Martin,C:/GCMSsolution/Data/Project1/Campbell RMBL Data/Ipomopsis 2025/Lagg_07152025_D_287-25_862025_05.qgd,2c63afc2-d95f-4a09-8821-d07cbd32add5,1
688,2025-08-06T10:08:11Z,2025-08-06T19:50:19Z,2025-08-06T19:50:52Z,2025-08-06T19:50:19Z,Desorbed NA,8,6,6,6,0,33,1938,,Lagg_07152025_D_286-25_862025_06.qgd,,Martin,C:/GCMSsolution/Data/Project1/Campbell RMBL Data/Ipomopsis 2025/Lagg_07152025_D_286-25_862025_06.qgd,2c63afc2-d95f-4a09-8821-d07cbd32add5,1
689,2025-08-06T10:08:11Z,2025-08-06T20:22:52Z,2025-08-06T20:23:20Z,2025-08-06T20:22:52Z,Desorbed NA,9,7,7,7,0,28,1953,,Lagg_07152025_D_288-25_862025_07.qgd,,Martin,C:/GCMSsolution/Data/Project1/Campbell RMBL Data/Ipomopsis 2025/Lagg_07152025_D_288-25_862025_07.qgd,2c63afc2-d95f-4a09-8821-d07cbd32add5,1
690,2025-08-06T10:08:11Z,2025-08-06T20:55:15Z,2025-08-06T20:55:52Z,2025-08-06T20:55:15Z,Desorbed NA,10,8,8,8,0,37,1943,,Lagg_07152025_D_289-25_862025_08.qgd,,Martin,C:/GCMSsolution/Data/Project1/Campbell RMBL Data/Ipomopsis 2025/Lagg_07152025_D_289-25_862025_08.qgd,2c63afc2-d95f-4a09-8821-d07cbd32add5,1
691,2025-08-06T10:08:11Z,2025-08-06T21:28:38Z,2025-08-06T21:28:16Z,2025-08-06T21:28:16Z,Desorbed NA,11,9,9,9,0,22,2003,,Lagg_07152025_D_278-25_862025_09.qgd,,Martin,C:/GCMSsolution/Data/Project1/Campbell RMBL Data/Ipomopsis 2025/Lagg_07152025_D_278-25_862025_09.qgd,2c63afc2-d95f-4a09-8821-d07cbd32add5,1
692,2025-08-06T10:08:11Z,2025-08-06T22:00:10Z,2025-08-06T22:00:44Z,2025-08-06T22:00:10Z,Desorbed NA,12,10,10,10,0,34,1892,,Lagg_07152025_D_165-25_862025_10.qgd,,Martin,C:/GCMSsolution/Data/Project1/Campbell RMBL Data/Ipomopsis 2025/Lagg_07152025_D_165-25_862025_10.qgd,2c63afc2-d95f-4a09-8821-d07cbd32add5,1
693,2025-08-06T10:08:11Z,2025-08-06T22:32:42Z,2025-08-06T22:33:08Z,2025-08-06T22:32:42Z,Desorbed NA,13,11,11,11,0,26,1952,,Lagg_07152025_D_164-25_862025_11.qgd,,Martin,C:/GCMSsolution/Data/Project1/Campbell RMBL Data/Ipomopsis 2025/Lagg_07152025_D_164-25_862025_11.qgd,2c63afc2-d95f-4a09-8821-d07cbd32add5,1
694,2025-08-06T10:08:11Z,2025-08-06T23:05:11Z,2025-08-06T23:05:45Z,2025-08-06T23:05:11Z,Desorbed NA,14,12,12,12,0,34,1949,,Lagg_07152025_D_151-25_862025_12.qgd,,Martin,C:/GCMSsolution/Data/Project1/Campbell RMBL Data/Ipomopsis 2025/Lagg_07152025_D_151-25_862025_12.qgd,2c63afc2-d95f-4a09-8821-d07cbd32add5,1
695,2025-08-06T10:08:11Z,2025-08-06T23:37:59Z,2025-08-06T23:38:35Z,2025-08-06T23:37:59Z,Desorbed NA,15,13,13,13,0,36,1968,,Lagg_07152025_D_148-25_862025_13.qgd,,Martin,C:/GCMSsolution/Data/Project1/Campbell RMBL Data/Ipomopsis 2025/Lagg_07152025_D_148-25_862025_13.qgd,2c63afc2-d95f-4a09-8821-d07cbd32add5,1
696,2025-08-06T10:08:11Z,2025-08-07T00:10:10Z,2025-08-07T00:10:47Z,2025-08-07T00:10:10Z,Desorbed NA,16,14,14,14,0,37,1931,,Lagg_07152025_D_284-25_862025_14.qgd,,Martin,C:/GCMSsolution/Data/Project1/Campbell RMBL Data/Ipomopsis 2025/Lagg_07152025_D_284-25_862025_14.qgd,2c63afc2-d95f-4a09-8821-d07cbd32add5,1
697,2025-08-06T10:08:11Z,2025-08-07T00:42:31Z,2025-08-07T00:42:54Z,2025-08-07T00:42:31Z,Desorbed NA,17,15,15,15,0,23,1941,,Lagg_07152025_D_274-25_862025_15.qgd,,Martin,C:/GCMSsolution/Data/Project1/Campbell RMBL Data/Ipomopsis 2025/Lagg_07152025_D_274-25_862025_15.qgd,2c63afc2-d95f-4a09-8821-d07cbd32add5,1
698,2025-08-06T10:08:11Z,2025-08-07T01:14:45Z,2025-08-07T01:15:22Z,2025-08-07T01:14:45Z,Desorbed NA,18,16,16,16,0,37,1934,,Lagg_07152025_D_279-25_862025_16.qgd,,Martin,C:/GCMSsolution/Data/Project1/Campbell RMBL Data/Ipomopsis 2025/Lagg_07152025_D_279-25_862025_16.qgd,2c63afc2-d95f-4a09-8821-d07cbd32add5,1
699,2025-08-06T10:08:11Z,2025-08-07T01:47:18Z,2025-08-07T01:47:51Z,2025-08-07T01:47:18Z,Desorbed NA,19,17,17,17,0,33,1953,,Lagg_07152025_D_169-25_862025_17.qgd,,Martin,C:/GCMSsolution/Data/Project1/Campbell RMBL Data/Ipomopsis 2025/Lagg_07152025_D_169-25_862025_17.qgd,2c63afc2-d95f-4a09-8821-d07cbd32add5,1
700,2025-08-06T10:08:11Z,2025-08-07T02:19:35Z,2025-08-07T02:20:10Z,2025-08-07T02:19:35Z,Desorbed NA,20,18,18,18,0,35,1937,,Lagg_07152025_D_168-25_862025_18.qgd,,Martin,C:/GCMSsolution/Data/Project1/Campbell RMBL Data/Ipomopsis 2025/Lagg_07152025_D_168-25_862025_18.qgd,2c63afc2-d95f-4a09-8821-d07cbd32add5,1
701,2025-08-06T10:08:11Z,2025-08-07T02:52:31Z,2025-08-07T02:52:09Z,2025-08-07T02:52:09Z,Desorbed NA,21,19,19,19,0,22,1976,,Lagg_07152025_D_170-25_862025_19.qgd,,Martin,C:/GCMSsolution/Data/Project1/Campbell RMBL Data/Ipomopsis 2025/Lagg_07152025_D_170-25_862025_19.qgd,2c63afc2-d95f-4a09-8821-d07cbd32add5,1
702,2025-08-07T08:15:18Z,2025-08-07T15:19:58Z,2025-08-07T15:14:36Z,2025-08-07T15:14:36Z,Desorbed NA,1,1,1,1,0,322,44847,,blank_872025_01.qgd,,Martin,C:/GCMSsolution/Data/Project1/Campbell RMBL Data/Ipomopsis 2025/blank_872025_01.qgd,b3cf5d57-542d-45b7-acc6-145fa7ea9fbf,1
703,2025-08-07T08:15:18Z,2025-08-07T15:50:35Z,2025-08-07T15:51:03Z,2025-08-07T15:50:35Z,Desorbed NA,4,2,2,2,0,28,1837,,Lagg_07152025_D_282-25_872025_02.qgd,,Martin,C:/GCMSsolution/Data/Project1/Campbell RMBL Data/Ipomopsis 2025/Lagg_07152025_D_282-25_872025_02.qgd,b3cf5d57-542d-45b7-acc6-145fa7ea9fbf,1
704,2025-08-07T08:15:18Z,2025-08-07T16:21:29Z,2025-08-07T16:22:00Z,2025-08-07T16:21:29Z,Desorbed NA,5,3,3,3,0,31,1854,,Lagg_07152025_D_285-25_872025_03.qgd,,Martin,C:/GCMSsolution/Data/Project1/Campbell RMBL Data/Ipomopsis 2025/Lagg_07152025_D_285-25_872025_03.qgd,b3cf5d57-542d-45b7-acc6-145fa7ea9fbf,1
705,2025-08-07T08:15:18Z,2025-08-07T16:52:32Z,2025-08-07T16:53:07Z,2025-08-07T16:52:32Z,Desorbed NA,6,4,4,4,0,35,1863,,Lagg_07152025_D_146-25_872025_04.qgd,,Martin,C:/GCMSsolution/Data/Project1/Campbell RMBL Data/Ipomopsis 2025/Lagg_07152025_D_146-25_872025_04.qgd,b3cf5d57-542d-45b7-acc6-145fa7ea9fbf,1
706,2025-08-07T08:15:18Z,2025-08-07T17:23:50Z,2025-08-07T17:24:23Z,2025-08-07T17:23:50Z,Desorbed NA,7,5,5,5,0,33,1878,,Lagg_07152025_D_141-25_872025_05.qgd,,Martin,C:/GCMSsolution/Data/Project1/Campbell RMBL Data/Ipomopsis 2025/Lagg_07152025_D_141-25_872025_05.qgd,b3cf5d57-542d-45b7-acc6-145fa7ea9fbf,1
707,2025-08-07T08:15:18Z,2025-08-07T17:55:18Z,2025-08-07T17:55:52Z,2025-08-07T17:55:18Z,Desorbed NA,8,6,6,6,0,34,1888,,Lagg_07152025_D_143-25_872025_06.qgd,,Martin,C:/GCMSsolution/Data/Project1/Campbell RMBL Data/Ipomopsis 2025/Lagg_07152025_D_143-25_872025_06.qgd,b3cf5d57-542d-45b7-acc6-145fa7ea9fbf,1
708,2025-08-07T08:15:18Z,2025-08-07T18:27:10Z,2025-08-07T18:27:37Z,2025-08-07T18:27:10Z,Desorbed NA,9,7,7,7,0,27,1912,,Lagg_07152025_D_144-25_872025_07.qgd,,Martin,C:/GCMSsolution/Data/Project1/Campbell RMBL Data/Ipomopsis 2025/Lagg_07152025_D_144-25_872025_07.qgd,b3cf5d57-542d-45b7-acc6-145fa7ea9fbf,1
709,2025-08-07T08:15:18Z,2025-08-07T18:59:02Z,2025-08-07T18:59:36Z,2025-08-07T18:59:02Z,Desorbed NA,10,8,8,8,0,34,1912,,Lagg_07152025_D_142-25_872025_08.qgd,,Martin,C:/GCMSsolution/Data/Project1/Campbell RMBL Data/Ipomopsis 2025/Lagg_07152025_D_142-25_872025_08.qgd,b3cf5d57-542d-45b7-acc6-145fa7ea9fbf,1
710,2025-08-07T08:15:18Z,2025-08-07T19:31:59Z,2025-08-07T19:31:40Z,2025-08-07T19:31:40Z,Desorbed NA,11,9,9,9,0,19,1977,,Lagg_07152025_D_275-25_872025_09.qgd,,Martin,C:/GCMSsolution/Data/Project1/Campbell RMBL Data/Ipomopsis 2025/Lagg_07152025_D_275-25_872025_09.qgd,b3cf5d57-542d-45b7-acc6-145fa7ea9fbf,1
711,2025-08-07T08:15:18Z,2025-08-07T20:03:20Z,2025-08-07T20:03:59Z,2025-08-07T20:03:20Z,Desorbed NA,12,10,10,10,0,39,1881,,Lagg_07152025_D_276-25_872025_10.qgd,,Martin,C:/GCMSsolution/Data/Project1/Campbell RMBL Data/Ipomopsis 2025/Lagg_07152025_D_276-25_872025_10.qgd,b3cf5d57-542d-45b7-acc6-145fa7ea9fbf,1
712,2025-08-07T08:15:18Z,2025-08-07T20:35:50Z,2025-08-07T20:36:13Z,2025-08-07T20:35:50Z,Desorbed NA,13,11,11,11,0,23,1950,,Lagg_07152025_D_264-25_872025_11.qgd,,Martin,C:/GCMSsolution/Data/Project1/Campbell RMBL Data/Ipomopsis 2025/Lagg_07152025_D_264-25_872025_11.qgd,b3cf5d57-542d-45b7-acc6-145fa7ea9fbf,1
713,2025-08-07T08:15:18Z,2025-08-07T21:08:14Z,2025-08-07T21:08:50Z,2025-08-07T21:08:14Z,Desorbed NA,14,12,12,12,0,36,1944,,Lagg_07152025_D_283-25_872025_12.qgd,,Martin,C:/GCMSsolution/Data/Project1/Campbell RMBL Data/Ipomopsis 2025/Lagg_07152025_D_283-25_872025_12.qgd,b3cf5d57-542d-45b7-acc6-145fa7ea9fbf,1
714,2025-08-07T08:15:18Z,2025-08-07T21:41:05Z,2025-08-07T21:41:40Z,2025-08-07T21:41:05Z,Desorbed NA,15,13,13,13,0,35,1971,,Lagg_07152025_D_158-25_872025_13.qgd,,Martin,C:/GCMSsolution/Data/Project1/Campbell RMBL Data/Ipomopsis 2025/Lagg_07152025_D_158-25_872025_13.qgd,b3cf5d57-542d-45b7-acc6-145fa7ea9fbf,1
715,2025-08-07T08:15:18Z,2025-08-07T22:14:16Z,2025-08-07T22:14:46Z,2025-08-07T22:14:16Z,Desorbed NA,16,14,14,14,0,30,1991,,Lagg_07152025_D_155-25_872025_14.qgd,,Martin,C:/GCMSsolution/Data/Project1/Campbell RMBL Data/Ipomopsis 2025/Lagg_07152025_D_155-25_872025_14.qgd,b3cf5d57-542d-45b7-acc6-145fa7ea9fbf,1
716,2025-08-07T08:15:18Z,2025-08-07T22:46:24Z,2025-08-07T22:46:58Z,2025-08-07T22:46:24Z,Desorbed NA,17,15,15,15,0,34,1928,,Lagg_07152025_D_153-25_872025_15.qgd,,Martin,C:/GCMSsolution/Data/Project1/Campbell RMBL Data/Ipomopsis 2025/Lagg_07152025_D_153-25_872025_15.qgd,b3cf5d57-542d-45b7-acc6-145fa7ea9fbf,1
717,2025-08-07T08:15:18Z,2025-08-07T23:18:51Z,2025-08-07T23:19:31Z,2025-08-07T23:18:51Z,Desorbed NA,18,16,16,16,0,40,1947,,Lagg_07152025_D_154-25_872025_16.qgd,,Martin,C:/GCMSsolution/Data/Project1/Campbell RMBL Data/Ipomopsis 2025/Lagg_07152025_D_154-25_872025_16.qgd,b3cf5d57-542d-45b7-acc6-145fa7ea9fbf,1
718,2025-08-07T08:15:18Z,2025-08-07T23:51:28Z,2025-08-07T23:52:03Z,2025-08-07T23:51:28Z,Desorbed NA,19,17,17,17,0,35,1957,,Lagg_07152025_D_150-25_872025_17.qgd,,Martin,C:/GCMSsolution/Data/Project1/Campbell RMBL Data/Ipomopsis 2025/Lagg_07152025_D_150-25_872025_17.qgd,b3cf5d57-542d-45b7-acc6-145fa7ea9fbf,1
719,2025-08-07T08:15:18Z,2025-08-08T00:24:16Z,2025-08-08T00:24:48Z,2025-08-08T00:24:16Z,Desorbed NA,20,18,18,18,0,32,1968,,Lagg_07152025_D_147-25_872025_18.qgd,,Martin,C:/GCMSsolution/Data/Project1/Campbell RMBL Data/Ipomopsis 2025/Lagg_07152025_D_147-25_872025_18.qgd,b3cf5d57-542d-45b7-acc6-145fa7ea9fbf,1
720,2025-08-07T08:15:18Z,2025-08-08T00:57:55Z,2025-08-08T00:57:33Z,2025-08-08T00:57:33Z,Desorbed NA,21,19,19,19,0,22,2019,,Lagg_07152025_D_149-25_872025_19.qgd,,Martin,C:/GCMSsolution/Data/Project1/Campbell RMBL Data/Ipomopsis 2025/Lagg_07152025_D_149-25_872025_19.qgd,b3cf5d57-542d-45b7-acc6-145fa7ea9fbf,1
721,2025-08-07T08:15:18Z,2025-08-08T01:29:46Z,2025-08-08T01:30:23Z,2025-08-08T01:29:46Z,Desorbed NA,22,20,20,20,0,37,1911,,Lagg_07152025_D_152-25_872025_20.qgd,,Martin,C:/GCMSsolution/Data/Project1/Campbell RMBL Data/Ipomopsis 2025/Lagg_07152025_D_152-25_872025_20.qgd,b3cf5d57-542d-45b7-acc6-145fa7ea9fbf,1
722,2025-08-07T08:15:18Z,2025-08-08T02:02:32Z,2025-08-08T02:03:08Z,2025-08-08T02:02:32Z,Desorbed NA,23,21,21,21,0,36,1966,,Lagg_07152025_D_281-25_872025_21.qgd,,Martin,C:/GCMSsolution/Data/Project1/Campbell RMBL Data/Ipomopsis 2025/Lagg_07152025_D_281-25_872025_21.qgd,b3cf5d57-542d-45b7-acc6-145fa7ea9fbf,1
723,2025-08-07T08:15:18Z,2025-08-08T02:35:15Z,2025-08-08T02:35:51Z,2025-08-08T02:35:15Z,Desorbed NA,24,22,22,22,0,36,1963,,Lagg_07152025_D_157-25_872025_22.qgd,,Martin,C:/GCMSsolution/Data/Project1/Campbell RMBL Data/Ipomopsis 2025/Lagg_07152025_D_157-25_872025_22.qgd,b3cf5d57-542d-45b7-acc6-145fa7ea9fbf,1
724,2025-08-07T08:15:18Z,2025-08-08T03:07:50Z,2025-08-08T03:08:23Z,2025-08-08T03:07:50Z,Desorbed NA,25,23,23,23,0,33,1955,,Lagg_07152025_D_166-25_872025_23.qgd,,Martin,C:/GCMSsolution/Data/Project1/Campbell RMBL Data/Ipomopsis 2025/Lagg_07152025_D_166-25_872025_23.qgd,b3cf5d57-542d-45b7-acc6-145fa7ea9fbf,1
725,2025-08-07T08:15:18Z,2025-08-08T03:40:26Z,2025-08-08T03:40:52Z,2025-08-08T03:40:26Z,Desorbed NA,26,24,24,24,0,26,1956,,Lagg_07152025_D_167-25_872025_24.qgd,,Martin,C:/GCMSsolution/Data/Project1/Campbell RMBL Data/Ipomopsis 2025/Lagg_07152025_D_167-25_872025_24.qgd,b3cf5d57-542d-45b7-acc6-145fa7ea9fbf,1
726,2025-08-07T08:15:18Z,2025-08-08T04:12:40Z,2025-08-08T04:13:04Z,2025-08-08T04:12:40Z,Desorbed NA,27,25,25,25,0,24,1934,,Lagg_07152025_D_271-25_872025_25.qgd,,Martin,C:/GCMSsolution/Data/Project1/Campbell RMBL Data/Ipomopsis 2025/Lagg_07152025_D_271-25_872025_25.qgd,b3cf5d57-542d-45b7-acc6-145fa7ea9fbf,1
727,2025-08-07T08:15:18Z,2025-08-08T04:45:35Z,2025-08-08T04:46:11Z,2025-08-08T04:45:35Z,Desorbed NA,28,26,26,26,0,36,1975,,Lagg_07152025_D_159-25_872025_26.qgd,,Martin,C:/GCMSsolution/Data/Project1/Campbell RMBL Data/Ipomopsis 2025/Lagg_07152025_D_159-25_872025_26.qgd,b3cf5d57-542d-45b7-acc6-145fa7ea9fbf,1
728,2025-08-07T08:15:18Z,2025-08-08T05:17:31Z,2025-08-08T05:18:01Z,2025-08-08T05:17:31Z,Desorbed NA,29,27,27,27,0,30,1916,,Lagg_07152025_D_160-25_872025_27.qgd,,Martin,C:/GCMSsolution/Data/Project1/Campbell RMBL Data/Ipomopsis 2025/Lagg_07152025_D_160-25_872025_27.qgd,b3cf5d57-542d-45b7-acc6-145fa7ea9fbf,1
729,2025-08-07T08:15:18Z,2025-08-08T05:49:57Z,2025-08-08T05:50:29Z,2025-08-08T05:49:57Z,Desorbed NA,30,28,28,28,0,32,1946,,Lagg_07152025_D_273-25_872025_28.qgd,,Martin,C:/GCMSsolution/Data/Project1/Campbell RMBL Data/Ipomopsis 2025/Lagg_07152025_D_273-25_872025_28.qgd,b3cf5d57-542d-45b7-acc6-145fa7ea9fbf,1
730,2025-08-08T08:19:56Z,2025-08-08T15:24:39Z,2025-08-08T15:36:17Z,2025-08-08T15:24:39Z,Desorbed NA,1,1,1,1,0,698,34482,,blank_882025_01.qgd,,NA,C:/GCMSsolution/Data/Project1/Campbell RMBL Data/Anne Worley P_brandegeei 2024/blank_882025_01.qgd,26e9cc75-c9b4-40b8-aaf5-0eee9252f5d3,1
731,2025-08-08T08:19:56Z,NA,NA,NA,NA NA,4,2,NA,2,NA,NA,NA,skip-notrun,NA,,NA,NA,26e9cc75-c9b4-40b8-aaf5-0eee9252f5d3,1
732,2025-08-08T08:37:03Z,2025-08-08T15:55:22Z,NA,2025-08-08T15:55:22Z,Desorbed NA,1,1,NA,1,NA,NA,NA,,NA,,NA,NA,ba296a22-56e3-42bf-abcc-1793949f94be,1
733,2025-08-08T08:37:03Z,2025-08-08T16:26:04Z,2025-08-08T16:26:22Z,2025-08-08T16:26:04Z,Desorbed NA,4,2,2,2,0,18,1842,,Poortvliet_Worley_2024_G1_882025_02.qgd,,NA,C:/GCMSsolution/Data/Project1/Campbell RMBL Data/Anne Worley P_brandegeei 2024/Poortvliet_Worley_2024_G1_882025_02.qgd,ba296a22-56e3-42bf-abcc-1793949f94be,1
734,2025-08-08T08:37:03Z,2025-08-08T16:57:11Z,2025-08-08T16:57:49Z,2025-08-08T16:57:11Z,Desorbed NA,5,3,3,3,0,38,1867,,Poortvliet_Worley_2024_G2_882025_03.qgd,,NA,C:/GCMSsolution/Data/Project1/Campbell RMBL Data/Anne Worley P_brandegeei 2024/Poortvliet_Worley_2024_G2_882025_03.qgd,ba296a22-56e3-42bf-abcc-1793949f94be,1
735,2025-08-08T08:37:03Z,2025-08-08T17:29:02Z,2025-08-08T17:29:38Z,2025-08-08T17:29:02Z,Desorbed NA,6,4,4,4,0,36,1911,,Poortvliet_Worley_2024_G3_882025_04.qgd,,NA,C:/GCMSsolution/Data/Project1/Campbell RMBL Data/Anne Worley P_brandegeei 2024/Poortvliet_Worley_2024_G3_882025_04.qgd,ba296a22-56e3-42bf-abcc-1793949f94be,1
736,2025-08-08T08:37:03Z,2025-08-08T18:01:06Z,2025-08-08T18:01:35Z,2025-08-08T18:01:06Z,Desorbed NA,7,5,5,5,0,29,1924,,Poortvliet_Worley_2024_G4_882025_05.qgd,,NA,C:/GCMSsolution/Data/Project1/Campbell RMBL Data/Anne Worley P_brandegeei 2024/Poortvliet_Worley_2024_G4_882025_05.qgd,ba296a22-56e3-42bf-abcc-1793949f94be,1
737,2025-08-08T08:37:03Z,2025-08-08T18:33:18Z,2025-08-08T18:33:53Z,2025-08-08T18:33:18Z,Desorbed NA,8,6,6,6,0,35,1932,,Poortvliet_Worley_2024_G5_882025_06.qgd,,NA,C:/GCMSsolution/Data/Project1/Campbell RMBL Data/Anne Worley P_brandegeei 2024/Poortvliet_Worley_2024_G5_882025_06.qgd,ba296a22-56e3-42bf-abcc-1793949f94be,1
738,2025-08-08T08:37:03Z,2025-08-08T19:05:40Z,2025-08-08T19:06:19Z,2025-08-08T19:05:40Z,Desorbed NA,9,7,7,7,0,39,1942,,Poortvliet_Worley_2024_G6_882025_07.qgd,,NA,C:/GCMSsolution/Data/Project1/Campbell RMBL Data/Anne Worley P_brandegeei 2024/Poortvliet_Worley_2024_G6_882025_07.qgd,ba296a22-56e3-42bf-abcc-1793949f94be,1
739,2025-08-08T08:37:03Z,2025-08-08T19:38:14Z,2025-08-08T19:38:51Z,2025-08-08T19:38:14Z,Desorbed NA,10,8,8,8,0,37,1954,,Poortvliet_Worley_2024_G7_882025_08.qgd,,NA,C:/GCMSsolution/Data/Project1/Campbell RMBL Data/Anne Worley P_brandegeei 2024/Poortvliet_Worley_2024_G7_882025_08.qgd,ba296a22-56e3-42bf-abcc-1793949f94be,1
740,2025-08-08T08:37:03Z,2025-08-08T20:11:51Z,2025-08-08T20:11:24Z,2025-08-08T20:11:24Z,Desorbed NA,11,9,9,9,0,27,2017,,Poortvliet_Worley_2024_G8_882025_09.qgd,,NA,C:/GCMSsolution/Data/Project1/Campbell RMBL Data/Anne Worley P_brandegeei 2024/Poortvliet_Worley_2024_G8_882025_09.qgd,ba296a22-56e3-42bf-abcc-1793949f94be,1
741,2025-08-08T08:37:03Z,2025-08-08T20:43:40Z,2025-08-08T20:44:13Z,2025-08-08T20:43:40Z,Desorbed NA,12,10,10,10,0,33,1909,,Poortvliet_Worley_2024_G9_882025_10.qgd,,NA,C:/GCMSsolution/Data/Project1/Campbell RMBL Data/Anne Worley P_brandegeei 2024/Poortvliet_Worley_2024_G9_882025_10.qgd,ba296a22-56e3-42bf-abcc-1793949f94be,1
742,2025-08-08T08:37:03Z,2025-08-08T21:15:47Z,2025-08-08T21:16:24Z,2025-08-08T21:15:47Z,Desorbed NA,13,11,11,11,0,37,1927,,Poortvliet_Worley_2024_G10_882025_11.qgd,,NA,C:/GCMSsolution/Data/Project1/Campbell RMBL Data/Anne Worley P_brandegeei 2024/Poortvliet_Worley_2024_G10_882025_11.qgd,ba296a22-56e3-42bf-abcc-1793949f94be,1
743,2025-08-08T08:37:03Z,2025-08-08T21:48:13Z,2025-08-08T21:48:47Z,2025-08-08T21:48:13Z,Desorbed NA,14,12,12,12,0,34,1946,,Poortvliet_Worley_2024_G11_882025_12.qgd,,NA,C:/GCMSsolution/Data/Project1/Campbell RMBL Data/Anne Worley P_brandegeei 2024/Poortvliet_Worley_2024_G11_882025_12.qgd,ba296a22-56e3-42bf-abcc-1793949f94be,1
744,2025-08-08T08:37:03Z,2025-08-08T22:20:49Z,2025-08-08T22:21:23Z,2025-08-08T22:20:49Z,Desorbed NA,15,13,13,13,0,34,1956,,Poortvliet_Worley_2024_G12_882025_13.qgd,,NA,C:/GCMSsolution/Data/Project1/Campbell RMBL Data/Anne Worley P_brandegeei 2024/Poortvliet_Worley_2024_G12_882025_13.qgd,ba296a22-56e3-42bf-abcc-1793949f94be,1
745,2025-08-08T08:37:03Z,2025-08-08T22:53:35Z,2025-08-08T22:54:03Z,2025-08-08T22:53:35Z,Desorbed NA,16,14,14,14,0,28,1966,,Poortvliet_Worley_2024_G13_882025_14.qgd,,NA,C:/GCMSsolution/Data/Project1/Campbell RMBL Data/Anne Worley P_brandegeei 2024/Poortvliet_Worley_2024_G13_882025_14.qgd,ba296a22-56e3-42bf-abcc-1793949f94be,1
746,2025-08-08T08:37:03Z,2025-08-08T23:26:11Z,2025-08-08T23:26:44Z,2025-08-08T23:26:11Z,Desorbed NA,17,15,15,15,0,33,1956,,Poortvliet_Worley_2024_G14_882025_15.qgd,,NA,C:/GCMSsolution/Data/Project1/Campbell RMBL Data/Anne Worley P_brandegeei 2024/Poortvliet_Worley_2024_G14_882025_15.qgd,ba296a22-56e3-42bf-abcc-1793949f94be,1
747,2025-08-08T08:37:03Z,2025-08-08T23:59:04Z,2025-08-08T23:59:41Z,2025-08-08T23:59:04Z,Desorbed NA,18,16,16,16,0,37,1973,,Poortvliet_Worley_2024_G15_882025_16.qgd,,NA,C:/GCMSsolution/Data/Project1/Campbell RMBL Data/Anne Worley P_brandegeei 2024/Poortvliet_Worley_2024_G15_882025_16.qgd,ba296a22-56e3-42bf-abcc-1793949f94be,1
748,2025-08-08T17:41:20Z,2025-08-09T00:45:41Z,2025-08-09T00:40:16Z,2025-08-09T00:40:16Z,Desorbed NA,4,1,1,1,0,325,2797,,Poortvliet_Worley_2024_G16_882025_01.qgd,,NA,C:/GCMSsolution/Data/Project1/Campbell RMBL Data/Anne Worley P_brandegeei 2024/Poortvliet_Worley_2024_G16_882025_01.qgd,ca8c752a-2dff-42ef-9509-c7902396b70f,1
749,2025-08-08T17:41:20Z,2025-08-09T01:16:09Z,2025-08-09T01:16:44Z,2025-08-09T01:16:09Z,Desorbed NA,5,2,2,2,0,35,1828,,Poortvliet_Worley_2024_G17_882025_02.qgd,,NA,C:/GCMSsolution/Data/Project1/Campbell RMBL Data/Anne Worley P_brandegeei 2024/Poortvliet_Worley_2024_G17_882025_02.qgd,ca8c752a-2dff-42ef-9509-c7902396b70f,1
750,2025-08-08T17:41:20Z,2025-08-09T01:48:58Z,2025-08-09T01:49:29Z,2025-08-09T01:48:58Z,Desorbed NA,6,3,3,3,0,31,1969,,Poortvliet_Worley_2024_G18_882025_03.qgd,,NA,C:/GCMSsolution/Data/Project1/Campbell RMBL Data/Anne Worley P_brandegeei 2024/Poortvliet_Worley_2024_G18_882025_03.qgd,ca8c752a-2dff-42ef-9509-c7902396b70f,1
751,2025-08-08T17:41:20Z,2025-08-09T02:21:43Z,2025-08-09T02:22:08Z,2025-08-09T02:21:43Z,Desorbed NA,7,4,4,4,0,25,1965,,Poortvliet_Worley_2024_G19_882025_04.qgd,,NA,C:/GCMSsolution/Data/Project1/Campbell RMBL Data/Anne Worley P_brandegeei 2024/Poortvliet_Worley_2024_G19_882025_04.qgd,ca8c752a-2dff-42ef-9509-c7902396b70f,1
752,2025-08-08T17:41:20Z,2025-08-09T02:54:14Z,2025-08-09T02:54:49Z,2025-08-09T02:54:14Z,Desorbed NA,8,5,5,5,0,35,1951,,Poortvliet_Worley_2024_G20_882025_05.qgd,,NA,C:/GCMSsolution/Data/Project1/Campbell RMBL Data/Anne Worley P_brandegeei 2024/Poortvliet_Worley_2024_G20_882025_05.qgd,ca8c752a-2dff-42ef-9509-c7902396b70f,1
753,2025-08-08T17:41:20Z,2025-08-09T03:26:54Z,2025-08-09T03:27:16Z,2025-08-09T03:26:54Z,Desorbed NA,9,6,6,6,0,22,1960,,Poortvliet_Worley_2024_G21_882025_06.qgd,,NA,C:/GCMSsolution/Data/Project1/Campbell RMBL Data/Anne Worley P_brandegeei 2024/Poortvliet_Worley_2024_G21_882025_06.qgd,ca8c752a-2dff-42ef-9509-c7902396b70f,1
754,2025-08-08T17:41:20Z,2025-08-09T03:59:07Z,2025-08-09T03:59:40Z,2025-08-09T03:59:07Z,Desorbed NA,10,7,7,7,0,33,1933,,Poortvliet_Worley_2024_G22_882025_07.qgd,,NA,C:/GCMSsolution/Data/Project1/Campbell RMBL Data/Anne Worley P_brandegeei 2024/Poortvliet_Worley_2024_G22_882025_07.qgd,ca8c752a-2dff-42ef-9509-c7902396b70f,1
755,2025-08-08T17:41:20Z,2025-08-09T04:32:16Z,2025-08-09T04:31:55Z,2025-08-09T04:31:55Z,Desorbed NA,11,8,8,8,0,21,1989,,Poortvliet_Worley_2024_G23_882025_08.qgd,,NA,C:/GCMSsolution/Data/Project1/Campbell RMBL Data/Anne Worley P_brandegeei 2024/Poortvliet_Worley_2024_G23_882025_08.qgd,ca8c752a-2dff-42ef-9509-c7902396b70f,1
756,2025-08-08T17:41:20Z,2025-08-09T05:04:14Z,2025-08-09T05:04:49Z,2025-08-09T05:04:14Z,Desorbed NA,12,9,9,9,0,35,1918,,Poortvliet_Worley_2024_G24_882025_09.qgd,,NA,C:/GCMSsolution/Data/Project1/Campbell RMBL Data/Anne Worley P_brandegeei 2024/Poortvliet_Worley_2024_G24_882025_09.qgd,ca8c752a-2dff-42ef-9509-c7902396b70f,1
757,2025-08-08T17:41:20Z,2025-08-09T05:36:46Z,2025-08-09T05:37:16Z,2025-08-09T05:36:46Z,Desorbed NA,13,10,10,10,0,30,1952,,Poortvliet_Worley_2024_G25_882025_10.qgd,,NA,C:/GCMSsolution/Data/Project1/Campbell RMBL Data/Anne Worley P_brandegeei 2024/Poortvliet_Worley_2024_G25_882025_10.qgd,ca8c752a-2dff-42ef-9509-c7902396b70f,1
758,2025-08-08T17:41:20Z,2025-08-09T06:08:55Z,2025-08-09T06:09:31Z,2025-08-09T06:08:55Z,Desorbed NA,14,11,11,11,0,36,1929,,Poortvliet_Worley_2024_G26_882025_11.qgd,,NA,C:/GCMSsolution/Data/Project1/Campbell RMBL Data/Anne Worley P_brandegeei 2024/Poortvliet_Worley_2024_G26_882025_11.qgd,ca8c752a-2dff-42ef-9509-c7902396b70f,1
759,2025-08-08T17:41:20Z,2025-08-09T06:40:50Z,2025-08-09T06:41:23Z,2025-08-09T06:40:50Z,Desorbed NA,15,12,12,12,0,33,1915,,Poortvliet_Worley_2024_G27_882025_12.qgd,,NA,C:/GCMSsolution/Data/Project1/Campbell RMBL Data/Anne Worley P_brandegeei 2024/Poortvliet_Worley_2024_G27_882025_12.qgd,ca8c752a-2dff-42ef-9509-c7902396b70f,1
760,2025-08-08T17:41:20Z,2025-08-09T07:12:37Z,2025-08-09T07:13:04Z,2025-08-09T07:12:37Z,Desorbed NA,16,13,13,13,0,27,1907,,Poortvliet_Worley_2024_G28_882025_13.qgd,,NA,C:/GCMSsolution/Data/Project1/Campbell RMBL Data/Anne Worley P_brandegeei 2024/Poortvliet_Worley_2024_G28_882025_13.qgd,ca8c752a-2dff-42ef-9509-c7902396b70f,1
761,2025-08-08T17:41:20Z,2025-08-09T07:44:03Z,2025-08-09T07:44:40Z,2025-08-09T07:44:03Z,NA Leak Test Pressurise Failed,17,14,14,14,0,37,1886,leak-blank,Poortvliet_Worley_2024_G29_882025_14.qgd,,NA,C:/GCMSsolution/Data/Project1/Campbell RMBL Data/Anne Worley P_brandegeei 2024/Poortvliet_Worley_2024_G29_882025_14.qgd,ca8c752a-2dff-42ef-9509-c7902396b70f,1
762,2025-08-08T17:41:20Z,2025-08-09T08:15:29Z,2025-08-09T08:15:30Z,2025-08-09T08:15:29Z,Desorbed NA,18,15,15,15,0,1,1886,,Poortvliet_Worley_2024_G30_882025_15.qgd,,NA,C:/GCMSsolution/Data/Project1/Campbell RMBL Data/Anne Worley P_brandegeei 2024/Poortvliet_Worley_2024_G30_882025_15.qgd,ca8c752a-2dff-42ef-9509-c7902396b70f,1
763,2025-08-08T17:41:20Z,2025-08-09T08:46:30Z,2025-08-09T08:46:58Z,2025-08-09T08:46:30Z,Desorbed NA,19,16,16,16,0,28,1861,,Poortvliet_Worley_2024_G31_882025_16.qgd,,NA,C:/GCMSsolution/Data/Project1/Campbell RMBL Data/Anne Worley P_brandegeei 2024/Poortvliet_Worley_2024_G31_882025_16.qgd,ca8c752a-2dff-42ef-9509-c7902396b70f,1
764,2025-08-08T17:41:20Z,2025-08-09T09:18:01Z,2025-08-09T09:18:35Z,2025-08-09T09:18:01Z,Desorbed NA,20,17,17,17,0,34,1891,,Poortvliet_Worley_2024_G32_882025_17.qgd,,NA,C:/GCMSsolution/Data/Project1/Campbell RMBL Data/Anne Worley P_brandegeei 2024/Poortvliet_Worley_2024_G32_882025_17.qgd,ca8c752a-2dff-42ef-9509-c7902396b70f,1
765,2025-08-08T17:41:20Z,2025-08-09T09:50:44Z,2025-08-09T09:50:25Z,2025-08-09T09:50:25Z,Desorbed NA,21,18,18,18,0,19,1963,,Poortvliet_Worley_2024_G33_882025_18.qgd,,NA,C:/GCMSsolution/Data/Project1/Campbell RMBL Data/Anne Worley P_brandegeei 2024/Poortvliet_Worley_2024_G33_882025_18.qgd,ca8c752a-2dff-42ef-9509-c7902396b70f,1
766,2025-08-08T17:41:20Z,2025-08-09T10:21:19Z,2025-08-09T10:21:48Z,2025-08-09T10:21:19Z,Desorbed NA,22,19,19,19,0,29,1835,,Poortvliet_Worley_2024_G34_882025_19.qgd,,NA,C:/GCMSsolution/Data/Project1/Campbell RMBL Data/Anne Worley P_brandegeei 2024/Poortvliet_Worley_2024_G34_882025_19.qgd,ca8c752a-2dff-42ef-9509-c7902396b70f,1
767,2025-08-08T17:41:20Z,2025-08-09T10:52:34Z,2025-08-09T10:53:08Z,2025-08-09T10:52:34Z,Desorbed NA,23,20,20,20,0,34,1875,,Poortvliet_Worley_2024_G35_882025_20.qgd,,NA,C:/GCMSsolution/Data/Project1/Campbell RMBL Data/Anne Worley P_brandegeei 2024/Poortvliet_Worley_2024_G35_882025_20.qgd,ca8c752a-2dff-42ef-9509-c7902396b70f,1
768,2025-08-08T17:41:20Z,2025-08-09T12:57:26Z,NA,2025-08-09T12:57:26Z,NA NA,24,21,NA,21,NA,NA,7492.5,skip-notrun,NA,,NA,NA,ca8c752a-2dff-42ef-9509-c7902396b70f,1
769,2025-08-09T07:57:41Z,2025-08-09T15:02:19Z,2025-08-09T14:54:52Z,2025-08-09T14:54:52Z,Desorbed NA,1,1,1,1,0,447,7492.5,,blank_892025_01.qgd,,NA,C:/GCMSsolution/Data/Project1/Campbell RMBL Data/Anne Worley P_brandegeei 2024/blank_892025_01.qgd,bffa2ad0-48cb-45bd-a81a-a0ee464ff206,1
770,2025-08-09T07:57:41Z,2025-08-09T15:32:49Z,2025-08-09T15:33:22Z,2025-08-09T15:32:49Z,Desorbed NA,4,2,2,2,0,33,1830,,Poortvliet_Worley_2024_G37_892025_02.qgd,,NA,C:/GCMSsolution/Data/Project1/Campbell RMBL Data/Anne Worley P_brandegeei 2024/Poortvliet_Worley_2024_G37_892025_02.qgd,bffa2ad0-48cb-45bd-a81a-a0ee464ff206,1
771,2025-08-09T07:57:41Z,2025-08-09T16:03:46Z,2025-08-09T16:04:18Z,2025-08-09T16:03:46Z,Desorbed NA,5,3,3,3,0,32,1857,,Poortvliet_Worley_2024_G38_892025_03.qgd,,NA,C:/GCMSsolution/Data/Project1/Campbell RMBL Data/Anne Worley P_brandegeei 2024/Poortvliet_Worley_2024_G38_892025_03.qgd,bffa2ad0-48cb-45bd-a81a-a0ee464ff206,1
772,2025-08-09T07:57:41Z,2025-08-09T16:35:02Z,2025-08-09T16:35:38Z,2025-08-09T16:35:02Z,Desorbed NA,6,4,4,4,0,36,1876,,Poortvliet_Worley_2024_G39_892025_04.qgd,,NA,C:/GCMSsolution/Data/Project1/Campbell RMBL Data/Anne Worley P_brandegeei 2024/Poortvliet_Worley_2024_G39_892025_04.qgd,bffa2ad0-48cb-45bd-a81a-a0ee464ff206,1
773,2025-08-09T07:57:41Z,2025-08-09T17:06:32Z,2025-08-09T17:07:07Z,2025-08-09T17:06:32Z,Desorbed NA,7,5,5,5,0,35,1890,,Poortvliet_Worley_2024_G40_892025_05.qgd,,NA,C:/GCMSsolution/Data/Project1/Campbell RMBL Data/Anne Worley P_brandegeei 2024/Poortvliet_Worley_2024_G40_892025_05.qgd,bffa2ad0-48cb-45bd-a81a-a0ee464ff206,1
774,2025-08-09T07:57:41Z,2025-08-09T17:38:06Z,2025-08-09T17:38:39Z,2025-08-09T17:38:06Z,Desorbed NA,8,6,6,6,0,33,1894,,Poortvliet_Worley_2024_G41_892025_06.qgd,,NA,C:/GCMSsolution/Data/Project1/Campbell RMBL Data/Anne Worley P_brandegeei 2024/Poortvliet_Worley_2024_G41_892025_06.qgd,bffa2ad0-48cb-45bd-a81a-a0ee464ff206,1
775,2025-08-09T07:57:41Z,2025-08-09T18:09:58Z,2025-08-09T18:10:33Z,2025-08-09T18:09:58Z,Desorbed NA,9,7,7,7,0,35,1912,,Poortvliet_Worley_2024_G42_892025_07.qgd,,NA,C:/GCMSsolution/Data/Project1/Campbell RMBL Data/Anne Worley P_brandegeei 2024/Poortvliet_Worley_2024_G42_892025_07.qgd,bffa2ad0-48cb-45bd-a81a-a0ee464ff206,1
776,2025-08-09T07:57:41Z,2025-08-09T18:42:04Z,2025-08-09T18:42:40Z,2025-08-09T18:42:04Z,Desorbed NA,10,8,8,8,0,36,1926,,Poortvliet_Worley_2024_G43_892025_08.qgd,,NA,C:/GCMSsolution/Data/Project1/Campbell RMBL Data/Anne Worley P_brandegeei 2024/Poortvliet_Worley_2024_G43_892025_08.qgd,bffa2ad0-48cb-45bd-a81a-a0ee464ff206,1
777,2025-08-09T07:57:41Z,2025-08-09T19:15:11Z,2025-08-09T19:14:52Z,2025-08-09T19:14:52Z,Desorbed NA,11,9,9,9,0,19,1987,,Poortvliet_Worley_2024_G44_892025_09.qgd,,NA,C:/GCMSsolution/Data/Project1/Campbell RMBL Data/Anne Worley P_brandegeei 2024/Poortvliet_Worley_2024_G44_892025_09.qgd,bffa2ad0-48cb-45bd-a81a-a0ee464ff206,1
778,2025-08-09T07:57:41Z,2025-08-09T19:46:39Z,2025-08-09T19:47:12Z,2025-08-09T19:46:39Z,Desorbed NA,12,10,10,10,0,33,1888,,Poortvliet_Worley_2024_G46_892025_10.qgd,,NA,C:/GCMSsolution/Data/Project1/Campbell RMBL Data/Anne Worley P_brandegeei 2024/Poortvliet_Worley_2024_G46_892025_10.qgd,bffa2ad0-48cb-45bd-a81a-a0ee464ff206,1
779,2025-08-09T07:57:41Z,2025-08-09T20:19:10Z,2025-08-09T20:19:43Z,2025-08-09T20:19:10Z,Desorbed NA,13,11,11,11,0,33,1951,,Poortvliet_Worley_2024_G47_892025_11.qgd,,NA,C:/GCMSsolution/Data/Project1/Campbell RMBL Data/Anne Worley P_brandegeei 2024/Poortvliet_Worley_2024_G47_892025_11.qgd,bffa2ad0-48cb-45bd-a81a-a0ee464ff206,1
780,2025-08-09T07:57:41Z,2025-08-09T20:51:51Z,2025-08-09T20:52:23Z,2025-08-09T20:51:51Z,Desorbed NA,14,12,12,12,0,32,1961,,Poortvliet_Worley_2024_G48_892025_12.qgd,,NA,C:/GCMSsolution/Data/Project1/Campbell RMBL Data/Anne Worley P_brandegeei 2024/Poortvliet_Worley_2024_G48_892025_12.qgd,bffa2ad0-48cb-45bd-a81a-a0ee464ff206,1
781,2025-08-09T07:57:41Z,2025-08-09T21:24:40Z,2025-08-09T21:25:16Z,2025-08-09T21:24:40Z,Desorbed NA,15,13,13,13,0,36,1969,,Poortvliet_Worley_2024_G49_892025_13.qgd,,NA,C:/GCMSsolution/Data/Project1/Campbell RMBL Data/Anne Worley P_brandegeei 2024/Poortvliet_Worley_2024_G49_892025_13.qgd,bffa2ad0-48cb-45bd-a81a-a0ee464ff206,1
782,2025-08-09T07:57:41Z,2025-08-09T21:56:44Z,2025-08-09T21:57:17Z,2025-08-09T21:56:44Z,Desorbed NA,16,14,14,14,0,33,1924,,Poortvliet_Worley_2024_G50_892025_14.qgd,,NA,C:/GCMSsolution/Data/Project1/Campbell RMBL Data/Anne Worley P_brandegeei 2024/Poortvliet_Worley_2024_G50_892025_14.qgd,bffa2ad0-48cb-45bd-a81a-a0ee464ff206,1
783,2025-08-09T07:57:41Z,2025-08-09T22:28:59Z,2025-08-09T22:29:28Z,2025-08-09T22:28:59Z,Desorbed NA,17,15,15,15,0,29,1935,,Poortvliet_Worley_2024_G29redo_892025_15.qgd,,NA,C:/GCMSsolution/Data/Project1/Campbell RMBL Data/Anne Worley P_brandegeei 2024/Poortvliet_Worley_2024_G29redo_892025_15.qgd,bffa2ad0-48cb-45bd-a81a-a0ee464ff206,1
784,2025-08-09T07:57:41Z,2025-08-09T23:01:08Z,2025-08-09T23:01:43Z,2025-08-09T23:01:08Z,Desorbed NA,18,16,16,16,0,35,1929,,Poortvliet_Worley_2024_G51_892025_16.qgd,,NA,C:/GCMSsolution/Data/Project1/Campbell RMBL Data/Anne Worley P_brandegeei 2024/Poortvliet_Worley_2024_G51_892025_16.qgd,bffa2ad0-48cb-45bd-a81a-a0ee464ff206,1
785,2025-08-09T07:57:41Z,2025-08-09T23:33:37Z,2025-08-09T23:34:07Z,2025-08-09T23:33:37Z,Desorbed NA,19,17,17,17,0,30,1949,,Poortvliet_Worley_2024_G52_892025_17.qgd,,NA,C:/GCMSsolution/Data/Project1/Campbell RMBL Data/Anne Worley P_brandegeei 2024/Poortvliet_Worley_2024_G52_892025_17.qgd,bffa2ad0-48cb-45bd-a81a-a0ee464ff206,1
786,2025-08-09T07:57:41Z,2025-08-10T00:05:59Z,2025-08-10T00:06:31Z,2025-08-10T00:05:59Z,Desorbed NA,20,18,18,18,0,32,1942,,Poortvliet_Worley_2024_G53_892025_18.qgd,,NA,C:/GCMSsolution/Data/Project1/Campbell RMBL Data/Anne Worley P_brandegeei 2024/Poortvliet_Worley_2024_G53_892025_18.qgd,bffa2ad0-48cb-45bd-a81a-a0ee464ff206,1
787,2025-08-09T07:57:41Z,2025-08-10T00:39:21Z,2025-08-10T00:39:00Z,2025-08-10T00:39:00Z,Desorbed NA,21,19,19,19,0,21,2002,,Poortvliet_Worley_2024_G54_892025_19.qgd,,NA,C:/GCMSsolution/Data/Project1/Campbell RMBL Data/Anne Worley P_brandegeei 2024/Poortvliet_Worley_2024_G54_892025_19.qgd,bffa2ad0-48cb-45bd-a81a-a0ee464ff206,1
788,2025-08-09T07:57:41Z,2025-08-10T01:10:57Z,2025-08-10T01:11:32Z,2025-08-10T01:10:57Z,Desorbed NA,22,20,20,20,0,35,1896,,Poortvliet_Worley_2024_G55_892025_20.qgd,,NA,C:/GCMSsolution/Data/Project1/Campbell RMBL Data/Anne Worley P_brandegeei 2024/Poortvliet_Worley_2024_G55_892025_20.qgd,bffa2ad0-48cb-45bd-a81a-a0ee464ff206,1
789,2025-08-09T07:57:41Z,2025-08-10T01:43:24Z,2025-08-10T01:44:00Z,2025-08-10T01:43:24Z,Desorbed NA,23,21,21,21,0,36,1947,,Poortvliet_Worley_2024_G45_892025_21.qgd,,NA,C:/GCMSsolution/Data/Project1/Campbell RMBL Data/Anne Worley P_brandegeei 2024/Poortvliet_Worley_2024_G45_892025_21.qgd,bffa2ad0-48cb-45bd-a81a-a0ee464ff206,1
790,2025-08-09T07:57:41Z,2025-08-10T02:15:45Z,2025-08-10T02:16:11Z,2025-08-10T02:15:45Z,Desorbed NA,24,22,22,22,0,26,1941,,Poortvliet_Worley_2024_G36redo_892025_22.qgd,,NA,C:/GCMSsolution/Data/Project1/Campbell RMBL Data/Anne Worley P_brandegeei 2024/Poortvliet_Worley_2024_G36redo_892025_22.qgd,bffa2ad0-48cb-45bd-a81a-a0ee464ff206,1
791,2025-08-11T09:49:00Z,2025-08-11T16:53:41Z,2025-08-11T16:48:15Z,2025-08-11T16:48:15Z,Desorbed NA,1,1,1,1,0,326,139076,,blank_8112025_01.qgd,,NA,C:/GCMSsolution/Data/Project1/Campbell RMBL Data/Drought-net 2025/blank_8112025_01.qgd,4cc164fe-a545-4c64-aac5-713c3f917918,1
792,2025-08-11T09:49:00Z,2025-08-11T17:24:13Z,2025-08-11T17:29:05Z,2025-08-11T17:24:13Z,Desorbed NA,4,2,2,2,0,292,1832,,JB_060925_30_8112025_02.qgd,,NA,C:/GCMSsolution/Data/Project1/Campbell RMBL Data/Drought-net 2025/JB_060925_30_8112025_02.qgd,4cc164fe-a545-4c64-aac5-713c3f917918,1
793,2025-08-11T09:49:00Z,2025-08-11T17:59:47Z,2025-08-11T18:04:43Z,2025-08-11T17:59:47Z,Desorbed NA,5,3,3,3,0,296,2134,,JB_060925_37_8112025_03.qgd,,NA,C:/GCMSsolution/Data/Project1/Campbell RMBL Data/Drought-net 2025/JB_060925_37_8112025_03.qgd,4cc164fe-a545-4c64-aac5-713c3f917918,1
794,2025-08-11T09:49:00Z,2025-08-11T18:36:09Z,2025-08-11T18:40:40Z,2025-08-11T18:36:09Z,Desorbed NA,6,4,4,4,0,271,2182,,JB_060925_32_8112025_04.qgd,,NA,C:/GCMSsolution/Data/Project1/Campbell RMBL Data/Drought-net 2025/JB_060925_32_8112025_04.qgd,4cc164fe-a545-4c64-aac5-713c3f917918,1
795,2025-08-11T09:49:00Z,2025-08-11T19:12:01Z,2025-08-11T19:16:56Z,2025-08-11T19:12:01Z,Desorbed NA,7,5,5,5,0,295,2152,,JB_060925_68_8112025_05.qgd,,NA,C:/GCMSsolution/Data/Project1/Campbell RMBL Data/Drought-net 2025/JB_060925_68_8112025_05.qgd,4cc164fe-a545-4c64-aac5-713c3f917918,1
796,2025-08-11T09:49:00Z,2025-08-11T19:48:22Z,2025-08-11T19:53:16Z,2025-08-11T19:48:22Z,Desorbed NA,8,6,6,6,0,294,2181,,JB_060925_24_8112025_06.qgd,,NA,C:/GCMSsolution/Data/Project1/Campbell RMBL Data/Drought-net 2025/JB_060925_24_8112025_06.qgd,4cc164fe-a545-4c64-aac5-713c3f917918,1
797,2025-08-11T09:49:00Z,2025-08-11T20:24:54Z,2025-08-11T20:29:36Z,2025-08-11T20:24:54Z,Desorbed NA,9,7,7,7,0,282,2192,,JB_060925_59_8112025_07.qgd,,NA,C:/GCMSsolution/Data/Project1/Campbell RMBL Data/Drought-net 2025/JB_060925_59_8112025_07.qgd,4cc164fe-a545-4c64-aac5-713c3f917918,1
798,2025-08-11T09:49:00Z,2025-08-11T21:01:23Z,2025-08-11T21:06:24Z,2025-08-11T21:01:23Z,Desorbed NA,10,8,8,8,0,301,2189,,JB_060925_51_8112025_08.qgd,,NA,C:/GCMSsolution/Data/Project1/Campbell RMBL Data/Drought-net 2025/JB_060925_51_8112025_08.qgd,4cc164fe-a545-4c64-aac5-713c3f917918,1
799,2025-08-11T09:49:00Z,2025-08-11T21:39:12Z,2025-08-11T21:43:09Z,2025-08-11T21:39:12Z,Desorbed NA,11,9,9,9,0,237,2269,,JB_060925_47_8112025_09.qgd,,NA,C:/GCMSsolution/Data/Project1/Campbell RMBL Data/Drought-net 2025/JB_060925_47_8112025_09.qgd,4cc164fe-a545-4c64-aac5-713c3f917918,1
800,2025-08-11T09:49:00Z,2025-08-11T22:15:30Z,2025-08-11T22:20:19Z,2025-08-11T22:15:30Z,Desorbed NA,12,10,10,10,0,289,2178,,JB_060925_46_8112025_10.qgd,,NA,C:/GCMSsolution/Data/Project1/Campbell RMBL Data/Drought-net 2025/JB_060925_46_8112025_10.qgd,4cc164fe-a545-4c64-aac5-713c3f917918,1
801,2025-08-11T09:49:00Z,2025-08-11T22:52:38Z,2025-08-11T22:57:33Z,2025-08-11T22:52:38Z,Desorbed NA,13,11,11,11,0,295,2228,,JB_060925_45_8112025_11.qgd,,NA,C:/GCMSsolution/Data/Project1/Campbell RMBL Data/Drought-net 2025/JB_060925_45_8112025_11.qgd,4cc164fe-a545-4c64-aac5-713c3f917918,1
802,2025-08-11T09:49:00Z,2025-08-11T23:30:04Z,2025-08-11T23:34:55Z,2025-08-11T23:30:04Z,Desorbed NA,14,12,12,12,0,291,2246,,JB_060925_22_8112025_12.qgd,,NA,C:/GCMSsolution/Data/Project1/Campbell RMBL Data/Drought-net 2025/JB_060925_22_8112025_12.qgd,4cc164fe-a545-4c64-aac5-713c3f917918,1
803,2025-08-11T09:49:00Z,2025-08-12T00:07:29Z,2025-08-12T00:12:17Z,2025-08-12T00:07:29Z,Desorbed NA,15,13,13,13,0,288,2245,,JB_060925_d19_8112025_13.qgd,,NA,C:/GCMSsolution/Data/Project1/Campbell RMBL Data/Drought-net 2025/JB_060925_d19_8112025_13.qgd,4cc164fe-a545-4c64-aac5-713c3f917918,1
804,2025-08-11T09:49:00Z,2025-08-12T00:44:52Z,2025-08-12T00:49:44Z,2025-08-12T00:44:52Z,Desorbed NA,16,14,14,14,0,292,2243,,JB_060925_31_8112025_14.qgd,,NA,C:/GCMSsolution/Data/Project1/Campbell RMBL Data/Drought-net 2025/JB_060925_31_8112025_14.qgd,4cc164fe-a545-4c64-aac5-713c3f917918,1
805,2025-08-11T09:49:00Z,2025-08-12T01:21:20Z,2025-08-12T01:26:12Z,2025-08-12T01:21:20Z,Desorbed NA,17,15,15,15,0,292,2188,,JB_060925_41_8112025_15.qgd,,NA,C:/GCMSsolution/Data/Project1/Campbell RMBL Data/Drought-net 2025/JB_060925_41_8112025_15.qgd,4cc164fe-a545-4c64-aac5-713c3f917918,1
806,2025-08-11T09:49:00Z,2025-08-12T01:57:53Z,2025-08-12T02:02:45Z,2025-08-12T01:57:53Z,Desorbed NA,18,16,16,16,0,292,2193,,JB_060925_48_8112025_16.qgd,,NA,C:/GCMSsolution/Data/Project1/Campbell RMBL Data/Drought-net 2025/JB_060925_48_8112025_16.qgd,4cc164fe-a545-4c64-aac5-713c3f917918,1
807,2025-08-11T09:49:00Z,2025-08-12T02:34:21Z,2025-08-12T02:39:17Z,2025-08-12T02:34:21Z,Desorbed NA,19,17,17,17,0,296,2188,,JB_060925_73_8112025_17.qgd,,NA,C:/GCMSsolution/Data/Project1/Campbell RMBL Data/Drought-net 2025/JB_060925_73_8112025_17.qgd,4cc164fe-a545-4c64-aac5-713c3f917918,1
808,2025-08-11T09:49:00Z,2025-08-12T03:11:28Z,2025-08-12T03:16:10Z,2025-08-12T03:11:28Z,Desorbed NA,20,18,18,18,0,282,2227,,JB_060925_50_8112025_18.qgd,,NA,C:/GCMSsolution/Data/Project1/Campbell RMBL Data/Drought-net 2025/JB_060925_50_8112025_18.qgd,4cc164fe-a545-4c64-aac5-713c3f917918,1
809,2025-08-11T09:49:00Z,2025-08-12T03:48:55Z,2025-08-12T03:52:55Z,2025-08-12T03:48:55Z,Desorbed NA,21,19,19,19,0,240,2247,,JB_060925_54_8112025_19.qgd,,NA,C:/GCMSsolution/Data/Project1/Campbell RMBL Data/Drought-net 2025/JB_060925_54_8112025_19.qgd,4cc164fe-a545-4c64-aac5-713c3f917918,1
810,2025-08-11T09:49:00Z,2025-08-12T04:24:33Z,2025-08-12T04:29:23Z,2025-08-12T04:24:33Z,Desorbed NA,22,20,20,20,0,290,2138,,JB_060925_69_8112025_20.qgd,,NA,C:/GCMSsolution/Data/Project1/Campbell RMBL Data/Drought-net 2025/JB_060925_69_8112025_20.qgd,4cc164fe-a545-4c64-aac5-713c3f917918,1
811,2025-08-11T09:49:00Z,2025-08-12T05:00:44Z,2025-08-12T05:05:38Z,2025-08-12T05:00:44Z,Desorbed NA,23,21,21,21,0,294,2171,,JB_060925_61_8112025_21.qgd,,NA,C:/GCMSsolution/Data/Project1/Campbell RMBL Data/Drought-net 2025/JB_060925_61_8112025_21.qgd,4cc164fe-a545-4c64-aac5-713c3f917918,1
812,2025-08-11T09:49:00Z,2025-08-12T05:36:57Z,2025-08-12T05:41:43Z,2025-08-12T05:36:57Z,Desorbed NA,24,22,22,22,0,286,2173,,JB_060925_d17_8112025_22.qgd,,NA,C:/GCMSsolution/Data/Project1/Campbell RMBL Data/Drought-net 2025/JB_060925_d17_8112025_22.qgd,4cc164fe-a545-4c64-aac5-713c3f917918,1
813,2025-08-12T09:02:21Z,2025-08-12T16:07:04Z,2025-08-12T16:01:40Z,2025-08-12T16:01:40Z,Desorbed NA,1,1,1,1,0,324,37807,,blank_8122025_01.qgd,,NA,C:/GCMSsolution/Data/Project1/Campbell RMBL Data/Drought-net 2025/blank_8122025_01.qgd,d58252bd-9923-48bf-b352-536f5f897d37,1
814,2025-08-12T09:02:21Z,2025-08-12T16:37:34Z,2025-08-12T16:42:22Z,2025-08-12T16:37:34Z,Desorbed NA,4,2,2,2,0,288,1830,,JB_060925_21_8122025_02.qgd,,NA,C:/GCMSsolution/Data/Project1/Campbell RMBL Data/Drought-net 2025/JB_060925_21_8122025_02.qgd,d58252bd-9923-48bf-b352-536f5f897d37,1
815,2025-08-12T09:02:21Z,2025-08-12T17:13:07Z,2025-08-12T17:18:02Z,2025-08-12T17:13:07Z,Desorbed NA,5,3,3,3,0,295,2133,,JB_060925_62_8122025_03.qgd,,NA,C:/GCMSsolution/Data/Project1/Campbell RMBL Data/Drought-net 2025/JB_060925_62_8122025_03.qgd,d58252bd-9923-48bf-b352-536f5f897d37,1
816,2025-08-12T09:02:21Z,2025-08-12T17:49:01Z,2025-08-12T17:53:56Z,2025-08-12T17:49:01Z,Desorbed NA,6,4,4,4,0,295,2154,,JB_060925_38_8122025_04.qgd,,NA,C:/GCMSsolution/Data/Project1/Campbell RMBL Data/Drought-net 2025/JB_060925_38_8122025_04.qgd,d58252bd-9923-48bf-b352-536f5f897d37,1
817,2025-08-12T09:02:21Z,2025-08-12T18:25:09Z,2025-08-12T18:29:55Z,2025-08-12T18:25:09Z,Desorbed NA,7,5,5,5,0,286,2168,,JB_060925_53_8122025_05.qgd,,NA,C:/GCMSsolution/Data/Project1/Campbell RMBL Data/Drought-net 2025/JB_060925_53_8122025_05.qgd,d58252bd-9923-48bf-b352-536f5f897d37,1
818,2025-08-12T09:02:21Z,2025-08-12T19:01:16Z,2025-08-12T19:06:10Z,2025-08-12T19:01:16Z,Desorbed NA,8,6,6,6,0,294,2167,,JB_060925_57_8122025_06.qgd,,NA,C:/GCMSsolution/Data/Project1/Campbell RMBL Data/Drought-net 2025/JB_060925_57_8122025_06.qgd,d58252bd-9923-48bf-b352-536f5f897d37,1
819,2025-08-12T09:02:21Z,2025-08-12T19:37:46Z,2025-08-12T19:42:38Z,2025-08-12T19:37:46Z,Desorbed NA,9,7,7,7,0,292,2190,,JB_060925_49_8122025_07.qgd,,NA,C:/GCMSsolution/Data/Project1/Campbell RMBL Data/Drought-net 2025/JB_060925_49_8122025_07.qgd,d58252bd-9923-48bf-b352-536f5f897d37,1
820,2025-08-12T09:02:21Z,NA,NA,NA,NA NA,10,8,NA,8,NA,NA,NA,skip-notrun,NA,,NA,NA,d58252bd-9923-48bf-b352-536f5f897d37,1
821,2025-08-12T09:02:21Z,2025-08-12T20:15:23Z,2025-08-12T20:19:28Z,2025-08-12T20:15:23Z,Desorbed NA,11,9,8,8,1,245,NA,,JB_060925_67_8122025_08.qgd,,NA,C:/GCMSsolution/Data/Project1/Campbell RMBL Data/Drought-net 2025/JB_060925_67_8122025_08.qgd,d58252bd-9923-48bf-b352-536f5f897d37,1
822,2025-08-12T09:02:21Z,2025-08-12T20:51:26Z,2025-08-12T20:56:14Z,2025-08-12T20:51:26Z,Desorbed NA,12,10,9,9,1,288,2163,,JB_060925_35_8122025_09.qgd,,NA,C:/GCMSsolution/Data/Project1/Campbell RMBL Data/Drought-net 2025/JB_060925_35_8122025_09.qgd,d58252bd-9923-48bf-b352-536f5f897d37,1
823,2025-08-12T09:02:21Z,2025-08-12T21:28:24Z,2025-08-12T21:33:19Z,2025-08-12T21:28:24Z,Desorbed NA,13,11,10,10,1,295,2218,,JB_060925_52_8122025_10.qgd,,NA,C:/GCMSsolution/Data/Project1/Campbell RMBL Data/Drought-net 2025/JB_060925_52_8122025_10.qgd,d58252bd-9923-48bf-b352-536f5f897d37,1
824,2025-08-12T09:02:21Z,2025-08-12T22:05:35Z,2025-08-12T22:10:18Z,2025-08-12T22:05:35Z,Desorbed NA,14,12,11,11,1,283,2231,,JB_060925_65_8122025_11.qgd,,NA,C:/GCMSsolution/Data/Project1/Campbell RMBL Data/Drought-net 2025/JB_060925_65_8122025_11.qgd,d58252bd-9923-48bf-b352-536f5f897d37,1
825,2025-08-12T09:02:21Z,2025-08-12T22:42:50Z,2025-08-12T22:47:33Z,2025-08-12T22:42:50Z,Desorbed NA,15,13,12,12,1,283,2235,,JB_060925_44_8122025_12.qgd,,NA,C:/GCMSsolution/Data/Project1/Campbell RMBL Data/Drought-net 2025/JB_060925_44_8122025_12.qgd,d58252bd-9923-48bf-b352-536f5f897d37,1
826,2025-08-12T09:02:21Z,2025-08-12T23:19:08Z,2025-08-12T23:24:06Z,2025-08-12T23:19:08Z,Desorbed NA,16,14,13,13,1,298,2178,,JB_060925_28_8122025_13.qgd,,NA,C:/GCMSsolution/Data/Project1/Campbell RMBL Data/Drought-net 2025/JB_060925_28_8122025_13.qgd,d58252bd-9923-48bf-b352-536f5f897d37,1
827,2025-08-12T09:02:21Z,2025-08-12T23:56:01Z,2025-08-13T00:00:55Z,2025-08-12T23:56:01Z,Desorbed NA,17,15,14,14,1,294,2213,,JB_060925_66_8122025_14.qgd,,NA,C:/GCMSsolution/Data/Project1/Campbell RMBL Data/Drought-net 2025/JB_060925_66_8122025_14.qgd,d58252bd-9923-48bf-b352-536f5f897d37,1
828,2025-08-12T09:02:21Z,2025-08-13T00:33:01Z,2025-08-13T00:37:56Z,2025-08-13T00:33:01Z,Desorbed NA,18,16,15,15,1,295,2220,,JB_060925_36_8122025_15.qgd,,NA,C:/GCMSsolution/Data/Project1/Campbell RMBL Data/Drought-net 2025/JB_060925_36_8122025_15.qgd,d58252bd-9923-48bf-b352-536f5f897d37,1
829,2025-08-12T09:02:21Z,2025-08-13T01:10:09Z,2025-08-13T01:15:02Z,2025-08-13T01:10:09Z,Desorbed NA,19,17,16,16,1,293,2228,,JB_060925_79_8122025_16.qgd,,NA,C:/GCMSsolution/Data/Project1/Campbell RMBL Data/Drought-net 2025/JB_060925_79_8122025_16.qgd,d58252bd-9923-48bf-b352-536f5f897d37,1
830,2025-08-12T09:02:21Z,2025-08-13T01:47:18Z,2025-08-13T01:52:17Z,2025-08-13T01:47:18Z,Desorbed NA,20,18,17,17,1,299,2229,,JB_060925_27_8122025_17.qgd,,NA,C:/GCMSsolution/Data/Project1/Campbell RMBL Data/Drought-net 2025/JB_060925_27_8122025_17.qgd,d58252bd-9923-48bf-b352-536f5f897d37,1
831,2025-08-12T09:02:21Z,2025-08-13T02:25:18Z,2025-08-13T02:29:15Z,2025-08-13T02:25:18Z,Desorbed NA,21,19,18,18,1,237,2280,,JB_060925_29_8122025_18.qgd,,NA,C:/GCMSsolution/Data/Project1/Campbell RMBL Data/Drought-net 2025/JB_060925_29_8122025_18.qgd,d58252bd-9923-48bf-b352-536f5f897d37,1
832,2025-08-12T09:02:21Z,2025-08-13T03:01:15Z,2025-08-13T03:06:05Z,2025-08-13T03:01:15Z,Desorbed NA,22,20,19,19,1,290,2157,,JB_060925_43_8122025_19.qgd,,NA,C:/GCMSsolution/Data/Project1/Campbell RMBL Data/Drought-net 2025/JB_060925_43_8122025_19.qgd,d58252bd-9923-48bf-b352-536f5f897d37,1
833,2025-08-12T09:02:21Z,2025-08-13T03:37:52Z,2025-08-13T03:42:36Z,2025-08-13T03:37:52Z,Desorbed NA,23,21,20,20,1,284,2197,,JB_060925_60_8122025_20.qgd,,NA,C:/GCMSsolution/Data/Project1/Campbell RMBL Data/Drought-net 2025/JB_060925_60_8122025_20.qgd,d58252bd-9923-48bf-b352-536f5f897d37,1
834,2025-08-12T09:02:21Z,2025-08-13T04:15:00Z,2025-08-13T04:19:51Z,2025-08-13T04:15:00Z,Desorbed NA,24,22,21,21,1,291,2228,,JB_060925_26_8122025_21.qgd,,NA,C:/GCMSsolution/Data/Project1/Campbell RMBL Data/Drought-net 2025/JB_060925_26_8122025_21.qgd,d58252bd-9923-48bf-b352-536f5f897d37,1
835,2025-08-12T09:02:21Z,2025-08-13T04:51:38Z,2025-08-13T04:56:27Z,2025-08-13T04:51:38Z,Desorbed NA,25,23,22,22,1,289,2198,,JB_060925_39_8122025_22.qgd,,NA,C:/GCMSsolution/Data/Project1/Campbell RMBL Data/Drought-net 2025/JB_060925_39_8122025_22.qgd,d58252bd-9923-48bf-b352-536f5f897d37,1
836,2025-08-12T09:02:21Z,2025-08-13T05:27:59Z,2025-08-13T05:32:52Z,2025-08-13T05:27:59Z,Desorbed NA,26,24,23,23,1,293,2181,,JB_060925_23_8122025_23.qgd,,NA,C:/GCMSsolution/Data/Project1/Campbell RMBL Data/Drought-net 2025/JB_060925_23_8122025_23.qgd,d58252bd-9923-48bf-b352-536f5f897d37,1
837,2025-08-12T09:02:21Z,2025-08-13T06:04:09Z,2025-08-13T06:09:04Z,2025-08-13T06:04:09Z,Desorbed NA,27,25,24,24,1,295,2170,,JB_060925_70_8122025_24.qgd,,NA,C:/GCMSsolution/Data/Project1/Campbell RMBL Data/Drought-net 2025/JB_060925_70_8122025_24.qgd,d58252bd-9923-48bf-b352-536f5f897d37,1
838,2025-08-12T09:02:21Z,2025-08-13T06:40:15Z,2025-08-13T06:45:02Z,2025-08-13T06:40:15Z,Desorbed NA,28,26,25,25,1,287,2166,,JB_060925_58_8122025_25.qgd,,NA,C:/GCMSsolution/Data/Project1/Campbell RMBL Data/Drought-net 2025/JB_060925_58_8122025_25.qgd,d58252bd-9923-48bf-b352-536f5f897d37,1
839,2025-08-12T09:02:21Z,2025-08-13T07:16:06Z,2025-08-13T07:20:49Z,2025-08-13T07:16:06Z,Desorbed NA,29,27,26,26,1,283,2151,,JB_060925_42_8122025_26.qgd,,NA,C:/GCMSsolution/Data/Project1/Campbell RMBL Data/Drought-net 2025/JB_060925_42_8122025_26.qgd,d58252bd-9923-48bf-b352-536f5f897d37,1
840,2025-08-12T09:02:21Z,2025-08-13T07:52:04Z,2025-08-13T07:56:57Z,2025-08-13T07:52:04Z,Desorbed NA,30,28,27,27,1,293,2158,,JB_060925_40_8122025_27.qgd,,NA,C:/GCMSsolution/Data/Project1/Campbell RMBL Data/Drought-net 2025/JB_060925_40_8122025_27.qgd,d58252bd-9923-48bf-b352-536f5f897d37,1
841,2025-08-13T08:49:30Z,2025-08-13T15:54:15Z,2025-08-13T15:48:21Z,2025-08-13T15:48:21Z,Desorbed NA,1,1,1,1,0,354,28931,,blank_8132025_01.qgd,,NA,C:/GCMSsolution/Data/Project1/Campbell RMBL Data/Drought-net 2025/blank_8132025_01.qgd,8905e0fa-8477-4feb-b38f-b016fa58a6b8,1
842,2025-08-13T08:49:30Z,2025-08-13T16:24:46Z,2025-08-13T16:29:43Z,2025-08-13T16:24:46Z,Desorbed NA,4,2,2,2,0,297,1831,,JB_060925_77_8132025_02.qgd,,NA,C:/GCMSsolution/Data/Project1/Campbell RMBL Data/Drought-net 2025/JB_060925_77_8132025_02.qgd,8905e0fa-8477-4feb-b38f-b016fa58a6b8,1
843,2025-08-13T08:49:30Z,2025-08-13T17:00:25Z,2025-08-13T17:05:20Z,2025-08-13T17:00:25Z,Desorbed NA,4,3,3,3,0,295,2139,,JB_060925_33_8132025_03.qgd,,NA,C:/GCMSsolution/Data/Project1/Campbell RMBL Data/Drought-net 2025/JB_060925_33_8132025_03.qgd,8905e0fa-8477-4feb-b38f-b016fa58a6b8,1
844,2025-08-13T08:49:30Z,2025-08-13T17:36:21Z,2025-08-13T17:41:16Z,2025-08-13T17:36:21Z,Desorbed NA,5,4,4,4,0,295,2156,,JB_060925_d20_8132025_04.qgd,,NA,C:/GCMSsolution/Data/Project1/Campbell RMBL Data/Drought-net 2025/JB_060925_d20_8132025_04.qgd,8905e0fa-8477-4feb-b38f-b016fa58a6b8,1
845,2025-08-13T08:49:30Z,2025-08-13T18:12:36Z,2025-08-13T18:17:29Z,2025-08-13T18:12:36Z,Desorbed NA,6,5,5,5,0,293,2175,,JB_060925_34_8132025_05.qgd,,NA,C:/GCMSsolution/Data/Project1/Campbell RMBL Data/Drought-net 2025/JB_060925_34_8132025_05.qgd,8905e0fa-8477-4feb-b38f-b016fa58a6b8,1
846,2025-08-13T08:49:30Z,2025-08-13T18:49:14Z,2025-08-13T18:53:58Z,2025-08-13T18:49:14Z,Desorbed NA,7,6,6,6,0,284,2198,,JB_060925_72_8132025_06.qgd,,NA,C:/GCMSsolution/Data/Project1/Campbell RMBL Data/Drought-net 2025/JB_060925_72_8132025_06.qgd,8905e0fa-8477-4feb-b38f-b016fa58a6b8,1
847,2025-08-13T08:49:30Z,2025-08-13T19:26:05Z,2025-08-13T19:30:53Z,2025-08-13T19:26:05Z,Desorbed NA,8,7,7,7,0,288,2211,,JB_060925_64_8132025_07.qgd,,NA,C:/GCMSsolution/Data/Project1/Campbell RMBL Data/Drought-net 2025/JB_060925_64_8132025_07.qgd,8905e0fa-8477-4feb-b38f-b016fa58a6b8,1
848,2025-08-13T08:49:30Z,2025-08-13T20:03:13Z,2025-08-13T20:08:08Z,2025-08-13T20:03:13Z,Desorbed NA,9,8,8,8,0,295,2228,,JB_060925_67redo_8132025_08.qgd,,NA,C:/GCMSsolution/Data/Project1/Campbell RMBL Data/Drought-net 2025/JB_060925_67redo_8132025_08.qgd,8905e0fa-8477-4feb-b38f-b016fa58a6b8,1
849,2025-08-13T08:49:30Z,2025-08-13T20:39:45Z,2025-08-13T20:44:38Z,2025-08-13T20:39:45Z,Desorbed NA,10,9,9,9,0,293,2192,,JB_060925_63_8132025_09.qgd,,NA,C:/GCMSsolution/Data/Project1/Campbell RMBL Data/Drought-net 2025/JB_060925_63_8132025_09.qgd,8905e0fa-8477-4feb-b38f-b016fa58a6b8,1
850,2025-08-13T08:49:30Z,2025-08-13T21:17:24Z,2025-08-13T21:21:25Z,2025-08-13T21:17:24Z,Desorbed NA,11,10,10,10,0,241,2259,,JB_060925_d18_8132025_10.qgd,,NA,C:/GCMSsolution/Data/Project1/Campbell RMBL Data/Drought-net 2025/JB_060925_d18_8132025_10.qgd,8905e0fa-8477-4feb-b38f-b016fa58a6b8,1
851,2025-08-13T08:49:30Z,2025-08-13T21:53:24Z,2025-08-13T21:58:19Z,2025-08-13T21:53:24Z,Desorbed NA,12,11,11,11,0,295,2160,,JB_060925_55_8132025_11.qgd,,NA,C:/GCMSsolution/Data/Project1/Campbell RMBL Data/Drought-net 2025/JB_060925_55_8132025_11.qgd,8905e0fa-8477-4feb-b38f-b016fa58a6b8,1
852,2025-08-13T08:49:30Z,2025-08-13T22:30:29Z,2025-08-13T22:35:22Z,2025-08-13T22:30:29Z,Desorbed NA,13,12,12,12,0,293,2225,,JB_060925_25_8132025_12.qgd,,NA,C:/GCMSsolution/Data/Project1/Campbell RMBL Data/Drought-net 2025/JB_060925_25_8132025_12.qgd,8905e0fa-8477-4feb-b38f-b016fa58a6b8,1
853,2025-08-13T08:49:30Z,2025-08-13T23:07:41Z,2025-08-13T23:12:38Z,2025-08-13T23:07:41Z,Desorbed NA,14,13,13,13,0,297,2232,,JB_060925_56_8132025_13.qgd,,NA,C:/GCMSsolution/Data/Project1/Campbell RMBL Data/Drought-net 2025/JB_060925_56_8132025_13.qgd,8905e0fa-8477-4feb-b38f-b016fa58a6b8,1
854,2025-08-13T08:49:30Z,2025-08-13T23:45:10Z,2025-08-13T23:50:02Z,2025-08-13T23:45:10Z,Desorbed NA,15,14,14,14,0,292,2249,,JB_060625_d4_8132025_14.qgd,,NA,C:/GCMSsolution/Data/Project1/Campbell RMBL Data/Drought-net 2025/JB_060625_d4_8132025_14.qgd,8905e0fa-8477-4feb-b38f-b016fa58a6b8,1
855,2025-08-13T08:49:30Z,2025-08-14T00:22:48Z,2025-08-14T00:27:42Z,2025-08-14T00:22:48Z,Desorbed NA,16,15,15,15,0,294,2258,,JB_060625_d9_8132025_15.qgd,,NA,C:/GCMSsolution/Data/Project1/Campbell RMBL Data/Drought-net 2025/JB_060625_d9_8132025_15.qgd,8905e0fa-8477-4feb-b38f-b016fa58a6b8,1
856,2025-08-14T14:46:41Z,2025-08-14T21:50:31Z,NA,2025-08-14T21:50:31Z,Desorbed NA,18,1,NA,1,NA,NA,77263,,NA,,NA,NA,87f438bd-7999-4a34-9fb8-c17184904708,1
857,2025-08-14T14:46:41Z,2025-08-14T22:20:56Z,2025-08-14T22:25:53Z,2025-08-14T22:20:56Z,Desorbed NA,19,2,17,2,-15,297,1825,,JB_060625_d10_8132025_17.qgd,,NA,C:/GCMSsolution/Data/Project1/Campbell RMBL Data/Drought-net 2025/JB_060625_d10_8132025_17.qgd,87f438bd-7999-4a34-9fb8-c17184904708,1
858,2025-08-14T14:46:41Z,2025-08-14T22:58:21Z,2025-08-14T23:03:24Z,2025-08-14T22:58:21Z,Desorbed NA,20,3,18,3,-15,303,2245,,JB_060625_d15_8132025_18.qgd,,NA,C:/GCMSsolution/Data/Project1/Campbell RMBL Data/Drought-net 2025/JB_060625_d15_8132025_18.qgd,87f438bd-7999-4a34-9fb8-c17184904708,1
859,2025-08-14T14:46:41Z,2025-08-14T23:35:54Z,2025-08-14T23:39:56Z,2025-08-14T23:35:54Z,Desorbed NA,21,4,19,4,-15,242,2253,,JB_060625_d5_8132025_19.qgd,,NA,C:/GCMSsolution/Data/Project1/Campbell RMBL Data/Drought-net 2025/JB_060625_d5_8132025_19.qgd,87f438bd-7999-4a34-9fb8-c17184904708,1
860,2025-08-14T14:46:41Z,NA,NA,NA,NA NA,22,5,NA,5,NA,NA,NA,skip-notrun,NA,,NA,NA,87f438bd-7999-4a34-9fb8-c17184904708,1
861,2025-08-14T14:46:41Z,2025-08-15T00:11:40Z,2025-08-15T00:16:32Z,2025-08-15T00:11:40Z,Desorbed NA,23,6,20,6,-14,292,NA,,JB_060625_d12_8132025_20.qgd,,NA,C:/GCMSsolution/Data/Project1/Campbell RMBL Data/Drought-net 2025/JB_060625_d12_8132025_20.qgd,87f438bd-7999-4a34-9fb8-c17184904708,1
862,2025-08-14T14:46:41Z,2025-08-15T00:48:22Z,2025-08-15T00:53:09Z,2025-08-15T00:48:22Z,Desorbed NA,24,7,21,7,-14,287,2202,,JB_060625_d14_8132025_21.qgd,,NA,C:/GCMSsolution/Data/Project1/Campbell RMBL Data/Drought-net 2025/JB_060625_d14_8132025_21.qgd,87f438bd-7999-4a34-9fb8-c17184904708,1
863,2025-08-14T14:46:41Z,2025-08-15T01:25:01Z,2025-08-15T01:29:49Z,2025-08-15T01:25:01Z,Desorbed NA,25,8,22,8,-14,288,2199,,JB_060625_d3_8132025_22.qgd,,NA,C:/GCMSsolution/Data/Project1/Campbell RMBL Data/Drought-net 2025/JB_060625_d3_8132025_22.qgd,87f438bd-7999-4a34-9fb8-c17184904708,1
864,2025-08-14T14:46:41Z,2025-08-15T02:01:44Z,2025-08-15T02:06:37Z,2025-08-15T02:01:44Z,Desorbed NA,26,9,23,9,-14,293,2203,,JB_060625_d7_8132025_23.qgd,,NA,C:/GCMSsolution/Data/Project1/Campbell RMBL Data/Drought-net 2025/JB_060625_d7_8132025_23.qgd,87f438bd-7999-4a34-9fb8-c17184904708,1
865,2025-08-14T14:46:41Z,2025-08-15T02:38:25Z,2025-08-15T02:43:18Z,2025-08-15T02:38:25Z,Desorbed NA,27,10,24,10,-14,293,2201,,JB_060625_d2_8132025_24.qgd,,NA,C:/GCMSsolution/Data/Project1/Campbell RMBL Data/Drought-net 2025/JB_060625_d2_8132025_24.qgd,87f438bd-7999-4a34-9fb8-c17184904708,1
866,2025-08-14T14:46:41Z,2025-08-15T03:15:51Z,2025-08-15T03:20:46Z,2025-08-15T03:15:51Z,Desorbed NA,28,11,25,11,-14,295,2246,,JB_060625_d13_8132025_25.qgd,,NA,C:/GCMSsolution/Data/Project1/Campbell RMBL Data/Drought-net 2025/JB_060625_d13_8132025_25.qgd,87f438bd-7999-4a34-9fb8-c17184904708,1
867,2025-08-14T14:46:41Z,2025-08-15T03:52:59Z,2025-08-15T03:57:52Z,2025-08-15T03:52:59Z,Desorbed NA,29,12,26,12,-14,293,2228,,JB_060625_d11_8132025_26.qgd,,NA,C:/GCMSsolution/Data/Project1/Campbell RMBL Data/Drought-net 2025/JB_060625_d11_8132025_26.qgd,87f438bd-7999-4a34-9fb8-c17184904708,1
868,2025-08-14T14:46:41Z,NA,NA,NA,Leak-test failure High Pressure Leak Failure,3,13,NA,13,NA,NA,NA,leak-blank,NA,,NA,NA,87f438bd-7999-4a34-9fb8-c17184904708,1
869,2025-08-15T07:44:21Z,NA,NA,NA,NA NA,3,1,NA,1,NA,NA,NA,skip-notrun,NA,,NA,NA,7abbb550-b8e4-4f21-b291-2f51cefca855,1
870,2025-08-15T07:46:33Z,NA,NA,NA,Leak-test failure High Pressure Leak Failure,3,1,NA,1,NA,NA,NA,leak-blank,NA,,NA,NA,bb313930-f710-4cb2-92c2-381aad2d54b1,1
871,2025-08-15T08:30:18Z,2025-08-15T15:34:56Z,2025-08-15T15:29:34Z,2025-08-15T15:29:34Z,Desorbed NA,1,1,1,1,0,322,NA,,blank_8152025_01.qgd,,NA,C:/GCMSsolution/Data/Project1/Campbell RMBL Data/Drought-net 2025/blank_8152025_01.qgd,0314ab91-95a7-4ba4-b8b8-289c513e2a76,1
872,2025-08-15T08:30:18Z,2025-08-15T16:05:26Z,2025-08-15T16:10:19Z,2025-08-15T16:05:26Z,Desorbed NA,4,2,2,2,0,293,1830,,JB_062725_129_8152025_02.qgd,,NA,C:/GCMSsolution/Data/Project1/Campbell RMBL Data/Drought-net 2025/JB_062725_129_8152025_02.qgd,0314ab91-95a7-4ba4-b8b8-289c513e2a76,1
873,2025-08-15T08:30:18Z,2025-08-15T16:41:10Z,2025-08-15T16:46:00Z,2025-08-15T16:41:10Z,Desorbed NA,5,3,3,3,0,290,2144,,JB_062725_171_8152025_03.qgd,,NA,C:/GCMSsolution/Data/Project1/Campbell RMBL Data/Drought-net 2025/JB_062725_171_8152025_03.qgd,0314ab91-95a7-4ba4-b8b8-289c513e2a76,1
874,2025-08-15T08:30:18Z,2025-08-15T17:16:56Z,2025-08-15T17:21:50Z,2025-08-15T17:16:56Z,Desorbed NA,6,4,4,4,0,294,2146,,JB_062725_191_8152025_04.qgd,,NA,C:/GCMSsolution/Data/Project1/Campbell RMBL Data/Drought-net 2025/JB_062725_191_8152025_04.qgd,0314ab91-95a7-4ba4-b8b8-289c513e2a76,1
875,2025-08-15T08:30:18Z,2025-08-15T17:53:04Z,2025-08-15T17:57:52Z,2025-08-15T17:53:04Z,Desorbed NA,7,5,5,5,0,288,2168,,JB_062725_102_8152025_05.qgd,,NA,C:/GCMSsolution/Data/Project1/Campbell RMBL Data/Drought-net 2025/JB_062725_102_8152025_05.qgd,0314ab91-95a7-4ba4-b8b8-289c513e2a76,1
876,2025-08-15T08:30:18Z,2025-08-15T18:29:18Z,2025-08-15T18:34:03Z,2025-08-15T18:29:18Z,Desorbed NA,8,6,6,6,0,285,2174,,JB_062725_177_8152025_06.qgd,,NA,C:/GCMSsolution/Data/Project1/Campbell RMBL Data/Drought-net 2025/JB_062725_177_8152025_06.qgd,0314ab91-95a7-4ba4-b8b8-289c513e2a76,1
877,2025-08-15T08:30:18Z,NA,NA,NA,NA NA,9,7,NA,7,NA,NA,NA,skip-notrun,NA,,NA,NA,0314ab91-95a7-4ba4-b8b8-289c513e2a76,1
878,2025-08-15T08:30:18Z,2025-08-15T19:05:46Z,2025-08-15T19:10:39Z,2025-08-15T19:05:46Z,Desorbed NA,10,8,7,7,1,293,NA,,JB_062725_179_8152025_07.qgd,,NA,C:/GCMSsolution/Data/Project1/Campbell RMBL Data/Drought-net 2025/JB_062725_179_8152025_07.qgd,0314ab91-95a7-4ba4-b8b8-289c513e2a76,1
879,2025-08-15T08:30:18Z,2025-08-15T19:43:33Z,2025-08-15T19:47:25Z,2025-08-15T19:43:33Z,Desorbed NA,11,9,8,8,1,232,2267,,JB_062725_166_8152025_08.qgd,,NA,C:/GCMSsolution/Data/Project1/Campbell RMBL Data/Drought-net 2025/JB_062725_166_8152025_08.qgd,0314ab91-95a7-4ba4-b8b8-289c513e2a76,1
880,2025-08-15T08:30:18Z,2025-08-15T20:19:44Z,2025-08-15T20:24:32Z,2025-08-15T20:19:44Z,Desorbed NA,12,10,9,9,1,288,2171,,JB_062725_140_8152025_09.qgd,,NA,C:/GCMSsolution/Data/Project1/Campbell RMBL Data/Drought-net 2025/JB_062725_140_8152025_09.qgd,0314ab91-95a7-4ba4-b8b8-289c513e2a76,1
881,2025-08-15T08:30:18Z,2025-08-15T20:56:51Z,2025-08-15T21:01:48Z,2025-08-15T20:56:51Z,Desorbed NA,13,11,10,10,1,297,2227,,JB_062725_168_8152025_10.qgd,,NA,C:/GCMSsolution/Data/Project1/Campbell RMBL Data/Drought-net 2025/JB_062725_168_8152025_10.qgd,0314ab91-95a7-4ba4-b8b8-289c513e2a76,1
882,2025-08-15T08:30:18Z,2025-08-15T21:34:26Z,2025-08-15T21:39:11Z,2025-08-15T21:34:26Z,Desorbed NA,14,12,11,11,1,285,2255,,JB_062725_142_8152025_11.qgd,,NA,C:/GCMSsolution/Data/Project1/Campbell RMBL Data/Drought-net 2025/JB_062725_142_8152025_11.qgd,0314ab91-95a7-4ba4-b8b8-289c513e2a76,1
883,2025-08-15T08:30:18Z,2025-08-15T22:11:01Z,2025-08-15T22:15:53Z,2025-08-15T22:11:01Z,Desorbed NA,15,13,12,12,1,292,2195,,JB_062725_178_8152025_12.qgd,,NA,C:/GCMSsolution/Data/Project1/Campbell RMBL Data/Drought-net 2025/JB_062725_178_8152025_12.qgd,0314ab91-95a7-4ba4-b8b8-289c513e2a76,1
884,2025-08-15T08:30:18Z,2025-08-15T22:47:36Z,2025-08-15T22:52:27Z,2025-08-15T22:47:36Z,Desorbed NA,16,14,13,13,1,291,2195,,JB_062725_119_8152025_13.qgd,,NA,C:/GCMSsolution/Data/Project1/Campbell RMBL Data/Drought-net 2025/JB_062725_119_8152025_13.qgd,0314ab91-95a7-4ba4-b8b8-289c513e2a76,1
885,2025-08-15T08:30:18Z,2025-08-15T23:24:40Z,2025-08-15T23:29:40Z,2025-08-15T23:24:40Z,Desorbed NA,17,15,14,14,1,300,2224,,JB_062725_132_8152025_14.qgd,,NA,C:/GCMSsolution/Data/Project1/Campbell RMBL Data/Drought-net 2025/JB_062725_132_8152025_14.qgd,0314ab91-95a7-4ba4-b8b8-289c513e2a76,1
886,2025-08-15T08:30:18Z,2025-08-16T00:01:58Z,2025-08-16T00:06:48Z,2025-08-16T00:01:58Z,Desorbed NA,18,16,15,15,1,290,2238,,JB_062725_131_8152025_15.qgd,,NA,C:/GCMSsolution/Data/Project1/Campbell RMBL Data/Drought-net 2025/JB_062725_131_8152025_15.qgd,0314ab91-95a7-4ba4-b8b8-289c513e2a76,1
887,2025-08-15T08:30:18Z,2025-08-16T00:39:06Z,2025-08-16T00:43:52Z,2025-08-16T00:39:06Z,Desorbed NA,19,17,16,16,1,286,2228,,JB_062725_154_8152025_16.qgd,,NA,C:/GCMSsolution/Data/Project1/Campbell RMBL Data/Drought-net 2025/JB_062725_154_8152025_16.qgd,0314ab91-95a7-4ba4-b8b8-289c513e2a76,1
888,2025-08-15T08:30:18Z,2025-08-16T01:16:17Z,2025-08-16T01:21:10Z,2025-08-16T01:16:17Z,Desorbed NA,20,18,17,17,1,293,2231,,JB_062725_152_8152025_17.qgd,,NA,C:/GCMSsolution/Data/Project1/Campbell RMBL Data/Drought-net 2025/JB_062725_152_8152025_17.qgd,0314ab91-95a7-4ba4-b8b8-289c513e2a76,1
889,2025-08-15T08:30:18Z,2025-08-16T01:54:28Z,2025-08-16T01:58:25Z,2025-08-16T01:54:28Z,Desorbed NA,21,19,18,18,1,237,2291,,JB_062725_188_8152025_18.qgd,,NA,C:/GCMSsolution/Data/Project1/Campbell RMBL Data/Drought-net 2025/JB_062725_188_8152025_18.qgd,0314ab91-95a7-4ba4-b8b8-289c513e2a76,1
890,2025-08-15T08:30:18Z,2025-08-16T02:30:46Z,2025-08-16T02:35:34Z,2025-08-16T02:30:46Z,Desorbed NA,22,20,19,19,1,288,2178,,JB_062725_159_8152025_19.qgd,,NA,C:/GCMSsolution/Data/Project1/Campbell RMBL Data/Drought-net 2025/JB_062725_159_8152025_19.qgd,0314ab91-95a7-4ba4-b8b8-289c513e2a76,1
891,2025-08-15T08:30:18Z,2025-08-16T03:08:34Z,2025-08-16T03:12:29Z,2025-08-16T03:08:34Z,Desorbed NA,3,21,20,20,1,235,2268,,JB_060625_d12redo_8152025_20.qgd,,NA,C:/GCMSsolution/Data/Project1/Campbell RMBL Data/Drought-net 2025/JB_060625_d12redo_8152025_20.qgd,0314ab91-95a7-4ba4-b8b8-289c513e2a76,1
892,2025-08-15T21:08:56Z,2025-08-16T04:13:27Z,2025-08-16T04:08:12Z,2025-08-16T04:08:12Z,Desorbed NA,4,1,1,1,0,315,3893,,JB_062725_199_8152025_01.qgd,,NA,C:/GCMSsolution/Data/Project1/Campbell RMBL Data/Drought-net 2025/JB_062725_199_8152025_01.qgd,7f80382d-2390-441d-8892-b70ccef0b774,1
893,2025-08-15T21:08:56Z,2025-08-16T04:43:54Z,2025-08-16T04:48:49Z,2025-08-16T04:43:54Z,Desorbed NA,5,2,2,2,0,295,1827,,JB_062725_151_8152025_02.qgd,,NA,C:/GCMSsolution/Data/Project1/Campbell RMBL Data/Drought-net 2025/JB_062725_151_8152025_02.qgd,7f80382d-2390-441d-8892-b70ccef0b774,1
894,2025-08-15T21:08:56Z,2025-08-16T05:20:06Z,2025-08-16T05:24:58Z,2025-08-16T05:20:06Z,Desorbed NA,6,3,3,3,0,292,2172,,JB_062725_189_8152025_03.qgd,,NA,C:/GCMSsolution/Data/Project1/Campbell RMBL Data/Drought-net 2025/JB_062725_189_8152025_03.qgd,7f80382d-2390-441d-8892-b70ccef0b774,1
895,2025-08-15T21:08:56Z,2025-08-16T05:56:11Z,2025-08-16T06:01:06Z,2025-08-16T05:56:11Z,Desorbed NA,7,4,4,4,0,295,2165,,JB_062725_141_8152025_04.qgd,,NA,C:/GCMSsolution/Data/Project1/Campbell RMBL Data/Drought-net 2025/JB_062725_141_8152025_04.qgd,7f80382d-2390-441d-8892-b70ccef0b774,1
896,2025-08-15T21:08:56Z,2025-08-16T06:32:14Z,2025-08-16T06:37:03Z,2025-08-16T06:32:14Z,Desorbed NA,8,5,5,5,0,289,2163,,JB_062725_144_8152025_05.qgd,,NA,C:/GCMSsolution/Data/Project1/Campbell RMBL Data/Drought-net 2025/JB_062725_144_8152025_05.qgd,7f80382d-2390-441d-8892-b70ccef0b774,1
897,2025-08-15T21:08:56Z,2025-08-16T07:08:10Z,2025-08-16T07:13:02Z,2025-08-16T07:08:10Z,Desorbed NA,9,6,6,6,0,292,2156,,JB_062725_158_8152025_06.qgd,,NA,C:/GCMSsolution/Data/Project1/Campbell RMBL Data/Drought-net 2025/JB_062725_158_8152025_06.qgd,7f80382d-2390-441d-8892-b70ccef0b774,1
898,2025-08-15T21:08:56Z,2025-08-16T07:43:58Z,2025-08-16T07:48:52Z,2025-08-16T07:43:58Z,Desorbed NA,10,7,7,7,0,294,2148,,JB_062725_148_8152025_07.qgd,,NA,C:/GCMSsolution/Data/Project1/Campbell RMBL Data/Drought-net 2025/JB_062725_148_8152025_07.qgd,7f80382d-2390-441d-8892-b70ccef0b774,1
899,2025-08-15T21:08:56Z,2025-08-16T08:20:43Z,2025-08-16T08:24:47Z,2025-08-16T08:20:43Z,Desorbed NA,11,8,8,8,0,244,2205,,JB_062725_156_8152025_08.qgd,,NA,C:/GCMSsolution/Data/Project1/Campbell RMBL Data/Drought-net 2025/JB_062725_156_8152025_08.qgd,7f80382d-2390-441d-8892-b70ccef0b774,1
900,2025-08-15T21:08:56Z,2025-08-16T08:55:38Z,2025-08-16T09:00:25Z,2025-08-16T08:55:38Z,Desorbed NA,12,9,9,9,0,287,2095,,JB_062725_160_8152025_09.qgd,,NA,C:/GCMSsolution/Data/Project1/Campbell RMBL Data/Drought-net 2025/JB_062725_160_8152025_09.qgd,7f80382d-2390-441d-8892-b70ccef0b774,1
901,2025-08-15T21:08:56Z,2025-08-16T09:31:06Z,2025-08-16T09:35:59Z,2025-08-16T09:31:06Z,Desorbed NA,13,10,10,10,0,293,2128,,JB_062725_146_8152025_10.qgd,,NA,C:/GCMSsolution/Data/Project1/Campbell RMBL Data/Drought-net 2025/JB_062725_146_8152025_10.qgd,7f80382d-2390-441d-8892-b70ccef0b774,1
902,2025-08-15T21:08:56Z,NA,NA,NA,NA NA,14,11,NA,11,NA,NA,NA,skip-notrun,NA,,NA,NA,7f80382d-2390-441d-8892-b70ccef0b774,1
903,2025-08-15T21:08:56Z,2025-08-16T10:07:08Z,2025-08-16T10:12:03Z,2025-08-16T10:07:08Z,Desorbed NA,15,12,11,11,1,295,NA,,JB_062725_157_8152025_11.qgd,,NA,C:/GCMSsolution/Data/Project1/Campbell RMBL Data/Drought-net 2025/JB_062725_157_8152025_11.qgd,7f80382d-2390-441d-8892-b70ccef0b774,1
904,2025-08-15T21:08:56Z,NA,NA,NA,NA NA,16,13,NA,13,NA,NA,NA,skip-notrun,NA,,NA,NA,7f80382d-2390-441d-8892-b70ccef0b774,1
905,2025-08-15T21:08:56Z,2025-08-16T10:42:55Z,2025-08-16T10:47:41Z,2025-08-16T10:42:55Z,Desorbed NA,17,14,12,12,2,286,NA,,JB_062725_165_8152025_12.qgd,,NA,C:/GCMSsolution/Data/Project1/Campbell RMBL Data/Drought-net 2025/JB_062725_165_8152025_12.qgd,7f80382d-2390-441d-8892-b70ccef0b774,1
906,2025-08-15T21:08:56Z,2025-08-16T11:18:31Z,2025-08-16T11:23:19Z,2025-08-16T11:18:31Z,Desorbed NA,18,15,13,13,2,288,2136,,JB_062725_162_8152025_13.qgd,,NA,C:/GCMSsolution/Data/Project1/Campbell RMBL Data/Drought-net 2025/JB_062725_162_8152025_13.qgd,7f80382d-2390-441d-8892-b70ccef0b774,1
907,2025-08-15T21:08:56Z,2025-08-16T11:54:11Z,2025-08-16T11:59:06Z,2025-08-16T11:54:11Z,Desorbed NA,19,16,14,14,2,295,2140,,JB_062725_155_8152025_14.qgd,,NA,C:/GCMSsolution/Data/Project1/Campbell RMBL Data/Drought-net 2025/JB_062725_155_8152025_14.qgd,7f80382d-2390-441d-8892-b70ccef0b774,1
908,2025-08-15T21:08:56Z,2025-08-16T12:30:07Z,2025-08-16T12:34:57Z,2025-08-16T12:30:07Z,Desorbed NA,20,17,15,15,2,290,2156,,JB_062725_5146_8152025_15.qgd,,NA,C:/GCMSsolution/Data/Project1/Campbell RMBL Data/Drought-net 2025/JB_062725_5146_8152025_15.qgd,7f80382d-2390-441d-8892-b70ccef0b774,1
909,2025-08-15T21:08:56Z,2025-08-16T13:06:49Z,2025-08-16T13:10:49Z,2025-08-16T13:06:49Z,Desorbed NA,21,18,16,16,2,240,2202,,JB_062725_139_8152025_16.qgd,,NA,C:/GCMSsolution/Data/Project1/Campbell RMBL Data/Drought-net 2025/JB_062725_139_8152025_16.qgd,7f80382d-2390-441d-8892-b70ccef0b774,1
910,2025-08-16T09:20:10Z,2025-08-16T16:24:47Z,2025-08-16T16:19:32Z,2025-08-16T16:19:32Z,Desorbed NA,1,1,1,1,0,315,11878,,blank_8162025_01.qgd,,NA,C:/GCMSsolution/Data/Project1/Campbell RMBL Data/Drought-net 2025/blank_8162025_01.qgd,910c5d38-16a5-44f9-8ef8-fcd4b45ad6c7,1
911,2025-08-16T09:20:10Z,2025-08-16T16:55:22Z,2025-08-16T17:00:08Z,2025-08-16T16:55:22Z,Desorbed NA,3,2,2,2,0,286,1835,,JB_062725_138_8162025_02.qgd,,NA,C:/GCMSsolution/Data/Project1/Campbell RMBL Data/Drought-net 2025/JB_062725_138_8162025_02.qgd,910c5d38-16a5-44f9-8ef8-fcd4b45ad6c7,1
912,2025-08-16T09:20:10Z,2025-08-16T17:30:53Z,2025-08-16T17:35:49Z,2025-08-16T17:30:53Z,Desorbed NA,4,3,3,3,0,296,2131,,JB_062725_149_8162025_03.qgd,,NA,C:/GCMSsolution/Data/Project1/Campbell RMBL Data/Drought-net 2025/JB_062725_149_8162025_03.qgd,910c5d38-16a5-44f9-8ef8-fcd4b45ad6c7,1
913,2025-08-16T09:20:10Z,2025-08-16T18:06:38Z,2025-08-16T18:11:35Z,2025-08-16T18:06:38Z,Desorbed NA,5,4,4,4,0,297,2145,,JB_062725_150_8162025_04.qgd,,NA,C:/GCMSsolution/Data/Project1/Campbell RMBL Data/Drought-net 2025/JB_062725_150_8162025_04.qgd,910c5d38-16a5-44f9-8ef8-fcd4b45ad6c7,1
914,2025-08-16T09:20:10Z,2025-08-16T18:42:35Z,2025-08-16T18:47:30Z,2025-08-16T18:42:35Z,Desorbed NA,6,5,5,5,0,295,2157,,JB_062725_169_8162025_05.qgd,,NA,C:/GCMSsolution/Data/Project1/Campbell RMBL Data/Drought-net 2025/JB_062725_169_8162025_05.qgd,910c5d38-16a5-44f9-8ef8-fcd4b45ad6c7,1
915,2025-08-16T09:20:10Z,2025-08-16T19:18:41Z,2025-08-16T19:23:34Z,2025-08-16T19:18:41Z,Desorbed NA,7,6,6,6,0,293,2166,,JB_062725_167_8162025_06.qgd,,NA,C:/GCMSsolution/Data/Project1/Campbell RMBL Data/Drought-net 2025/JB_062725_167_8162025_06.qgd,910c5d38-16a5-44f9-8ef8-fcd4b45ad6c7,1
916,2025-08-16T09:20:10Z,2025-08-16T19:54:58Z,2025-08-16T19:59:50Z,2025-08-16T19:54:58Z,Desorbed NA,8,7,7,7,0,292,2177,,JB_062725_163_8162025_07.qgd,,NA,C:/GCMSsolution/Data/Project1/Campbell RMBL Data/Drought-net 2025/JB_062725_163_8162025_07.qgd,910c5d38-16a5-44f9-8ef8-fcd4b45ad6c7,1
917,2025-08-16T09:20:10Z,2025-08-16T20:31:23Z,2025-08-16T20:36:20Z,2025-08-16T20:31:23Z,Desorbed NA,9,8,8,8,0,297,2185,,JB_062725_161_8162025_08.qgd,,NA,C:/GCMSsolution/Data/Project1/Campbell RMBL Data/Drought-net 2025/JB_062725_161_8162025_08.qgd,910c5d38-16a5-44f9-8ef8-fcd4b45ad6c7,1
918,2025-08-16T09:20:10Z,2025-08-16T21:08:04Z,2025-08-16T21:12:51Z,2025-08-16T21:08:04Z,Desorbed NA,10,9,9,9,0,287,2201,,JB_062725_170_8162025_09.qgd,,NA,C:/GCMSsolution/Data/Project1/Campbell RMBL Data/Drought-net 2025/JB_062725_170_8162025_09.qgd,910c5d38-16a5-44f9-8ef8-fcd4b45ad6c7,1
919,2025-08-16T09:20:10Z,2025-08-16T21:45:44Z,2025-08-16T21:49:42Z,2025-08-16T21:45:44Z,Desorbed NA,11,10,10,10,0,238,2260,,JB_062725_200_8162025_10.qgd,,NA,C:/GCMSsolution/Data/Project1/Campbell RMBL Data/Drought-net 2025/JB_062725_200_8162025_10.qgd,910c5d38-16a5-44f9-8ef8-fcd4b45ad6c7,1
920,2025-08-16T09:20:10Z,2025-08-16T22:21:47Z,2025-08-16T22:26:37Z,2025-08-16T22:21:47Z,Desorbed NA,12,11,11,11,0,290,2163,,JB_062725_182_8162025_11.qgd,,NA,C:/GCMSsolution/Data/Project1/Campbell RMBL Data/Drought-net 2025/JB_062725_182_8162025_11.qgd,910c5d38-16a5-44f9-8ef8-fcd4b45ad6c7,1
921,2025-08-16T09:20:10Z,2025-08-16T22:58:42Z,2025-08-16T23:03:36Z,2025-08-16T22:58:42Z,Desorbed NA,13,12,12,12,0,294,2215,,JB_062725_180_8162025_12.qgd,,NA,C:/GCMSsolution/Data/Project1/Campbell RMBL Data/Drought-net 2025/JB_062725_180_8162025_12.qgd,910c5d38-16a5-44f9-8ef8-fcd4b45ad6c7,1
922,2025-08-16T09:20:10Z,2025-08-16T23:35:58Z,2025-08-16T23:40:38Z,2025-08-16T23:35:58Z,Desorbed NA,14,13,13,13,0,280,2236,,JB_062725_157redo_8162025_13.qgd,,NA,C:/GCMSsolution/Data/Project1/Campbell RMBL Data/Drought-net 2025/JB_062725_157redo_8162025_13.qgd,910c5d38-16a5-44f9-8ef8-fcd4b45ad6c7,1
923,2025-08-16T09:20:10Z,2025-08-17T00:13:03Z,2025-08-17T00:17:59Z,2025-08-17T00:13:03Z,Desorbed NA,15,14,14,14,0,296,2225,,JB_062725_181_8162025_14.qgd,,NA,C:/GCMSsolution/Data/Project1/Campbell RMBL Data/Drought-net 2025/JB_062725_181_8162025_14.qgd,910c5d38-16a5-44f9-8ef8-fcd4b45ad6c7,1
924,2025-08-16T09:20:10Z,2025-08-17T00:50:24Z,2025-08-17T00:55:20Z,2025-08-17T00:50:24Z,Desorbed NA,16,15,15,15,0,296,2241,,JB_062725_162redo_8162025_15.qgd,,NA,C:/GCMSsolution/Data/Project1/Campbell RMBL Data/Drought-net 2025/JB_062725_162redo_8162025_15.qgd,910c5d38-16a5-44f9-8ef8-fcd4b45ad6c7,1
925,2025-08-16T09:20:10Z,2025-08-17T01:27:46Z,2025-08-17T01:32:39Z,2025-08-17T01:27:46Z,Desorbed NA,17,16,16,16,0,293,2242,,JB_062725_102b_8162025_16.qgd,,NA,C:/GCMSsolution/Data/Project1/Campbell RMBL Data/Drought-net 2025/JB_062725_102b_8162025_16.qgd,910c5d38-16a5-44f9-8ef8-fcd4b45ad6c7,1
926,2025-08-16T09:20:10Z,2025-08-17T02:05:02Z,2025-08-17T02:09:58Z,2025-08-17T02:05:02Z,Desorbed NA,18,17,17,17,0,296,2236,,JB_062725_156_8162025_17.qgd,,NA,C:/GCMSsolution/Data/Project1/Campbell RMBL Data/Drought-net 2025/JB_062725_156_8162025_17.qgd,910c5d38-16a5-44f9-8ef8-fcd4b45ad6c7,1
927,2025-08-17T13:31:11Z,2025-08-17T20:35:47Z,2025-08-17T20:30:28Z,2025-08-17T20:30:28Z,Desorbed NA,1,1,1,1,0,319,66645,,blank_8172025_01.qgd,,NA,C:/GCMSsolution/Data/Project1/Campbell RMBL Data/Drought-net 2025/blank_8172025_01.qgd,b2dea93c-d1c1-40fc-b1af-7fcc4269d7f7,1
928,2025-08-17T13:31:11Z,2025-08-17T21:06:21Z,2025-08-17T21:11:09Z,2025-08-17T21:06:21Z,Desorbed NA,3,2,2,2,0,288,1834,,JB_070825_121-25_8172025_02.qgd,,NA,C:/GCMSsolution/Data/Project1/Campbell RMBL Data/Drought-net 2025/JB_070825_121-25_8172025_02.qgd,b2dea93c-d1c1-40fc-b1af-7fcc4269d7f7,1
929,2025-08-17T13:31:11Z,2025-08-17T21:42:56Z,2025-08-17T21:47:44Z,2025-08-17T21:42:56Z,Desorbed NA,4,3,3,3,0,288,2195,,JB_070825_115-25_8172025_03.qgd,,NA,C:/GCMSsolution/Data/Project1/Campbell RMBL Data/Drought-net 2025/JB_070825_115-25_8172025_03.qgd,b2dea93c-d1c1-40fc-b1af-7fcc4269d7f7,1
930,2025-08-17T13:31:11Z,NA,NA,NA,NA NA,5,4,NA,4,NA,NA,NA,skip-notrun,NA,,NA,NA,b2dea93c-d1c1-40fc-b1af-7fcc4269d7f7,1
931,2025-08-17T13:31:11Z,2025-08-17T22:19:44Z,2025-08-17T22:24:26Z,2025-08-17T22:19:44Z,Desorbed NA,6,5,4,4,1,282,NA,,JB_070825_119-25_8172025_04.qgd,,NA,C:/GCMSsolution/Data/Project1/Campbell RMBL Data/Drought-net 2025/JB_070825_119-25_8172025_04.qgd,b2dea93c-d1c1-40fc-b1af-7fcc4269d7f7,1
932,2025-08-17T13:31:11Z,2025-08-17T22:56:40Z,2025-08-17T23:01:30Z,2025-08-17T22:56:40Z,Desorbed NA,7,6,5,5,1,290,2216,,JB_070825_120-25_8172025_05.qgd,,NA,C:/GCMSsolution/Data/Project1/Campbell RMBL Data/Drought-net 2025/JB_070825_120-25_8172025_05.qgd,b2dea93c-d1c1-40fc-b1af-7fcc4269d7f7,1
933,2025-08-17T13:31:11Z,2025-08-17T23:33:53Z,2025-08-17T23:38:42Z,2025-08-17T23:33:53Z,Desorbed NA,8,7,6,6,1,289,2233,,JB_070825_116-25_8172025_06.qgd,,NA,C:/GCMSsolution/Data/Project1/Campbell RMBL Data/Drought-net 2025/JB_070825_116-25_8172025_06.qgd,b2dea93c-d1c1-40fc-b1af-7fcc4269d7f7,1
934,2025-08-17T13:31:11Z,2025-08-18T00:11:05Z,2025-08-18T00:16:02Z,2025-08-18T00:11:05Z,Desorbed NA,9,8,7,7,1,297,2232,,JB_070825_114-25_8172025_07.qgd,,NA,C:/GCMSsolution/Data/Project1/Campbell RMBL Data/Drought-net 2025/JB_070825_114-25_8172025_07.qgd,b2dea93c-d1c1-40fc-b1af-7fcc4269d7f7,1
935,2025-08-17T13:31:11Z,2025-08-18T00:48:36Z,2025-08-18T00:53:22Z,2025-08-18T00:48:36Z,Desorbed NA,10,9,8,8,1,286,2251,,JB_070825_118-25_8172025_08.qgd,,NA,C:/GCMSsolution/Data/Project1/Campbell RMBL Data/Drought-net 2025/JB_070825_118-25_8172025_08.qgd,b2dea93c-d1c1-40fc-b1af-7fcc4269d7f7,1
936,2025-08-17T13:31:11Z,2025-08-18T01:26:50Z,2025-08-18T01:30:46Z,2025-08-18T01:26:50Z,Desorbed NA,11,10,9,9,1,236,2294,,JB_070825_117-25_8172025_09.qgd,,NA,C:/GCMSsolution/Data/Project1/Campbell RMBL Data/Drought-net 2025/JB_070825_117-25_8172025_09.qgd,b2dea93c-d1c1-40fc-b1af-7fcc4269d7f7,1
937,2025-08-17T13:31:11Z,2025-08-18T02:03:18Z,2025-08-18T02:08:07Z,2025-08-18T02:03:18Z,Desorbed NA,12,11,10,10,1,289,2188,,JB_070825_112-25_8172025_10.qgd,,NA,C:/GCMSsolution/Data/Project1/Campbell RMBL Data/Drought-net 2025/JB_070825_112-25_8172025_10.qgd,b2dea93c-d1c1-40fc-b1af-7fcc4269d7f7,1
938,2025-08-17T13:31:11Z,2025-08-18T02:40:23Z,2025-08-18T02:45:11Z,2025-08-18T02:40:23Z,Desorbed NA,13,12,11,11,1,288,2225,,JB_070825_109-25_8172025_11.qgd,,NA,C:/GCMSsolution/Data/Project1/Campbell RMBL Data/Drought-net 2025/JB_070825_109-25_8172025_11.qgd,b2dea93c-d1c1-40fc-b1af-7fcc4269d7f7,1
939,2025-08-17T13:31:11Z,2025-08-18T03:17:08Z,2025-08-18T03:21:59Z,2025-08-18T03:17:08Z,Desorbed NA,14,13,12,12,1,291,2205,,JB_070825_111-25_8172025_12.qgd,,NA,C:/GCMSsolution/Data/Project1/Campbell RMBL Data/Drought-net 2025/JB_070825_111-25_8172025_12.qgd,b2dea93c-d1c1-40fc-b1af-7fcc4269d7f7,1
940,2025-08-17T13:31:11Z,2025-08-18T03:53:36Z,2025-08-18T03:58:29Z,2025-08-18T03:53:36Z,Desorbed NA,15,14,13,13,1,293,2188,,JB_070825_101-25_8172025_13.qgd,,NA,C:/GCMSsolution/Data/Project1/Campbell RMBL Data/Drought-net 2025/JB_070825_101-25_8172025_13.qgd,b2dea93c-d1c1-40fc-b1af-7fcc4269d7f7,1
941,2025-08-17T13:31:11Z,2025-08-18T04:29:51Z,2025-08-18T04:34:42Z,2025-08-18T04:29:51Z,Desorbed NA,16,15,14,14,1,291,2175,,JB_070825_110-25_8172025_14.qgd,,NA,C:/GCMSsolution/Data/Project1/Campbell RMBL Data/Drought-net 2025/JB_070825_110-25_8172025_14.qgd,b2dea93c-d1c1-40fc-b1af-7fcc4269d7f7,1
942,2025-08-17T13:31:11Z,2025-08-18T05:05:54Z,2025-08-18T05:10:48Z,2025-08-18T05:05:54Z,Desorbed NA,17,16,15,15,1,294,2163,,JB_070825_103-25_8172025_15.qgd,,NA,C:/GCMSsolution/Data/Project1/Campbell RMBL Data/Drought-net 2025/JB_070825_103-25_8172025_15.qgd,b2dea93c-d1c1-40fc-b1af-7fcc4269d7f7,1
943,2025-08-17T13:31:11Z,2025-08-18T05:41:56Z,2025-08-18T05:46:52Z,2025-08-18T05:41:56Z,Desorbed NA,18,17,16,16,1,296,2162,,JB_070825_104-25_8172025_16.qgd,,NA,C:/GCMSsolution/Data/Project1/Campbell RMBL Data/Drought-net 2025/JB_070825_104-25_8172025_16.qgd,b2dea93c-d1c1-40fc-b1af-7fcc4269d7f7,1
944,2025-08-17T13:31:11Z,NA,NA,NA,NA NA,19,18,NA,18,NA,NA,NA,skip-notrun,NA,,NA,NA,b2dea93c-d1c1-40fc-b1af-7fcc4269d7f7,1
945,2025-08-17T13:31:11Z,2025-08-18T06:17:50Z,2025-08-18T06:22:43Z,2025-08-18T06:17:50Z,Desorbed NA,20,19,17,17,2,293,NA,,JB_070825_108-25_8172025_17.qgd,,NA,C:/GCMSsolution/Data/Project1/Campbell RMBL Data/Drought-net 2025/JB_070825_108-25_8172025_17.qgd,b2dea93c-d1c1-40fc-b1af-7fcc4269d7f7,1
946,2025-08-18T08:05:00Z,2025-08-18T15:09:42Z,2025-08-18T15:04:18Z,2025-08-18T15:04:18Z,Desorbed NA,1,1,1,1,0,324,31912,,blank_8182025_01.qgd,,NA,C:/GCMSsolution/Data/Project1/Campbell RMBL Data/Drought-net 2025/blank_8182025_01.qgd,d1d6c70c-1244-42cf-9b43-b76011276c90,1
947,2025-08-18T08:05:00Z,2025-08-18T15:40:13Z,2025-08-18T15:45:07Z,2025-08-18T15:40:13Z,Desorbed NA,3,2,2,2,0,294,1831,,JB_070825_105-25_8182025_02.qgd,,NA,C:/GCMSsolution/Data/Project1/Campbell RMBL Data/Drought-net 2025/JB_070825_105-25_8182025_02.qgd,d1d6c70c-1244-42cf-9b43-b76011276c90,1
948,2025-08-18T08:05:00Z,2025-08-18T16:15:41Z,2025-08-18T16:20:37Z,2025-08-18T16:15:41Z,Desorbed NA,4,3,3,3,0,296,2128,,JB_070825_115-25redo_8182025_03.qgd,,NA,C:/GCMSsolution/Data/Project1/Campbell RMBL Data/Drought-net 2025/JB_070825_115-25redo_8182025_03.qgd,d1d6c70c-1244-42cf-9b43-b76011276c90,1
949,2025-08-18T08:05:00Z,2025-08-18T16:51:20Z,2025-08-18T16:56:15Z,2025-08-18T16:51:20Z,Desorbed NA,5,4,4,4,0,295,2139,,JB_070825_113-25_8182025_04.qgd,,NA,C:/GCMSsolution/Data/Project1/Campbell RMBL Data/Drought-net 2025/JB_070825_113-25_8182025_04.qgd,d1d6c70c-1244-42cf-9b43-b76011276c90,1
950,2025-08-18T08:05:00Z,2025-08-18T17:27:05Z,2025-08-18T17:31:59Z,2025-08-18T17:27:05Z,Desorbed NA,6,5,5,5,0,294,2145,,JB_070825_132-25_8182025_05.qgd,,NA,C:/GCMSsolution/Data/Project1/Campbell RMBL Data/Drought-net 2025/JB_070825_132-25_8182025_05.qgd,d1d6c70c-1244-42cf-9b43-b76011276c90,1
951,2025-08-18T08:05:00Z,2025-08-18T18:03:05Z,2025-08-18T18:07:56Z,2025-08-18T18:03:05Z,Desorbed NA,7,6,6,6,0,291,2160,,JB_070825_107-25_8182025_06.qgd,,NA,C:/GCMSsolution/Data/Project1/Campbell RMBL Data/Drought-net 2025/JB_070825_107-25_8182025_06.qgd,d1d6c70c-1244-42cf-9b43-b76011276c90,1
952,2025-08-18T08:05:00Z,2025-08-18T18:39:14Z,2025-08-18T18:44:05Z,2025-08-18T18:39:14Z,Desorbed NA,8,7,7,7,0,291,2169,,JB_070825_131-25_8182025_07.qgd,,NA,C:/GCMSsolution/Data/Project1/Campbell RMBL Data/Drought-net 2025/JB_070825_131-25_8182025_07.qgd,d1d6c70c-1244-42cf-9b43-b76011276c90,1
953,2025-08-18T08:05:00Z,2025-08-18T19:15:46Z,2025-08-18T19:20:35Z,2025-08-18T19:15:46Z,Desorbed NA,9,8,8,8,0,289,2192,,JB_070825_129-25_8182025_08.qgd,,NA,C:/GCMSsolution/Data/Project1/Campbell RMBL Data/Drought-net 2025/JB_070825_129-25_8182025_08.qgd,d1d6c70c-1244-42cf-9b43-b76011276c90,1
954,2025-08-18T08:05:00Z,2025-08-18T19:52:20Z,2025-08-18T19:57:13Z,2025-08-18T19:52:20Z,Desorbed NA,10,9,9,9,0,293,2194,,JB_070825_122-25_8182025_09.qgd,,NA,C:/GCMSsolution/Data/Project1/Campbell RMBL Data/Drought-net 2025/JB_070825_122-25_8182025_09.qgd,d1d6c70c-1244-42cf-9b43-b76011276c90,1
955,2025-08-18T08:05:00Z,2025-08-18T20:30:08Z,2025-08-18T20:34:04Z,2025-08-18T20:30:08Z,Desorbed NA,11,10,10,10,0,236,2268,,JB_070825_126-25_8182025_10.qgd,,NA,C:/GCMSsolution/Data/Project1/Campbell RMBL Data/Drought-net 2025/JB_070825_126-25_8182025_10.qgd,d1d6c70c-1244-42cf-9b43-b76011276c90,1
956,2025-08-18T08:05:00Z,2025-08-18T21:06:19Z,2025-08-18T21:11:12Z,2025-08-18T21:06:19Z,Desorbed NA,12,11,11,11,0,293,2171,,JB_070825_124-25_8182025_11.qgd,,NA,C:/GCMSsolution/Data/Project1/Campbell RMBL Data/Drought-net 2025/JB_070825_124-25_8182025_11.qgd,d1d6c70c-1244-42cf-9b43-b76011276c90,1
957,2025-08-18T08:05:00Z,2025-08-18T21:43:39Z,2025-08-18T21:48:33Z,2025-08-18T21:43:39Z,Desorbed NA,13,12,12,12,0,294,2240,,JB_070825_123-25_8182025_12.qgd,,NA,C:/GCMSsolution/Data/Project1/Campbell RMBL Data/Drought-net 2025/JB_070825_123-25_8182025_12.qgd,d1d6c70c-1244-42cf-9b43-b76011276c90,1
958,2025-08-18T08:05:00Z,2025-08-18T22:21:21Z,2025-08-18T22:26:16Z,2025-08-18T22:21:21Z,Desorbed NA,14,13,13,13,0,295,2262,,JB_070825_125-25_8182025_13.qgd,,NA,C:/GCMSsolution/Data/Project1/Campbell RMBL Data/Drought-net 2025/JB_070825_125-25_8182025_13.qgd,d1d6c70c-1244-42cf-9b43-b76011276c90,1
959,2025-08-18T08:05:00Z,2025-08-18T22:58:09Z,2025-08-18T23:02:59Z,2025-08-18T22:58:09Z,Desorbed NA,15,14,14,14,0,290,2208,,JB_070825_130-25_8182025_14.qgd,,NA,C:/GCMSsolution/Data/Project1/Campbell RMBL Data/Drought-net 2025/JB_070825_130-25_8182025_14.qgd,d1d6c70c-1244-42cf-9b43-b76011276c90,1
960,2025-08-18T08:05:00Z,2025-08-18T23:35:07Z,2025-08-18T23:40:02Z,2025-08-18T23:35:07Z,Desorbed NA,16,15,15,15,0,295,2218,,JB_070825_140-25_8182025_15.qgd,,NA,C:/GCMSsolution/Data/Project1/Campbell RMBL Data/Drought-net 2025/JB_070825_140-25_8182025_15.qgd,d1d6c70c-1244-42cf-9b43-b76011276c90,1
961,2025-08-18T08:05:00Z,2025-08-19T00:12:09Z,2025-08-19T00:16:52Z,2025-08-19T00:12:09Z,Desorbed NA,17,16,16,16,0,283,2222,,JB_070825_128-25_8182025_16.qgd,,NA,C:/GCMSsolution/Data/Project1/Campbell RMBL Data/Drought-net 2025/JB_070825_128-25_8182025_16.qgd,d1d6c70c-1244-42cf-9b43-b76011276c90,1
962,2025-08-18T08:05:00Z,2025-08-19T00:48:59Z,2025-08-19T00:53:56Z,2025-08-19T00:48:59Z,Desorbed NA,18,17,17,17,0,297,2210,,JB_070825_127-25_8182025_17.qgd,,NA,C:/GCMSsolution/Data/Project1/Campbell RMBL Data/Drought-net 2025/JB_070825_127-25_8182025_17.qgd,d1d6c70c-1244-42cf-9b43-b76011276c90,1
963,2025-08-18T08:05:00Z,2025-08-19T01:26:17Z,2025-08-19T01:31:13Z,2025-08-19T01:26:17Z,Desorbed NA,19,18,18,18,0,296,2238,,JB_070825_106-25redo_8182025_18.qgd,,NA,C:/GCMSsolution/Data/Project1/Campbell RMBL Data/Drought-net 2025/JB_070825_106-25redo_8182025_18.qgd,d1d6c70c-1244-42cf-9b43-b76011276c90,1
964,2025-08-18T08:05:00Z,2025-08-19T02:04:28Z,2025-08-19T02:09:22Z,2025-08-19T02:04:28Z,Desorbed NA,20,19,19,19,0,294,2291,,JB_070825_200-25_8182025_19.qgd,,NA,C:/GCMSsolution/Data/Project1/Campbell RMBL Data/Drought-net 2025/JB_070825_200-25_8182025_19.qgd,d1d6c70c-1244-42cf-9b43-b76011276c90,1
965,2025-08-19T08:01:57Z,2025-08-19T15:06:44Z,2025-08-19T15:01:06Z,2025-08-19T15:01:06Z,Desorbed NA,1,1,1,1,0,338,46936,,blank_8192025_01.qgd,,NA,C:/GCMSsolution/Data/Project1/Campbell RMBL Data/Drought-net 2025/blank_8192025_01.qgd,6ad6db76-b256-41ad-8b73-f7cc01c8f0c1,1
966,2025-08-19T08:01:57Z,2025-08-19T15:37:19Z,2025-08-19T15:42:11Z,2025-08-19T15:37:19Z,Desorbed NA,3,2,2,2,0,292,1835,,JB_062525_86_8192025_02.qgd,,NA,C:/GCMSsolution/Data/Project1/Campbell RMBL Data/Drought-net 2025/JB_062525_86_8192025_02.qgd,6ad6db76-b256-41ad-8b73-f7cc01c8f0c1,1
967,2025-08-19T08:01:57Z,2025-08-19T16:12:13Z,2025-08-19T16:17:06Z,2025-08-19T16:12:13Z,Desorbed NA,4,3,3,3,0,293,2094,,JB_062525_85_8192025_03.qgd,,NA,C:/GCMSsolution/Data/Project1/Campbell RMBL Data/Drought-net 2025/JB_062525_85_8192025_03.qgd,6ad6db76-b256-41ad-8b73-f7cc01c8f0c1,1
968,2025-08-19T08:01:57Z,2025-08-19T16:47:22Z,2025-08-19T16:52:19Z,2025-08-19T16:47:22Z,Desorbed NA,5,4,4,4,0,297,2109,,JB_062525_87_8192025_04.qgd,,NA,C:/GCMSsolution/Data/Project1/Campbell RMBL Data/Drought-net 2025/JB_062525_87_8192025_04.qgd,6ad6db76-b256-41ad-8b73-f7cc01c8f0c1,1
969,2025-08-19T08:01:57Z,2025-08-19T17:22:52Z,2025-08-19T17:27:50Z,2025-08-19T17:22:52Z,Desorbed NA,6,5,5,5,0,298,2130,,JB_062525_89_8192025_05.qgd,,NA,C:/GCMSsolution/Data/Project1/Campbell RMBL Data/Drought-net 2025/JB_062525_89_8192025_05.qgd,6ad6db76-b256-41ad-8b73-f7cc01c8f0c1,1
970,2025-08-19T08:01:57Z,2025-08-19T17:58:36Z,2025-08-19T18:03:28Z,2025-08-19T17:58:36Z,Desorbed NA,7,6,6,6,0,292,2144,,JB_062525_88_8192025_06.qgd,,NA,C:/GCMSsolution/Data/Project1/Campbell RMBL Data/Drought-net 2025/JB_062525_88_8192025_06.qgd,6ad6db76-b256-41ad-8b73-f7cc01c8f0c1,1
971,2025-08-19T08:01:57Z,2025-08-19T18:34:34Z,2025-08-19T18:39:28Z,2025-08-19T18:34:34Z,Desorbed NA,8,7,7,7,0,294,2158,,JB_062525_90_8192025_07.qgd,,NA,C:/GCMSsolution/Data/Project1/Campbell RMBL Data/Drought-net 2025/JB_062525_90_8192025_07.qgd,6ad6db76-b256-41ad-8b73-f7cc01c8f0c1,1
972,2025-08-19T08:01:57Z,2025-08-19T19:10:45Z,2025-08-19T19:15:28Z,2025-08-19T19:10:45Z,Desorbed NA,9,8,8,8,0,283,2171,,JB_062525_100_8192025_08.qgd,,NA,C:/GCMSsolution/Data/Project1/Campbell RMBL Data/Drought-net 2025/JB_062525_100_8192025_08.qgd,6ad6db76-b256-41ad-8b73-f7cc01c8f0c1,1
973,2025-08-19T08:01:57Z,2025-08-19T19:46:59Z,2025-08-19T19:51:52Z,2025-08-19T19:46:59Z,Desorbed NA,10,9,9,9,0,293,2174,,JB_062525_101_8192025_09.qgd,,NA,C:/GCMSsolution/Data/Project1/Campbell RMBL Data/Drought-net 2025/JB_062525_101_8192025_09.qgd,6ad6db76-b256-41ad-8b73-f7cc01c8f0c1,1
974,2025-08-19T08:01:57Z,2025-08-19T20:24:22Z,2025-08-19T20:28:13Z,2025-08-19T20:24:22Z,Desorbed NA,11,10,10,10,0,231,2243,,JB_062525_76_8192025_10.qgd,,NA,C:/GCMSsolution/Data/Project1/Campbell RMBL Data/Drought-net 2025/JB_062525_76_8192025_10.qgd,6ad6db76-b256-41ad-8b73-f7cc01c8f0c1,1
975,2025-08-19T08:01:57Z,2025-08-19T20:59:56Z,2025-08-19T21:04:51Z,2025-08-19T20:59:56Z,Desorbed NA,12,11,11,11,0,295,2134,,JB_062525_126_8192025_11.qgd,,NA,C:/GCMSsolution/Data/Project1/Campbell RMBL Data/Drought-net 2025/JB_062525_126_8192025_11.qgd,6ad6db76-b256-41ad-8b73-f7cc01c8f0c1,1
976,2025-08-19T08:01:57Z,2025-08-19T21:37:00Z,2025-08-19T21:41:55Z,2025-08-19T21:37:00Z,Desorbed NA,13,12,12,12,0,295,2224,,JB_062525_104_8192025_12.qgd,,NA,C:/GCMSsolution/Data/Project1/Campbell RMBL Data/Drought-net 2025/JB_062525_104_8192025_12.qgd,6ad6db76-b256-41ad-8b73-f7cc01c8f0c1,1
977,2025-08-19T08:01:57Z,2025-08-19T22:14:22Z,2025-08-19T22:19:17Z,2025-08-19T22:14:22Z,Desorbed NA,14,13,13,13,0,295,2242,,JB_062525_91_8192025_13.qgd,,NA,C:/GCMSsolution/Data/Project1/Campbell RMBL Data/Drought-net 2025/JB_062525_91_8192025_13.qgd,6ad6db76-b256-41ad-8b73-f7cc01c8f0c1,1
978,2025-08-19T08:01:57Z,2025-08-19T22:50:55Z,2025-08-19T22:55:47Z,2025-08-19T22:50:55Z,Desorbed NA,15,14,14,14,0,292,2193,,JB_062525_112_8192025_14.qgd,,NA,C:/GCMSsolution/Data/Project1/Campbell RMBL Data/Drought-net 2025/JB_062525_112_8192025_14.qgd,6ad6db76-b256-41ad-8b73-f7cc01c8f0c1,1
979,2025-08-19T08:01:57Z,2025-08-19T23:27:41Z,2025-08-19T23:32:33Z,2025-08-19T23:27:41Z,Desorbed NA,16,15,15,15,0,292,2206,,JB_062525_108_8192025_15.qgd,,NA,C:/GCMSsolution/Data/Project1/Campbell RMBL Data/Drought-net 2025/JB_062525_108_8192025_15.qgd,6ad6db76-b256-41ad-8b73-f7cc01c8f0c1,1
980,2025-08-19T08:01:57Z,2025-08-20T00:04:32Z,2025-08-20T00:09:11Z,2025-08-20T00:04:32Z,Desorbed NA,17,16,16,16,0,279,2211,,JB_062525_105_8192025_16.qgd,,NA,C:/GCMSsolution/Data/Project1/Campbell RMBL Data/Drought-net 2025/JB_062525_105_8192025_16.qgd,6ad6db76-b256-41ad-8b73-f7cc01c8f0c1,1
981,2025-08-19T08:01:57Z,2025-08-20T00:41:23Z,2025-08-20T00:46:07Z,2025-08-20T00:41:23Z,Desorbed NA,18,17,17,17,0,284,2211,,JB_062525_109_8192025_17.qgd,,NA,C:/GCMSsolution/Data/Project1/Campbell RMBL Data/Drought-net 2025/JB_062525_109_8192025_17.qgd,6ad6db76-b256-41ad-8b73-f7cc01c8f0c1,1
982,2025-08-19T08:01:57Z,2025-08-20T01:18:33Z,2025-08-20T01:23:23Z,2025-08-20T01:18:33Z,Desorbed NA,19,18,18,18,0,290,2230,,JB_062525_110_8192025_18.qgd,,NA,C:/GCMSsolution/Data/Project1/Campbell RMBL Data/Drought-net 2025/JB_062525_110_8192025_18.qgd,6ad6db76-b256-41ad-8b73-f7cc01c8f0c1,1
983,2025-08-19T08:01:57Z,2025-08-20T01:55:52Z,2025-08-20T02:00:42Z,2025-08-20T01:55:52Z,Desorbed NA,20,19,19,19,0,290,2239,,JB_062525_107_8192025_19.qgd,,NA,C:/GCMSsolution/Data/Project1/Campbell RMBL Data/Drought-net 2025/JB_062525_107_8192025_19.qgd,6ad6db76-b256-41ad-8b73-f7cc01c8f0c1,1
984,2025-08-19T08:01:57Z,2025-08-20T02:33:51Z,2025-08-20T02:37:40Z,2025-08-20T02:33:51Z,Desorbed NA,21,20,20,20,0,229,2279,,JB_062525_103_8192025_20.qgd,,NA,C:/GCMSsolution/Data/Project1/Campbell RMBL Data/Drought-net 2025/JB_062525_103_8192025_20.qgd,6ad6db76-b256-41ad-8b73-f7cc01c8f0c1,1
985,2025-08-19T08:01:57Z,2025-08-20T03:09:37Z,2025-08-20T03:14:31Z,2025-08-20T03:09:37Z,Desorbed NA,22,21,21,21,0,294,2146,,JB_062525_95_8192025_21.qgd,,NA,C:/GCMSsolution/Data/Project1/Campbell RMBL Data/Drought-net 2025/JB_062525_95_8192025_21.qgd,6ad6db76-b256-41ad-8b73-f7cc01c8f0c1,1
986,2025-08-19T08:01:57Z,2025-08-20T03:47:01Z,2025-08-20T03:51:51Z,2025-08-20T03:47:01Z,Desorbed NA,23,22,22,22,0,290,2244,,JB_062525_114_8192025_22.qgd,,NA,C:/GCMSsolution/Data/Project1/Campbell RMBL Data/Drought-net 2025/JB_062525_114_8192025_22.qgd,6ad6db76-b256-41ad-8b73-f7cc01c8f0c1,1
987,2025-08-19T08:01:57Z,2025-08-20T04:24:04Z,2025-08-20T04:29:02Z,2025-08-20T04:24:04Z,Desorbed NA,24,23,23,23,0,298,2223,,JB_062525_106_8192025_23.qgd,,NA,C:/GCMSsolution/Data/Project1/Campbell RMBL Data/Drought-net 2025/JB_062525_106_8192025_23.qgd,6ad6db76-b256-41ad-8b73-f7cc01c8f0c1,1
988,2025-08-19T08:01:57Z,2025-08-20T05:00:52Z,2025-08-20T05:05:44Z,2025-08-20T05:00:52Z,Desorbed NA,25,24,24,24,0,292,2208,,JB_062525_93_8192025_24.qgd,,NA,C:/GCMSsolution/Data/Project1/Campbell RMBL Data/Drought-net 2025/JB_062525_93_8192025_24.qgd,6ad6db76-b256-41ad-8b73-f7cc01c8f0c1,1
989,2025-08-19T08:01:57Z,2025-08-20T05:37:20Z,2025-08-20T05:42:13Z,2025-08-20T05:37:20Z,Desorbed NA,26,25,25,25,0,293,2188,,JB_062525_82_8192025_25.qgd,,NA,C:/GCMSsolution/Data/Project1/Campbell RMBL Data/Drought-net 2025/JB_062525_82_8192025_25.qgd,6ad6db76-b256-41ad-8b73-f7cc01c8f0c1,1
990,2025-08-19T08:01:57Z,2025-08-20T06:13:30Z,2025-08-20T06:18:12Z,2025-08-20T06:13:30Z,Desorbed NA,27,26,26,26,0,282,2170,,JB_062525_99_8192025_26.qgd,,NA,C:/GCMSsolution/Data/Project1/Campbell RMBL Data/Drought-net 2025/JB_062525_99_8192025_26.qgd,6ad6db76-b256-41ad-8b73-f7cc01c8f0c1,1
991,2025-08-19T08:01:57Z,2025-08-20T06:49:21Z,2025-08-20T06:54:17Z,2025-08-20T06:49:21Z,Desorbed NA,28,27,27,27,0,296,2151,,JB_062525_83_8192025_27.qgd,,NA,C:/GCMSsolution/Data/Project1/Campbell RMBL Data/Drought-net 2025/JB_062525_83_8192025_27.qgd,6ad6db76-b256-41ad-8b73-f7cc01c8f0c1,1
992,2025-08-19T08:01:57Z,2025-08-20T07:25:12Z,2025-08-20T07:30:08Z,2025-08-20T07:25:12Z,NA Leak Test Pressurise Failed,29,28,28,28,0,295.5,2151.5,leak-blank,JB_062525_78_8192025_28.qgd,,NA,C:/GCMSsolution/Data/Project1/Campbell RMBL Data/Drought-net 2025/JB_062525_78_8192025_28.qgd,6ad6db76-b256-41ad-8b73-f7cc01c8f0c1,1
993,2025-08-19T08:01:57Z,2025-08-20T08:01:04Z,2025-08-20T08:05:23Z,2025-08-20T08:01:04Z,Desorbed NA,30,29,29,29,0,259,2151.5,,JB_062525_94_8192025_29.qgd,,NA,C:/GCMSsolution/Data/Project1/Campbell RMBL Data/Drought-net 2025/JB_062525_94_8192025_29.qgd,6ad6db76-b256-41ad-8b73-f7cc01c8f0c1,1
994,2025-08-20T10:08:17Z,2025-08-20T17:13:03Z,2025-08-20T17:07:10Z,2025-08-20T17:07:10Z,Desorbed NA,1,1,1,1,0,353,33119,,blank_8202025_01.qgd,,NA,C:/GCMSsolution/Data/Project1/Campbell RMBL Data/Drought-net 2025/blank_8202025_01.qgd,df9b50a2-f4a6-41da-a171-311ac94e87e6,1
995,2025-08-20T10:08:17Z,2025-08-20T17:43:37Z,2025-08-20T17:48:13Z,2025-08-20T17:43:37Z,Desorbed NA,3,2,2,2,0,276,1834,,JB_062525_71_8202025_02.qgd,,NA,C:/GCMSsolution/Data/Project1/Campbell RMBL Data/Drought-net 2025/JB_062525_71_8202025_02.qgd,df9b50a2-f4a6-41da-a171-311ac94e87e6,1
996,2025-08-20T10:08:17Z,2025-08-20T18:19:05Z,2025-08-20T18:23:59Z,2025-08-20T18:19:05Z,Desorbed NA,4,3,3,3,0,294,2128,,JB_062525_96_8202025_03.qgd,,NA,C:/GCMSsolution/Data/Project1/Campbell RMBL Data/Drought-net 2025/JB_062525_96_8202025_03.qgd,df9b50a2-f4a6-41da-a171-311ac94e87e6,1
997,2025-08-20T10:08:17Z,2025-08-20T18:55:15Z,2025-08-20T19:00:11Z,2025-08-20T18:55:15Z,Desorbed NA,5,4,4,4,0,296,2170,,JB_062525_111_8202025_04.qgd,,NA,C:/GCMSsolution/Data/Project1/Campbell RMBL Data/Drought-net 2025/JB_062525_111_8202025_04.qgd,df9b50a2-f4a6-41da-a171-311ac94e87e6,1
998,2025-08-20T10:08:17Z,2025-08-20T19:31:50Z,2025-08-20T19:36:41Z,2025-08-20T19:31:50Z,Desorbed NA,6,5,5,5,0,291,2195,,JB_062525_118_8202025_05.qgd,,NA,C:/GCMSsolution/Data/Project1/Campbell RMBL Data/Drought-net 2025/JB_062525_118_8202025_05.qgd,df9b50a2-f4a6-41da-a171-311ac94e87e6,1
999,2025-08-20T10:08:17Z,2025-08-20T20:08:29Z,2025-08-20T20:13:21Z,2025-08-20T20:08:29Z,Desorbed NA,7,6,6,6,0,292,2199,,JB_062525_98_8202025_06.qgd,,NA,C:/GCMSsolution/Data/Project1/Campbell RMBL Data/Drought-net 2025/JB_062525_98_8202025_06.qgd,df9b50a2-f4a6-41da-a171-311ac94e87e6,1
1000,2025-08-20T10:08:17Z,2025-08-20T20:45:28Z,2025-08-20T20:50:19Z,2025-08-20T20:45:28Z,Desorbed NA,8,7,7,7,0,291,2219,,JB_062525_80_8202025_07.qgd,,NA,C:/GCMSsolution/Data/Project1/Campbell RMBL Data/Drought-net 2025/JB_062525_80_8202025_07.qgd,df9b50a2-f4a6-41da-a171-311ac94e87e6,1
1001,2025-08-20T10:08:17Z,2025-08-20T21:22:39Z,2025-08-20T21:27:27Z,2025-08-20T21:22:39Z,Desorbed NA,9,8,8,8,0,288,2231,,JB_062525_92_8202025_08.qgd,,NA,C:/GCMSsolution/Data/Project1/Campbell RMBL Data/Drought-net 2025/JB_062525_92_8202025_08.qgd,df9b50a2-f4a6-41da-a171-311ac94e87e6,1
1002,2025-08-20T10:08:17Z,2025-08-20T21:59:03Z,2025-08-20T22:04:01Z,2025-08-20T21:59:03Z,Desorbed NA,10,9,9,9,0,298,2184,,JB_062525_97_8202025_09.qgd,,NA,C:/GCMSsolution/Data/Project1/Campbell RMBL Data/Drought-net 2025/JB_062525_97_8202025_09.qgd,df9b50a2-f4a6-41da-a171-311ac94e87e6,1
1003,2025-08-20T10:08:17Z,2025-08-20T22:36:58Z,2025-08-20T22:40:55Z,2025-08-20T22:36:58Z,Desorbed NA,11,10,10,10,0,237,2275,,JB_062525_84_8202025_10.qgd,,NA,C:/GCMSsolution/Data/Project1/Campbell RMBL Data/Drought-net 2025/JB_062525_84_8202025_10.qgd,df9b50a2-f4a6-41da-a171-311ac94e87e6,1
1004,2025-08-20T10:08:17Z,2025-08-20T23:13:14Z,2025-08-20T23:18:08Z,2025-08-20T23:13:14Z,Desorbed NA,12,11,11,11,0,294,2176,,JB_062525_81_8202025_11.qgd,,NA,C:/GCMSsolution/Data/Project1/Campbell RMBL Data/Drought-net 2025/JB_062525_81_8202025_11.qgd,df9b50a2-f4a6-41da-a171-311ac94e87e6,1
1005,2025-08-20T10:08:17Z,2025-08-20T23:50:48Z,2025-08-20T23:55:36Z,2025-08-20T23:50:48Z,Desorbed NA,13,12,12,12,0,288,2254,,JB_062525_176_8202025_12.qgd,,NA,C:/GCMSsolution/Data/Project1/Campbell RMBL Data/Drought-net 2025/JB_062525_176_8202025_12.qgd,df9b50a2-f4a6-41da-a171-311ac94e87e6,1
1006,2025-08-20T10:08:17Z,2025-08-21T00:28:33Z,2025-08-21T00:33:22Z,2025-08-21T00:28:33Z,Desorbed NA,14,13,13,13,0,289,2265,,JB_062525_198_8202025_13.qgd,,NA,C:/GCMSsolution/Data/Project1/Campbell RMBL Data/Drought-net 2025/JB_062525_198_8202025_13.qgd,df9b50a2-f4a6-41da-a171-311ac94e87e6,1
1007,2025-08-20T10:08:17Z,2025-08-21T01:06:21Z,2025-08-21T01:11:16Z,2025-08-21T01:06:21Z,Desorbed NA,15,14,14,14,0,295,2268,,JB_062525_187_8202025_14.qgd,,NA,C:/GCMSsolution/Data/Project1/Campbell RMBL Data/Drought-net 2025/JB_062525_187_8202025_14.qgd,df9b50a2-f4a6-41da-a171-311ac94e87e6,1
1008,2025-08-20T10:08:17Z,2025-08-21T01:45:00Z,2025-08-21T01:49:59Z,2025-08-21T01:45:00Z,Desorbed NA,16,15,15,15,0,299,2319,,JB_062525_197_8202025_15.qgd,,NA,C:/GCMSsolution/Data/Project1/Campbell RMBL Data/Drought-net 2025/JB_062525_197_8202025_15.qgd,df9b50a2-f4a6-41da-a171-311ac94e87e6,1
1009,2025-08-20T10:08:17Z,2025-08-21T02:22:25Z,2025-08-21T02:27:10Z,2025-08-21T02:22:25Z,Desorbed NA,17,16,16,16,0,285,2245,,JB_062525_195_8202025_16.qgd,,NA,C:/GCMSsolution/Data/Project1/Campbell RMBL Data/Drought-net 2025/JB_062525_195_8202025_16.qgd,df9b50a2-f4a6-41da-a171-311ac94e87e6,1
1010,2025-08-20T10:08:17Z,2025-08-21T02:59:23Z,2025-08-21T03:04:15Z,2025-08-21T02:59:23Z,Desorbed NA,18,17,17,17,0,292,2218,,JB_062525_186_8202025_17.qgd,,NA,C:/GCMSsolution/Data/Project1/Campbell RMBL Data/Drought-net 2025/JB_062525_186_8202025_17.qgd,df9b50a2-f4a6-41da-a171-311ac94e87e6,1
1011,2025-08-20T10:08:17Z,2025-08-21T03:36:08Z,2025-08-21T03:41:02Z,2025-08-21T03:36:08Z,Desorbed NA,19,18,18,18,0,294,2205,,JB_062525_196_8202025_18.qgd,,NA,C:/GCMSsolution/Data/Project1/Campbell RMBL Data/Drought-net 2025/JB_062525_196_8202025_18.qgd,df9b50a2-f4a6-41da-a171-311ac94e87e6,1
1012,2025-08-20T10:08:17Z,2025-08-21T04:13:27Z,2025-08-21T04:18:22Z,2025-08-21T04:13:27Z,Desorbed NA,20,19,19,19,0,295,2239,,JB_062525_164_8202025_19.qgd,,NA,C:/GCMSsolution/Data/Project1/Campbell RMBL Data/Drought-net 2025/JB_062525_164_8202025_19.qgd,df9b50a2-f4a6-41da-a171-311ac94e87e6,1
1013,2025-08-20T10:08:17Z,2025-08-21T04:51:21Z,2025-08-21T04:55:16Z,2025-08-21T04:51:21Z,Desorbed NA,21,20,20,20,0,235,2274,,JB_062525_153_8202025_20.qgd,,NA,C:/GCMSsolution/Data/Project1/Campbell RMBL Data/Drought-net 2025/JB_062525_153_8202025_20.qgd,df9b50a2-f4a6-41da-a171-311ac94e87e6,1
1014,2025-08-20T10:08:17Z,2025-08-21T05:27:06Z,2025-08-21T05:31:50Z,2025-08-21T05:27:06Z,Desorbed NA,22,21,21,21,0,284,2145,,JB_062525_133_8202025_21.qgd,,NA,C:/GCMSsolution/Data/Project1/Campbell RMBL Data/Drought-net 2025/JB_062525_133_8202025_21.qgd,df9b50a2-f4a6-41da-a171-311ac94e87e6,1
1015,2025-08-20T10:08:17Z,2025-08-21T06:03:39Z,2025-08-21T06:08:24Z,2025-08-21T06:03:39Z,Desorbed NA,23,22,22,22,0,285,2193,,JB_062525_115_8202025_22.qgd,,NA,C:/GCMSsolution/Data/Project1/Campbell RMBL Data/Drought-net 2025/JB_062525_115_8202025_22.qgd,df9b50a2-f4a6-41da-a171-311ac94e87e6,1
1016,2025-08-20T10:08:17Z,2025-08-21T06:39:58Z,2025-08-21T06:44:34Z,2025-08-21T06:39:58Z,Desorbed NA,24,23,23,23,0,276,2179,,JB_062525_125_8202025_23.qgd,,NA,C:/GCMSsolution/Data/Project1/Campbell RMBL Data/Drought-net 2025/JB_062525_125_8202025_23.qgd,df9b50a2-f4a6-41da-a171-311ac94e87e6,1
1017,2025-08-20T10:08:17Z,2025-08-21T07:15:50Z,2025-08-21T07:20:46Z,2025-08-21T07:15:50Z,Desorbed NA,25,24,24,24,0,296,2152,,JB_062525_122_8202025_24.qgd,,NA,C:/GCMSsolution/Data/Project1/Campbell RMBL Data/Drought-net 2025/JB_062525_122_8202025_24.qgd,df9b50a2-f4a6-41da-a171-311ac94e87e6,1
1018,2025-08-20T10:08:17Z,2025-08-21T07:51:56Z,2025-08-21T07:56:45Z,2025-08-21T07:51:56Z,Desorbed NA,26,25,25,25,0,289,2166,,JB_062525_127_8202025_25.qgd,,NA,C:/GCMSsolution/Data/Project1/Campbell RMBL Data/Drought-net 2025/JB_062525_127_8202025_25.qgd,df9b50a2-f4a6-41da-a171-311ac94e87e6,1
1019,2025-08-20T10:08:17Z,2025-08-21T08:27:47Z,2025-08-21T08:32:42Z,2025-08-21T08:27:47Z,Desorbed NA,27,26,26,26,0,295,2151,,JB_062525_116_8202025_26.qgd,,NA,C:/GCMSsolution/Data/Project1/Campbell RMBL Data/Drought-net 2025/JB_062525_116_8202025_26.qgd,df9b50a2-f4a6-41da-a171-311ac94e87e6,1
1020,2025-08-20T10:08:17Z,2025-08-21T09:03:46Z,2025-08-21T09:08:30Z,2025-08-21T09:03:46Z,Desorbed NA,28,27,27,27,0,284,2159,,JB_062525_145_8202025_27.qgd,,NA,C:/GCMSsolution/Data/Project1/Campbell RMBL Data/Drought-net 2025/JB_062525_145_8202025_27.qgd,df9b50a2-f4a6-41da-a171-311ac94e87e6,1
1021,2025-08-20T10:08:17Z,2025-08-21T09:39:22Z,2025-08-21T09:44:06Z,2025-08-21T09:39:22Z,Desorbed NA,29,28,28,28,0,284,2136,,JB_062525_78redo_8202025_28.qgd,,NA,C:/GCMSsolution/Data/Project1/Campbell RMBL Data/Drought-net 2025/JB_062525_78redo_8202025_28.qgd,df9b50a2-f4a6-41da-a171-311ac94e87e6,1
1022,2025-08-20T10:08:17Z,2025-08-21T10:14:56Z,2025-08-21T10:19:54Z,2025-08-21T10:14:56Z,Desorbed NA,30,29,29,29,0,298,2134,,JB_062525_117_8202025_29.qgd,,NA,C:/GCMSsolution/Data/Project1/Campbell RMBL Data/Drought-net 2025/JB_062525_117_8202025_29.qgd,df9b50a2-f4a6-41da-a171-311ac94e87e6,1
1023,2025-08-21T10:13:12Z,2025-08-21T17:17:50Z,2025-08-21T17:12:17Z,2025-08-21T17:12:17Z,Desorbed NA,1,1,1,1,0,333,25374,,blank_8212025_01.qgd,,NA,C:/GCMSsolution/Data/Project1/Campbell RMBL Data/Drought-net 2025/blank_8212025_01.qgd,24e28fd4-4a4f-4e83-8b74-4c5855b66045,1
1024,2025-08-21T10:13:12Z,2025-08-21T17:48:18Z,2025-08-21T17:53:01Z,2025-08-21T17:48:18Z,Desorbed NA,3,2,2,2,0,283,1828,,JB_062525_134_8212025_02.qgd,,NA,C:/GCMSsolution/Data/Project1/Campbell RMBL Data/Drought-net 2025/JB_062525_134_8212025_02.qgd,24e28fd4-4a4f-4e83-8b74-4c5855b66045,1
1025,2025-08-21T10:13:12Z,2025-08-21T18:24:12Z,2025-08-21T18:29:08Z,2025-08-21T18:24:12Z,Desorbed NA,4,3,3,3,0,296,2154,,JB_062525_135_8212025_03.qgd,,NA,C:/GCMSsolution/Data/Project1/Campbell RMBL Data/Drought-net 2025/JB_062525_135_8212025_03.qgd,24e28fd4-4a4f-4e83-8b74-4c5855b66045,1
1026,2025-08-21T10:13:12Z,2025-08-21T19:00:50Z,2025-08-21T19:05:42Z,2025-08-21T19:00:50Z,Desorbed NA,5,4,4,4,0,292,2198,,JB_062525_137_8212025_04.qgd,,NA,C:/GCMSsolution/Data/Project1/Campbell RMBL Data/Drought-net 2025/JB_062525_137_8212025_04.qgd,24e28fd4-4a4f-4e83-8b74-4c5855b66045,1
1027,2025-08-21T10:13:12Z,2025-08-21T19:37:54Z,2025-08-21T19:42:50Z,2025-08-21T19:37:54Z,Desorbed NA,6,5,5,5,0,296,2224,,JB_062525_130_8212025_05.qgd,,NA,C:/GCMSsolution/Data/Project1/Campbell RMBL Data/Drought-net 2025/JB_062525_130_8212025_05.qgd,24e28fd4-4a4f-4e83-8b74-4c5855b66045,1
1028,2025-08-21T10:13:12Z,2025-08-21T20:14:28Z,2025-08-21T20:19:22Z,2025-08-21T20:14:28Z,Desorbed NA,7,6,6,6,0,294,2194,,JB_062525_121_8212025_06.qgd,,NA,C:/GCMSsolution/Data/Project1/Campbell RMBL Data/Drought-net 2025/JB_062525_121_8212025_06.qgd,24e28fd4-4a4f-4e83-8b74-4c5855b66045,1
1029,2025-08-21T10:13:12Z,2025-08-21T20:51:26Z,2025-08-21T20:56:21Z,2025-08-21T20:51:26Z,Desorbed NA,8,7,7,7,0,295,2218,,JB_062525_124_8212025_07.qgd,,NA,C:/GCMSsolution/Data/Project1/Campbell RMBL Data/Drought-net 2025/JB_062525_124_8212025_07.qgd,24e28fd4-4a4f-4e83-8b74-4c5855b66045,1
1030,2025-08-21T10:13:12Z,2025-08-21T21:28:50Z,2025-08-21T21:33:37Z,2025-08-21T21:28:50Z,Desorbed NA,9,8,8,8,0,287,2244,,JB_062525_136_8212025_08.qgd,,NA,C:/GCMSsolution/Data/Project1/Campbell RMBL Data/Drought-net 2025/JB_062525_136_8212025_08.qgd,24e28fd4-4a4f-4e83-8b74-4c5855b66045,1
1031,2025-08-21T10:13:12Z,2025-08-21T22:06:24Z,2025-08-21T22:11:13Z,2025-08-21T22:06:24Z,Desorbed NA,10,9,9,9,0,289,2254,,JB_062525_120_8212025_09.qgd,,NA,C:/GCMSsolution/Data/Project1/Campbell RMBL Data/Drought-net 2025/JB_062525_120_8212025_09.qgd,24e28fd4-4a4f-4e83-8b74-4c5855b66045,1
1032,2025-08-21T10:13:12Z,2025-08-21T22:45:00Z,2025-08-21T22:48:59Z,2025-08-21T22:45:00Z,Desorbed NA,11,10,10,10,0,239,2316,,JB_062525_123_8212025_10.qgd,,NA,C:/GCMSsolution/Data/Project1/Campbell RMBL Data/Drought-net 2025/JB_062525_123_8212025_10.qgd,24e28fd4-4a4f-4e83-8b74-4c5855b66045,1
1033,2025-08-21T10:13:12Z,2025-08-21T23:21:45Z,2025-08-21T23:26:40Z,2025-08-21T23:21:45Z,Desorbed NA,12,11,11,11,0,295,2205,,JB_062525_128_8212025_11.qgd,,NA,C:/GCMSsolution/Data/Project1/Campbell RMBL Data/Drought-net 2025/JB_062525_128_8212025_11.qgd,24e28fd4-4a4f-4e83-8b74-4c5855b66045,1
1034,2025-08-21T17:14:22Z,2025-08-22T00:18:52Z,2025-08-22T00:13:39Z,2025-08-22T00:13:39Z,Desorbed NA,1,1,1,1,0,313,3427,,blank_8212025_01.qgd,,NA,C:/GCMSsolution/Data/Project1/Powers RMBL Data/blank_8212025_01.qgd,893a2a84-fcdb-4ba7-983c-53cd219ecf33,1
1035,2025-08-21T17:14:22Z,2025-08-22T00:49:20Z,2025-08-22T00:49:43Z,2025-08-22T00:49:20Z,Desorbed NA,3,2,2,2,0,23,1828,,SW_SCH_22_8212025_02.qgd,,Weller,C:/GCMSsolution/Data/Project1/Powers RMBL Data/SW_SCH_22_8212025_02.qgd,893a2a84-fcdb-4ba7-983c-53cd219ecf33,1
1036,2025-08-21T17:14:22Z,2025-08-22T01:22:24Z,2025-08-22T01:22:52Z,2025-08-22T01:22:24Z,Desorbed NA,4,3,3,3,0,28,1984,,SW_SCH_23_8212025_03.qgd,,Weller,C:/GCMSsolution/Data/Project1/Powers RMBL Data/SW_SCH_23_8212025_03.qgd,893a2a84-fcdb-4ba7-983c-53cd219ecf33,1
1037,2025-08-21T17:14:22Z,2025-08-22T01:55:39Z,2025-08-22T01:56:11Z,2025-08-22T01:55:39Z,Desorbed NA,5,4,4,4,0,32,1995,,SW_SCH_24_8212025_04.qgd,,Weller,C:/GCMSsolution/Data/Project1/Powers RMBL Data/SW_SCH_24_8212025_04.qgd,893a2a84-fcdb-4ba7-983c-53cd219ecf33,1
1038,2025-08-21T17:14:22Z,2025-08-22T02:28:42Z,2025-08-22T02:29:17Z,2025-08-22T02:28:42Z,Desorbed NA,6,5,5,5,0,35,1983,,SW_SCH_25_8212025_05.qgd,,Weller,C:/GCMSsolution/Data/Project1/Powers RMBL Data/SW_SCH_25_8212025_05.qgd,893a2a84-fcdb-4ba7-983c-53cd219ecf33,1
1039,2025-08-21T17:14:22Z,2025-08-22T03:01:43Z,2025-08-22T03:02:14Z,2025-08-22T03:01:43Z,Desorbed NA,7,6,6,6,0,31,1981,,SW_SCH_26_8212025_06.qgd,,Weller,C:/GCMSsolution/Data/Project1/Powers RMBL Data/SW_SCH_26_8212025_06.qgd,893a2a84-fcdb-4ba7-983c-53cd219ecf33,1
1040,2025-08-21T17:14:22Z,2025-08-22T03:34:21Z,2025-08-22T03:34:54Z,2025-08-22T03:34:21Z,Desorbed NA,8,7,7,7,0,33,1958,,SW_SCH_27_8212025_07.qgd,,Weller,C:/GCMSsolution/Data/Project1/Powers RMBL Data/SW_SCH_27_8212025_07.qgd,893a2a84-fcdb-4ba7-983c-53cd219ecf33,1
1041,2025-08-21T17:14:22Z,2025-08-22T04:06:52Z,2025-08-22T04:07:26Z,2025-08-22T04:06:52Z,Desorbed NA,9,8,8,8,0,34,1951,,SW_SCH_28_8212025_08.qgd,,Weller,C:/GCMSsolution/Data/Project1/Powers RMBL Data/SW_SCH_28_8212025_08.qgd,893a2a84-fcdb-4ba7-983c-53cd219ecf33,1
1042,2025-08-21T17:14:22Z,2025-08-22T04:39:08Z,2025-08-22T04:39:41Z,2025-08-22T04:39:08Z,Desorbed NA,10,9,9,9,0,33,1936,,SW_SCH_29_8212025_09.qgd,,Weller,C:/GCMSsolution/Data/Project1/Powers RMBL Data/SW_SCH_29_8212025_09.qgd,893a2a84-fcdb-4ba7-983c-53cd219ecf33,1
1043,2025-08-21T17:14:22Z,2025-08-22T05:12:57Z,2025-08-22T05:12:34Z,2025-08-22T05:12:34Z,Desorbed NA,11,10,10,10,0,23,2029,,SW_SCH_30_8212025_10.qgd,,Weller,C:/GCMSsolution/Data/Project1/Powers RMBL Data/SW_SCH_30_8212025_10.qgd,893a2a84-fcdb-4ba7-983c-53cd219ecf33,1
1044,2025-08-21T17:14:22Z,2025-08-22T05:43:40Z,2025-08-22T05:44:15Z,2025-08-22T05:43:40Z,Desorbed NA,12,11,11,11,0,35,1843,,SW_SCH_31_8212025_11.qgd,,Weller,C:/GCMSsolution/Data/Project1/Powers RMBL Data/SW_SCH_31_8212025_11.qgd,893a2a84-fcdb-4ba7-983c-53cd219ecf33,1
1045,2025-08-21T17:14:22Z,2025-08-22T06:16:05Z,2025-08-22T06:16:39Z,2025-08-22T06:16:05Z,Desorbed NA,13,12,12,12,0,34,1945,,SW_SCH_32_8212025_12.qgd,,Weller,C:/GCMSsolution/Data/Project1/Powers RMBL Data/SW_SCH_32_8212025_12.qgd,893a2a84-fcdb-4ba7-983c-53cd219ecf33,1
1046,2025-08-21T17:14:22Z,2025-08-22T06:48:15Z,2025-08-22T06:48:49Z,2025-08-22T06:48:15Z,Desorbed NA,14,13,13,13,0,34,1930,,SW_SCH_33_8212025_13.qgd,,Weller,C:/GCMSsolution/Data/Project1/Powers RMBL Data/SW_SCH_33_8212025_13.qgd,893a2a84-fcdb-4ba7-983c-53cd219ecf33,1
1047,2025-08-21T17:14:22Z,2025-08-22T07:20:10Z,2025-08-22T07:20:43Z,2025-08-22T07:20:10Z,Desorbed NA,15,14,14,14,0,33,1915,,SW_SCH_34_8212025_14.qgd,,Weller,C:/GCMSsolution/Data/Project1/Powers RMBL Data/SW_SCH_34_8212025_14.qgd,893a2a84-fcdb-4ba7-983c-53cd219ecf33,1
1048,2025-08-21T17:14:22Z,2025-08-22T07:52:02Z,2025-08-22T07:52:35Z,2025-08-22T07:52:02Z,Desorbed NA,16,15,15,15,0,33,1912,,SW_SCH_35_8212025_15.qgd,,Weller,C:/GCMSsolution/Data/Project1/Powers RMBL Data/SW_SCH_35_8212025_15.qgd,893a2a84-fcdb-4ba7-983c-53cd219ecf33,1
1049,2025-08-21T17:14:22Z,2025-08-22T08:23:55Z,2025-08-22T08:24:20Z,2025-08-22T08:23:55Z,Desorbed NA,17,16,16,16,0,25,1913,,SW_SCH_36_8212025_16.qgd,,Weller,C:/GCMSsolution/Data/Project1/Powers RMBL Data/SW_SCH_36_8212025_16.qgd,893a2a84-fcdb-4ba7-983c-53cd219ecf33,1
1050,2025-08-21T17:14:22Z,2025-08-22T08:55:24Z,2025-08-22T08:55:48Z,2025-08-22T08:55:24Z,Desorbed NA,18,17,17,17,0,24,1889,,SW_SCH_37_8212025_17.qgd,,Weller,C:/GCMSsolution/Data/Project1/Powers RMBL Data/SW_SCH_37_8212025_17.qgd,893a2a84-fcdb-4ba7-983c-53cd219ecf33,1
1051,2025-08-22T07:47:10Z,2025-08-22T14:51:50Z,2025-08-22T14:46:29Z,2025-08-22T14:46:29Z,Desorbed NA,1,1,1,1,0,321,21386,,blank_8222025_01.qgd,,NA,C:/GCMSsolution/Data/Project1/Campbell RMBL Data/Drought-net 2025/blank_8222025_01.qgd,45644137-733c-435e-b0e5-72566fa5e936,1
1052,2025-08-22T07:47:10Z,2025-08-22T15:22:26Z,2025-08-22T15:27:14Z,2025-08-22T15:22:26Z,Desorbed NA,3,2,2,2,0,288,1836,,JB_071025_273_8222025_02.qgd,,NA,C:/GCMSsolution/Data/Project1/Campbell RMBL Data/Drought-net 2025/JB_071025_273_8222025_02.qgd,45644137-733c-435e-b0e5-72566fa5e936,1
1053,2025-08-22T07:47:10Z,2025-08-22T15:57:32Z,2025-08-22T16:02:26Z,2025-08-22T15:57:32Z,Desorbed NA,4,3,3,3,0,294,2106,,JB_071025_285dn_8222025_03.qgd,,NA,C:/GCMSsolution/Data/Project1/Campbell RMBL Data/Drought-net 2025/JB_071025_285dn_8222025_03.qgd,45644137-733c-435e-b0e5-72566fa5e936,1
1054,2025-08-22T07:47:10Z,2025-08-22T16:32:52Z,2025-08-22T16:37:44Z,2025-08-22T16:32:52Z,Desorbed NA,5,4,4,4,0,292,2120,,JB_071025_286dn_8222025_04.qgd,,NA,C:/GCMSsolution/Data/Project1/Campbell RMBL Data/Drought-net 2025/JB_071025_286dn_8222025_04.qgd,45644137-733c-435e-b0e5-72566fa5e936,1
1055,2025-08-22T07:47:10Z,2025-08-22T17:08:20Z,2025-08-22T17:13:14Z,2025-08-22T17:08:20Z,Desorbed NA,6,5,5,5,0,294,2128,,JB_071025_282dn_8222025_05.qgd,,NA,C:/GCMSsolution/Data/Project1/Campbell RMBL Data/Drought-net 2025/JB_071025_282dn_8222025_05.qgd,45644137-733c-435e-b0e5-72566fa5e936,1
1056,2025-08-22T07:47:10Z,2025-08-22T17:44:02Z,2025-08-22T17:48:50Z,2025-08-22T17:44:02Z,Desorbed NA,7,6,6,6,0,288,2142,,JB_071025_299dn_8222025_06.qgd,,NA,C:/GCMSsolution/Data/Project1/Campbell RMBL Data/Drought-net 2025/JB_071025_299dn_8222025_06.qgd,45644137-733c-435e-b0e5-72566fa5e936,1
1057,2025-08-22T11:03:24Z,2025-08-22T18:20:28Z,2025-08-22T18:24:46Z,2025-08-22T18:20:28Z,Desorbed NA,8,1,7,1,-6,258,2186,,JB_071025_301dn_8222025_07.qgd,,NA,C:/GCMSsolution/Data/Project1/Campbell RMBL Data/Drought-net 2025/JB_071025_301dn_8222025_07.qgd,263d5031-5c5e-49dc-b246-7761d80312a0,1
1058,2025-08-22T11:03:24Z,2025-08-22T18:56:13Z,2025-08-22T19:01:07Z,2025-08-22T18:56:13Z,Desorbed NA,9,2,8,2,-6,294,2145,,JB_071025_287dn_8222025_08.qgd,,NA,C:/GCMSsolution/Data/Project1/Campbell RMBL Data/Drought-net 2025/JB_071025_287dn_8222025_08.qgd,263d5031-5c5e-49dc-b246-7761d80312a0,1
1059,2025-08-22T11:03:24Z,2025-08-22T19:32:57Z,2025-08-22T19:37:53Z,2025-08-22T19:32:57Z,Desorbed NA,10,3,9,3,-6,296,2204,,JB_071025_304dn_8222025_09.qgd,,NA,C:/GCMSsolution/Data/Project1/Campbell RMBL Data/Drought-net 2025/JB_071025_304dn_8222025_09.qgd,263d5031-5c5e-49dc-b246-7761d80312a0,1
1060,2025-08-22T11:03:24Z,2025-08-22T20:10:50Z,2025-08-22T20:14:51Z,2025-08-22T20:10:50Z,Desorbed NA,11,4,10,4,-6,241,2273,,JB_071025_288dn_8222025_10.qgd,,NA,C:/GCMSsolution/Data/Project1/Campbell RMBL Data/Drought-net 2025/JB_071025_288dn_8222025_10.qgd,263d5031-5c5e-49dc-b246-7761d80312a0,1
1061,2025-08-22T11:03:24Z,2025-08-22T20:47:04Z,2025-08-22T20:51:59Z,2025-08-22T20:47:04Z,Desorbed NA,12,5,11,5,-6,295,2174,,JB_071025_280dn_8222025_11.qgd,,NA,C:/GCMSsolution/Data/Project1/Campbell RMBL Data/Drought-net 2025/JB_071025_280dn_8222025_11.qgd,263d5031-5c5e-49dc-b246-7761d80312a0,1
1062,2025-08-22T11:03:24Z,2025-08-22T21:24:22Z,2025-08-22T21:29:18Z,2025-08-22T21:24:22Z,Desorbed NA,13,6,12,6,-6,296,2238,,JB_071025_284dn_8222025_12.qgd,,NA,C:/GCMSsolution/Data/Project1/Campbell RMBL Data/Drought-net 2025/JB_071025_284dn_8222025_12.qgd,263d5031-5c5e-49dc-b246-7761d80312a0,1
1063,2025-08-22T11:03:24Z,2025-08-22T22:01:06Z,2025-08-22T22:06:00Z,2025-08-22T22:01:06Z,Desorbed NA,14,7,13,7,-6,294,2204,,JB_071025_305dn_8222025_13.qgd,,NA,C:/GCMSsolution/Data/Project1/Campbell RMBL Data/Drought-net 2025/JB_071025_305dn_8222025_13.qgd,263d5031-5c5e-49dc-b246-7761d80312a0,1
1064,2025-08-22T11:03:24Z,2025-08-22T22:37:53Z,2025-08-22T22:42:47Z,2025-08-22T22:37:53Z,Desorbed NA,15,8,14,8,-6,294,2207,,JB_071025_271_8222025_14.qgd,,NA,C:/GCMSsolution/Data/Project1/Campbell RMBL Data/Drought-net 2025/JB_071025_271_8222025_14.qgd,263d5031-5c5e-49dc-b246-7761d80312a0,1
1065,2025-08-22T11:03:24Z,2025-08-22T23:14:44Z,2025-08-22T23:19:29Z,2025-08-22T23:14:44Z,Desorbed NA,16,9,15,9,-6,285,2211,,JB_071025_303dn_8222025_15.qgd,,NA,C:/GCMSsolution/Data/Project1/Campbell RMBL Data/Drought-net 2025/JB_071025_303dn_8222025_15.qgd,263d5031-5c5e-49dc-b246-7761d80312a0,1
1066,2025-08-22T11:03:24Z,2025-08-22T23:51:42Z,2025-08-22T23:56:33Z,2025-08-22T23:51:42Z,Desorbed NA,17,10,16,10,-6,291,2218,,JB_071025_203dn_8222025_16.qgd,,NA,C:/GCMSsolution/Data/Project1/Campbell RMBL Data/Drought-net 2025/JB_071025_203dn_8222025_16.qgd,263d5031-5c5e-49dc-b246-7761d80312a0,1
1067,2025-08-22T17:58:48Z,2025-08-23T01:03:18Z,2025-08-23T00:58:13Z,2025-08-23T00:58:13Z,Desorbed NA,3,1,1,1,0,305,4296,,JB_071025_281dn_8222025_01.qgd,,NA,C:/GCMSsolution/Data/Project1/Campbell RMBL Data/Drought-net 2025/JB_071025_281dn_8222025_01.qgd,105fd825-f37d-463a-afda-533d99b74cb2,1
1068,2025-08-22T17:58:48Z,2025-08-23T01:33:45Z,2025-08-23T01:38:32Z,2025-08-23T01:33:45Z,Desorbed NA,4,2,2,2,0,287,1827,,JB_071025_302dn_8222025_02.qgd,,NA,C:/GCMSsolution/Data/Project1/Campbell RMBL Data/Drought-net 2025/JB_071025_302dn_8222025_02.qgd,105fd825-f37d-463a-afda-533d99b74cb2,1
1069,2025-08-22T17:58:48Z,2025-08-23T02:10:36Z,2025-08-23T02:15:23Z,2025-08-23T02:10:36Z,Desorbed NA,5,3,3,3,0,287,2211,,JB_071025_239dn_8222025_03.qgd,,NA,C:/GCMSsolution/Data/Project1/Campbell RMBL Data/Drought-net 2025/JB_071025_239dn_8222025_03.qgd,105fd825-f37d-463a-afda-533d99b74cb2,1
1070,2025-08-22T17:58:48Z,2025-08-23T02:47:04Z,2025-08-23T02:51:56Z,2025-08-23T02:47:04Z,Desorbed NA,6,4,4,4,0,292,2188,,JB_071025_306dn_8222025_04.qgd,,NA,C:/GCMSsolution/Data/Project1/Campbell RMBL Data/Drought-net 2025/JB_071025_306dn_8222025_04.qgd,105fd825-f37d-463a-afda-533d99b74cb2,1
1071,2025-08-22T17:58:48Z,2025-08-23T03:24:15Z,2025-08-23T03:29:09Z,2025-08-23T03:24:15Z,Desorbed NA,7,5,5,5,0,294,2231,,JB_071025_275dn_8222025_05.qgd,,NA,C:/GCMSsolution/Data/Project1/Campbell RMBL Data/Drought-net 2025/JB_071025_275dn_8222025_05.qgd,105fd825-f37d-463a-afda-533d99b74cb2,1
1072,2025-08-22T17:58:48Z,2025-08-23T04:01:13Z,2025-08-23T04:06:07Z,2025-08-23T04:01:13Z,Desorbed NA,8,6,6,6,0,294,2218,,JB_071025_290dn_8222025_06.qgd,,NA,C:/GCMSsolution/Data/Project1/Campbell RMBL Data/Drought-net 2025/JB_071025_290dn_8222025_06.qgd,105fd825-f37d-463a-afda-533d99b74cb2,1
1073,2025-08-22T17:58:48Z,2025-08-23T04:38:00Z,2025-08-23T04:42:55Z,2025-08-23T04:38:00Z,Desorbed NA,9,7,7,7,0,295,2207,,JB_071025_298dn_8222025_07.qgd,,NA,C:/GCMSsolution/Data/Project1/Campbell RMBL Data/Drought-net 2025/JB_071025_298dn_8222025_07.qgd,105fd825-f37d-463a-afda-533d99b74cb2,1
1074,2025-08-22T17:58:48Z,2025-08-23T05:14:36Z,2025-08-23T05:19:20Z,2025-08-23T05:14:36Z,Desorbed NA,10,8,8,8,0,284,2196,,JB_071025_295dn_8222025_08.qgd,,NA,C:/GCMSsolution/Data/Project1/Campbell RMBL Data/Drought-net 2025/JB_071025_295dn_8222025_08.qgd,105fd825-f37d-463a-afda-533d99b74cb2,1
1075,2025-08-22T17:58:48Z,2025-08-23T05:51:49Z,2025-08-23T05:55:50Z,2025-08-23T05:51:49Z,Desorbed NA,11,9,9,9,0,241,2233,,JB_071025_291dn_8222025_09.qgd,,NA,C:/GCMSsolution/Data/Project1/Campbell RMBL Data/Drought-net 2025/JB_071025_291dn_8222025_09.qgd,105fd825-f37d-463a-afda-533d99b74cb2,1
1076,2025-08-22T17:58:48Z,2025-08-23T06:27:10Z,2025-08-23T06:32:07Z,2025-08-23T06:27:10Z,Desorbed NA,12,10,10,10,0,297,2121,,JB_071025_292dn_8222025_10.qgd,,NA,C:/GCMSsolution/Data/Project1/Campbell RMBL Data/Drought-net 2025/JB_071025_292dn_8222025_10.qgd,105fd825-f37d-463a-afda-533d99b74cb2,1
1077,2025-08-22T17:58:48Z,2025-08-23T06:47:27Z,2025-08-23T06:32:07Z,2025-08-23T06:32:07Z,Desorbed NA,13,11,10,10,1,920,1217,,JB_071025_292dn_8222025_10.qgd,,NA,C:/GCMSsolution/Data/Project1/Campbell RMBL Data/Drought-net 2025/JB_071025_292dn_8222025_10.qgd,105fd825-f37d-463a-afda-533d99b74cb2,1
1078,2025-08-22T17:58:48Z,2025-08-23T07:31:07Z,2025-08-23T07:44:25Z,2025-08-23T07:31:07Z,NA Leak Test Pressurise Failed,14,12,12,12,0,798,2620,leak-blank,JB_071025_300dn_8222025_12.qgd,,NA,C:/GCMSsolution/Data/Project1/Campbell RMBL Data/Drought-net 2025/JB_071025_300dn_8222025_12.qgd,105fd825-f37d-463a-afda-533d99b74cb2,1
1079,2025-08-22T17:58:48Z,2025-08-23T08:14:47Z,2025-08-23T08:19:17Z,2025-08-23T08:14:47Z,Desorbed NA,15,13,13,13,0,270,2620,,JB_071025_293dn_8222025_13.qgd,,NA,C:/GCMSsolution/Data/Project1/Campbell RMBL Data/Drought-net 2025/JB_071025_293dn_8222025_13.qgd,105fd825-f37d-463a-afda-533d99b74cb2,1
1080,2025-08-22T17:58:48Z,2025-08-23T08:50:06Z,2025-08-23T08:55:01Z,2025-08-23T08:50:06Z,Desorbed NA,16,14,14,14,0,295,2119,,JB_071025_296dn_8222025_14.qgd,,NA,C:/GCMSsolution/Data/Project1/Campbell RMBL Data/Drought-net 2025/JB_071025_296dn_8222025_14.qgd,105fd825-f37d-463a-afda-533d99b74cb2,1
1081,2025-08-22T17:58:48Z,2025-08-23T09:25:43Z,2025-08-23T09:30:26Z,2025-08-23T09:25:43Z,Desorbed NA,17,15,15,15,0,283,2137,,JB_071025_297dn_8222025_15.qgd,,NA,C:/GCMSsolution/Data/Project1/Campbell RMBL Data/Drought-net 2025/JB_071025_297dn_8222025_15.qgd,105fd825-f37d-463a-afda-533d99b74cb2,1
1082,2025-08-23T08:14:09Z,2025-08-23T15:18:52Z,2025-08-23T15:13:16Z,2025-08-23T15:13:16Z,Desorbed NA,1,1,1,1,0,336,21189,,blank_8232025_01.qgd,,NA,C:/GCMSsolution/Data/Project1/Campbell RMBL Data/Drought-net 2025/blank_8232025_01.qgd,500c63b9-2b52-47c6-a65f-7beaa1b70053,1
1083,2025-08-23T08:14:09Z,2025-08-23T15:49:23Z,2025-08-23T15:54:03Z,2025-08-23T15:49:23Z,Desorbed NA,3,2,2,2,0,280,1831,,JB_070125_184_8232025_02.qgd,,NA,C:/GCMSsolution/Data/Project1/Campbell RMBL Data/Drought-net 2025/JB_070125_184_8232025_02.qgd,500c63b9-2b52-47c6-a65f-7beaa1b70053,1
1084,2025-08-23T08:14:09Z,2025-08-23T16:24:09Z,2025-08-23T16:29:02Z,2025-08-23T16:24:09Z,Desorbed NA,4,3,3,3,0,293,2086,,JB_070125_185_8232025_03.qgd,,NA,C:/GCMSsolution/Data/Project1/Campbell RMBL Data/Drought-net 2025/JB_070125_185_8232025_03.qgd,500c63b9-2b52-47c6-a65f-7beaa1b70053,1
1085,2025-08-23T08:14:09Z,2025-08-23T16:59:22Z,2025-08-23T17:04:08Z,2025-08-23T16:59:22Z,Desorbed NA,5,4,4,4,0,286,2113,,JB_070125_193_8232025_04.qgd,,NA,C:/GCMSsolution/Data/Project1/Campbell RMBL Data/Drought-net 2025/JB_070125_193_8232025_04.qgd,500c63b9-2b52-47c6-a65f-7beaa1b70053,1
1086,2025-08-23T08:14:09Z,2025-08-23T17:34:37Z,2025-08-23T17:39:34Z,2025-08-23T17:34:37Z,Desorbed NA,6,5,5,5,0,297,2115,,JB_070125_183_8232025_05.qgd,,NA,C:/GCMSsolution/Data/Project1/Campbell RMBL Data/Drought-net 2025/JB_070125_183_8232025_05.qgd,500c63b9-2b52-47c6-a65f-7beaa1b70053,1
1087,2025-08-23T08:14:09Z,2025-08-23T18:10:25Z,2025-08-23T18:15:18Z,2025-08-23T18:10:25Z,Desorbed NA,7,6,6,6,0,293,2148,,JB_070125_192_8232025_06.qgd,,NA,C:/GCMSsolution/Data/Project1/Campbell RMBL Data/Drought-net 2025/JB_070125_192_8232025_06.qgd,500c63b9-2b52-47c6-a65f-7beaa1b70053,1
1088,2025-08-23T08:14:09Z,NA,NA,NA,NA NA,8,7,NA,7,NA,NA,NA,skip-notrun,NA,,NA,NA,500c63b9-2b52-47c6-a65f-7beaa1b70053,1
1089,2025-08-23T08:14:09Z,2025-08-23T18:46:19Z,2025-08-23T18:51:14Z,2025-08-23T18:46:19Z,Desorbed NA,9,8,7,7,1,295,NA,,JB_070125_173_8232025_07.qgd,,NA,C:/GCMSsolution/Data/Project1/Campbell RMBL Data/Drought-net 2025/JB_070125_173_8232025_07.qgd,500c63b9-2b52-47c6-a65f-7beaa1b70053,1
1090,2025-08-23T08:14:09Z,2025-08-23T19:22:33Z,2025-08-23T19:27:19Z,2025-08-23T19:22:33Z,Desorbed NA,10,9,8,8,1,286,2174,,JB_070125_143_8232025_08.qgd,,NA,C:/GCMSsolution/Data/Project1/Campbell RMBL Data/Drought-net 2025/JB_070125_143_8232025_08.qgd,500c63b9-2b52-47c6-a65f-7beaa1b70053,1
1091,2025-08-23T08:14:09Z,2025-08-23T19:59:47Z,2025-08-23T20:03:46Z,2025-08-23T19:59:47Z,Desorbed NA,11,10,9,9,1,239,2234,,JB_070125_194_8232025_09.qgd,,NA,C:/GCMSsolution/Data/Project1/Campbell RMBL Data/Drought-net 2025/JB_070125_194_8232025_09.qgd,500c63b9-2b52-47c6-a65f-7beaa1b70053,1
1092,2025-08-23T08:14:09Z,2025-08-23T20:35:31Z,2025-08-23T20:40:15Z,2025-08-23T20:35:31Z,Desorbed NA,12,11,10,10,1,284,2144,,JB_070125_175_8232025_10.qgd,,NA,C:/GCMSsolution/Data/Project1/Campbell RMBL Data/Drought-net 2025/JB_070125_175_8232025_10.qgd,500c63b9-2b52-47c6-a65f-7beaa1b70053,1
1093,2025-08-23T08:14:09Z,2025-08-23T21:12:03Z,2025-08-23T21:16:57Z,2025-08-23T21:12:03Z,Desorbed NA,13,12,11,11,1,294,2192,,JB_070125_172_8232025_11.qgd,,NA,C:/GCMSsolution/Data/Project1/Campbell RMBL Data/Drought-net 2025/JB_070125_172_8232025_11.qgd,500c63b9-2b52-47c6-a65f-7beaa1b70053,1
1094,2025-08-23T08:14:09Z,2025-08-23T21:49:00Z,2025-08-23T21:53:56Z,2025-08-23T21:49:00Z,Desorbed NA,14,13,12,12,1,296,2217,,JB_070125_221_8232025_12.qgd,,NA,C:/GCMSsolution/Data/Project1/Campbell RMBL Data/Drought-net 2025/JB_070125_221_8232025_12.qgd,500c63b9-2b52-47c6-a65f-7beaa1b70053,1
1095,2025-08-23T08:14:09Z,2025-08-23T22:26:02Z,2025-08-23T22:30:47Z,2025-08-23T22:26:02Z,Desorbed NA,15,14,13,13,1,285,2222,,JB_071025_300dnredo_8232025_13.qgd,,NA,C:/GCMSsolution/Data/Project1/Campbell RMBL Data/Drought-net 2025/JB_071025_300dnredo_8232025_13.qgd,500c63b9-2b52-47c6-a65f-7beaa1b70053,1
1096,2025-08-23T08:14:09Z,NA,NA,NA,NA NA,16,15,NA,15,NA,NA,NA,skip-notrun,NA,,NA,NA,500c63b9-2b52-47c6-a65f-7beaa1b70053,1
1097,2025-08-23T08:14:09Z,2025-08-23T23:03:12Z,2025-08-23T23:07:55Z,2025-08-23T23:03:12Z,Desorbed NA,17,16,14,14,2,283,NA,,JB_070125_214_8232025_14.qgd,,NA,C:/GCMSsolution/Data/Project1/Campbell RMBL Data/Drought-net 2025/JB_070125_214_8232025_14.qgd,500c63b9-2b52-47c6-a65f-7beaa1b70053,1
1098,2025-08-23T08:14:09Z,2025-08-23T23:39:25Z,2025-08-23T23:44:16Z,2025-08-23T23:39:25Z,Desorbed NA,18,17,15,15,2,291,2173,,JB_070125_211_8232025_15.qgd,,NA,C:/GCMSsolution/Data/Project1/Campbell RMBL Data/Drought-net 2025/JB_070125_211_8232025_15.qgd,500c63b9-2b52-47c6-a65f-7beaa1b70053,1
1099,2025-08-23T08:14:09Z,2025-08-24T00:16:53Z,2025-08-24T00:21:49Z,2025-08-24T00:16:53Z,Desorbed NA,19,18,16,16,2,296,2248,,JB_070125_215_8232025_16.qgd,,NA,C:/GCMSsolution/Data/Project1/Campbell RMBL Data/Drought-net 2025/JB_070125_215_8232025_16.qgd,500c63b9-2b52-47c6-a65f-7beaa1b70053,1
1100,2025-08-23T08:14:09Z,2025-08-24T00:53:29Z,2025-08-24T00:58:20Z,2025-08-24T00:53:29Z,Desorbed NA,20,19,17,17,2,291,2196,,JB_070125_213_8232025_17.qgd,,NA,C:/GCMSsolution/Data/Project1/Campbell RMBL Data/Drought-net 2025/JB_070125_213_8232025_17.qgd,500c63b9-2b52-47c6-a65f-7beaa1b70053,1
1101,2025-08-23T08:14:09Z,2025-08-24T01:31:08Z,2025-08-24T01:35:06Z,2025-08-24T01:31:08Z,Desorbed NA,21,20,18,18,2,238,2259,,JB_070125_203_8232025_18.qgd,,NA,C:/GCMSsolution/Data/Project1/Campbell RMBL Data/Drought-net 2025/JB_070125_203_8232025_18.qgd,500c63b9-2b52-47c6-a65f-7beaa1b70053,1
1102,2025-08-23T08:14:09Z,2025-08-24T02:07:43Z,2025-08-24T02:12:32Z,2025-08-24T02:07:43Z,Desorbed NA,22,21,19,19,2,289,2195,,JB_070125_208_8232025_19.qgd,,NA,C:/GCMSsolution/Data/Project1/Campbell RMBL Data/Drought-net 2025/JB_070125_208_8232025_19.qgd,500c63b9-2b52-47c6-a65f-7beaa1b70053,1
1103,2025-08-23T08:14:09Z,2025-08-24T02:45:02Z,2025-08-24T02:49:44Z,2025-08-24T02:45:02Z,Desorbed NA,23,22,20,20,2,282,2239,,JB_070125_222_8232025_20.qgd,,NA,C:/GCMSsolution/Data/Project1/Campbell RMBL Data/Drought-net 2025/JB_070125_222_8232025_20.qgd,500c63b9-2b52-47c6-a65f-7beaa1b70053,1
1104,2025-08-23T08:14:09Z,2025-08-24T03:22:02Z,2025-08-24T03:26:48Z,2025-08-24T03:22:02Z,Desorbed NA,24,23,21,21,2,286,2220,,JB_070125_216_8232025_21.qgd,,NA,C:/GCMSsolution/Data/Project1/Campbell RMBL Data/Drought-net 2025/JB_070125_216_8232025_21.qgd,500c63b9-2b52-47c6-a65f-7beaa1b70053,1
1105,2025-08-23T08:14:09Z,2025-08-24T03:58:02Z,2025-08-24T04:02:52Z,2025-08-24T03:58:02Z,Desorbed NA,25,24,22,22,2,290,2160,,JB_070125_224_8232025_22.qgd,,NA,C:/GCMSsolution/Data/Project1/Campbell RMBL Data/Drought-net 2025/JB_070125_224_8232025_22.qgd,500c63b9-2b52-47c6-a65f-7beaa1b70053,1
1106,2025-08-23T08:14:09Z,2025-08-24T04:34:40Z,2025-08-24T04:39:39Z,2025-08-24T04:34:40Z,Desorbed NA,26,25,23,23,2,299,2198,,JB_070125_218_8232025_23.qgd,,NA,C:/GCMSsolution/Data/Project1/Campbell RMBL Data/Drought-net 2025/JB_070125_218_8232025_23.qgd,500c63b9-2b52-47c6-a65f-7beaa1b70053,1
1107,2025-08-23T08:14:09Z,2025-08-24T05:11:24Z,2025-08-24T05:16:09Z,2025-08-24T05:11:24Z,Desorbed NA,27,26,24,24,2,285,2204,,JB_070125_223_8232025_24.qgd,,NA,C:/GCMSsolution/Data/Project1/Campbell RMBL Data/Drought-net 2025/JB_070125_223_8232025_24.qgd,500c63b9-2b52-47c6-a65f-7beaa1b70053,1
1108,2025-08-23T08:14:09Z,2025-08-24T05:47:39Z,2025-08-24T05:52:20Z,2025-08-24T05:47:39Z,Desorbed NA,28,27,25,25,2,281,2175,,JB_070125_205_8232025_25.qgd,,NA,C:/GCMSsolution/Data/Project1/Campbell RMBL Data/Drought-net 2025/JB_070125_205_8232025_25.qgd,500c63b9-2b52-47c6-a65f-7beaa1b70053,1
1109,2025-08-23T08:14:09Z,2025-08-24T06:23:34Z,2025-08-24T06:28:20Z,2025-08-24T06:23:34Z,Desorbed NA,29,28,26,26,2,286,2155,,JB_070125_210_8232025_26.qgd,,NA,C:/GCMSsolution/Data/Project1/Campbell RMBL Data/Drought-net 2025/JB_070125_210_8232025_26.qgd,500c63b9-2b52-47c6-a65f-7beaa1b70053,1
1110,2025-08-23T08:14:09Z,2025-08-24T06:59:25Z,2025-08-24T07:04:20Z,2025-08-24T06:59:25Z,Desorbed NA,30,29,27,27,2,295,2151,,JB_070125_217_8232025_27.qgd,,NA,C:/GCMSsolution/Data/Project1/Campbell RMBL Data/Drought-net 2025/JB_070125_217_8232025_27.qgd,500c63b9-2b52-47c6-a65f-7beaa1b70053,1
1111,2025-08-24T11:20:50Z,2025-08-24T18:25:31Z,2025-08-24T18:20:00Z,2025-08-24T18:20:00Z,Desorbed NA,1,1,1,1,0,331,41166,,blank_8242025_01.qgd,,NA,C:/GCMSsolution/Data/Project1/Campbell RMBL Data/Drought-net 2025/blank_8242025_01.qgd,fbdfb6a5-72ce-4f24-b528-fcbdabcf3b3d,1
1112,2025-08-24T11:20:50Z,2025-08-24T18:56:05Z,2025-08-24T19:00:57Z,2025-08-24T18:56:05Z,Desorbed NA,3,2,2,2,0,292,1834,,JB_070125_204_8242025_02.qgd,,NA,C:/GCMSsolution/Data/Project1/Campbell RMBL Data/Drought-net 2025/JB_070125_204_8242025_02.qgd,fbdfb6a5-72ce-4f24-b528-fcbdabcf3b3d,1
1113,2025-08-24T11:20:50Z,2025-08-24T19:31:59Z,2025-08-24T19:36:52Z,2025-08-24T19:31:59Z,Desorbed NA,4,3,3,3,0,293,2154,,JB_070125_212_8242025_03.qgd,,NA,C:/GCMSsolution/Data/Project1/Campbell RMBL Data/Drought-net 2025/JB_070125_212_8242025_03.qgd,fbdfb6a5-72ce-4f24-b528-fcbdabcf3b3d,1
1114,2025-08-24T11:20:50Z,2025-08-24T20:08:00Z,2025-08-24T20:12:45Z,2025-08-24T20:08:00Z,Desorbed NA,5,4,4,4,0,285,2161,,JB_070125_207_8242025_04.qgd,,NA,C:/GCMSsolution/Data/Project1/Campbell RMBL Data/Drought-net 2025/JB_070125_207_8242025_04.qgd,fbdfb6a5-72ce-4f24-b528-fcbdabcf3b3d,1
1115,2025-08-24T11:20:50Z,2025-08-24T20:44:03Z,2025-08-24T20:48:59Z,2025-08-24T20:44:03Z,Desorbed NA,6,5,5,5,0,296,2163,,JB_070125_233_8242025_05.qgd,,NA,C:/GCMSsolution/Data/Project1/Campbell RMBL Data/Drought-net 2025/JB_070125_233_8242025_05.qgd,fbdfb6a5-72ce-4f24-b528-fcbdabcf3b3d,1
1116,2025-08-24T11:20:50Z,NA,NA,NA,NA NA,7,6,NA,6,NA,NA,NA,skip-notrun,NA,,NA,NA,fbdfb6a5-72ce-4f24-b528-fcbdabcf3b3d,1
1117,2025-08-24T11:20:50Z,2025-08-24T21:20:28Z,2025-08-24T21:25:09Z,2025-08-24T21:20:28Z,Desorbed NA,8,7,6,6,1,281,NA,,JB_070125_206_8242025_06.qgd,,NA,C:/GCMSsolution/Data/Project1/Campbell RMBL Data/Drought-net 2025/JB_070125_206_8242025_06.qgd,fbdfb6a5-72ce-4f24-b528-fcbdabcf3b3d,1
1118,2025-08-24T11:20:50Z,2025-08-24T21:56:43Z,2025-08-24T22:01:38Z,2025-08-24T21:56:43Z,Desorbed NA,9,8,7,7,1,295,2175,,JB_070125_173redo_8242025_07.qgd,,NA,C:/GCMSsolution/Data/Project1/Campbell RMBL Data/Drought-net 2025/JB_070125_173redo_8242025_07.qgd,fbdfb6a5-72ce-4f24-b528-fcbdabcf3b3d,1
1119,2025-08-24T11:20:50Z,NA,NA,NA,NA NA,10,9,NA,9,NA,NA,NA,skip-notrun,NA,,NA,NA,fbdfb6a5-72ce-4f24-b528-fcbdabcf3b3d,1
1120,2025-08-24T11:20:50Z,2025-08-24T22:34:11Z,2025-08-24T22:38:08Z,2025-08-24T22:34:11Z,Desorbed NA,11,10,8,8,2,237,NA,,JB_070125_231_8242025_08.qgd,,NA,C:/GCMSsolution/Data/Project1/Campbell RMBL Data/Drought-net 2025/JB_070125_231_8242025_08.qgd,fbdfb6a5-72ce-4f24-b528-fcbdabcf3b3d,1
1121,2025-08-24T11:20:50Z,2025-08-24T23:09:46Z,2025-08-24T23:14:26Z,2025-08-24T23:09:46Z,Desorbed NA,16,11,9,9,2,280,2135,,JB_070125_232_8242025_09.qgd,,NA,C:/GCMSsolution/Data/Project1/Campbell RMBL Data/Drought-net 2025/JB_070125_232_8242025_09.qgd,fbdfb6a5-72ce-4f24-b528-fcbdabcf3b3d,1
1122,2025-08-24T19:01:32Z,2025-08-25T02:06:10Z,2025-08-25T02:00:48Z,2025-08-25T02:00:48Z,Desorbed NA,1,1,2,1,-1,322,10584,,blank_8242025_02.qgd,,NA,C:/GCMSsolution/Data/Project1/Campbell RMBL Data/Drought-net 2025/blank_8242025_02.qgd,7051391e-e5a7-4c68-b689-bb5f486eef2d,1
1123,2025-08-24T19:01:32Z,2025-08-25T02:36:39Z,2025-08-25T02:41:29Z,2025-08-25T02:36:39Z,Desorbed NA,3,2,2,2,0,290,1829,,JB_070225_267_8242025_02.qgd,,NA,C:/GCMSsolution/Data/Project1/Campbell RMBL Data/Drought-net 2025/JB_070225_267_8242025_02.qgd,7051391e-e5a7-4c68-b689-bb5f486eef2d,1
1124,2025-08-24T19:01:32Z,NA,NA,NA,NA NA,4,3,NA,3,NA,NA,NA,skip-notrun,NA,,NA,NA,7051391e-e5a7-4c68-b689-bb5f486eef2d,1
1125,2025-08-24T19:01:32Z,2025-08-25T03:12:21Z,2025-08-25T03:16:58Z,2025-08-25T03:12:21Z,Desorbed NA,5,4,3,3,1,277,NA,,JB_070225_249_8242025_03.qgd,,NA,C:/GCMSsolution/Data/Project1/Campbell RMBL Data/Drought-net 2025/JB_070225_249_8242025_03.qgd,7051391e-e5a7-4c68-b689-bb5f486eef2d,1
1126,2025-08-24T19:01:32Z,NA,NA,NA,NA NA,6,5,NA,5,NA,NA,NA,skip-notrun,NA,,NA,NA,7051391e-e5a7-4c68-b689-bb5f486eef2d,1
1127,2025-08-24T19:01:32Z,2025-08-25T03:47:40Z,2025-08-25T03:52:31Z,2025-08-25T03:47:40Z,Desorbed NA,7,6,4,4,2,291,NA,,JB_070225_251_8242025_04.qgd,,NA,C:/GCMSsolution/Data/Project1/Campbell RMBL Data/Drought-net 2025/JB_070225_251_8242025_04.qgd,7051391e-e5a7-4c68-b689-bb5f486eef2d,1
1128,2025-08-24T19:01:32Z,2025-08-25T04:23:12Z,2025-08-25T04:28:07Z,2025-08-25T04:23:12Z,Desorbed NA,8,7,5,5,2,295,2132,,JB_070225_254_8242025_05.qgd,,NA,C:/GCMSsolution/Data/Project1/Campbell RMBL Data/Drought-net 2025/JB_070225_254_8242025_05.qgd,7051391e-e5a7-4c68-b689-bb5f486eef2d,1
1129,2025-08-24T19:01:32Z,2025-08-25T04:58:48Z,2025-08-25T05:03:42Z,2025-08-25T04:58:48Z,Desorbed NA,9,8,6,6,2,294,2136,,JB_070125_206redo_8242025_06.qgd,,NA,C:/GCMSsolution/Data/Project1/Campbell RMBL Data/Drought-net 2025/JB_070125_206redo_8242025_06.qgd,7051391e-e5a7-4c68-b689-bb5f486eef2d,1
1130,2025-08-24T19:01:32Z,2025-08-25T05:34:23Z,2025-08-25T05:39:17Z,2025-08-25T05:34:23Z,Desorbed NA,10,9,7,7,2,294,2135,,JB_070225_248_8242025_07.qgd,,NA,C:/GCMSsolution/Data/Project1/Campbell RMBL Data/Drought-net 2025/JB_070225_248_8242025_07.qgd,7051391e-e5a7-4c68-b689-bb5f486eef2d,1
1131,2025-08-24T19:01:32Z,2025-08-25T06:10:54Z,2025-08-25T06:14:51Z,2025-08-25T06:10:54Z,Desorbed NA,11,10,8,8,2,237,2191,,JB_070225_247_8242025_08.qgd,,NA,C:/GCMSsolution/Data/Project1/Campbell RMBL Data/Drought-net 2025/JB_070225_247_8242025_08.qgd,7051391e-e5a7-4c68-b689-bb5f486eef2d,1
1132,2025-08-24T19:01:32Z,2025-08-25T06:45:26Z,2025-08-25T06:50:22Z,2025-08-25T06:45:26Z,Desorbed NA,12,11,9,9,2,296,2072,,JB_070125_232redo_8242025_09.qgd,,NA,C:/GCMSsolution/Data/Project1/Campbell RMBL Data/Drought-net 2025/JB_070125_232redo_8242025_09.qgd,7051391e-e5a7-4c68-b689-bb5f486eef2d,1
1133,2025-08-24T19:01:32Z,2025-08-25T07:20:54Z,2025-08-25T07:25:52Z,2025-08-25T07:20:54Z,Desorbed NA,13,12,10,10,2,298,2128,,JB_070225_244_8242025_10.qgd,,NA,C:/GCMSsolution/Data/Project1/Campbell RMBL Data/Drought-net 2025/JB_070225_244_8242025_10.qgd,7051391e-e5a7-4c68-b689-bb5f486eef2d,1
1134,2025-08-24T19:01:32Z,2025-08-25T07:56:26Z,2025-08-25T08:01:15Z,2025-08-25T07:56:26Z,Desorbed NA,14,13,11,11,2,289,2132,,JB_070225_258_8242025_11.qgd,,NA,C:/GCMSsolution/Data/Project1/Campbell RMBL Data/Drought-net 2025/JB_070225_258_8242025_11.qgd,7051391e-e5a7-4c68-b689-bb5f486eef2d,1
1135,2025-08-24T19:01:32Z,2025-08-25T08:31:43Z,2025-08-25T08:36:38Z,2025-08-25T08:31:43Z,Desorbed NA,15,14,12,12,2,295,2117,,JB_070225_250_8242025_12.qgd,,NA,C:/GCMSsolution/Data/Project1/Campbell RMBL Data/Drought-net 2025/JB_070225_250_8242025_12.qgd,7051391e-e5a7-4c68-b689-bb5f486eef2d,1
1136,2025-08-24T19:01:32Z,2025-08-25T09:07:00Z,2025-08-25T09:11:55Z,2025-08-25T09:07:00Z,Desorbed NA,16,15,13,13,2,295,2117,,JB_070225_237_8242025_13.qgd,,NA,C:/GCMSsolution/Data/Project1/Campbell RMBL Data/Drought-net 2025/JB_070225_237_8242025_13.qgd,7051391e-e5a7-4c68-b689-bb5f486eef2d,1
1137,2025-08-24T19:01:32Z,2025-08-25T09:42:19Z,2025-08-25T09:47:11Z,2025-08-25T09:42:19Z,Desorbed NA,17,16,14,14,2,292,2119,,JB_070225_239_8242025_14.qgd,,NA,C:/GCMSsolution/Data/Project1/Campbell RMBL Data/Drought-net 2025/JB_070225_239_8242025_14.qgd,7051391e-e5a7-4c68-b689-bb5f486eef2d,1
1138,2025-08-24T19:01:32Z,2025-08-25T10:17:36Z,2025-08-25T10:22:30Z,2025-08-25T10:17:36Z,Desorbed NA,18,17,15,15,2,294,2117,,JB_070225_235_8242025_15.qgd,,NA,C:/GCMSsolution/Data/Project1/Campbell RMBL Data/Drought-net 2025/JB_070225_235_8242025_15.qgd,7051391e-e5a7-4c68-b689-bb5f486eef2d,1
1139,2025-08-24T19:01:32Z,2025-08-25T10:53:00Z,2025-08-25T10:57:47Z,2025-08-25T10:53:00Z,Desorbed NA,19,18,16,16,2,287,2124,,JB_070225_274_8242025_16.qgd,,NA,C:/GCMSsolution/Data/Project1/Campbell RMBL Data/Drought-net 2025/JB_070225_274_8242025_16.qgd,7051391e-e5a7-4c68-b689-bb5f486eef2d,1
1140,2025-08-24T19:01:32Z,2025-08-25T11:28:10Z,2025-08-25T11:33:00Z,2025-08-25T11:28:10Z,Desorbed NA,20,19,17,17,2,290,2110,,JB_070225_259_8242025_17.qgd,,NA,C:/GCMSsolution/Data/Project1/Campbell RMBL Data/Drought-net 2025/JB_070225_259_8242025_17.qgd,7051391e-e5a7-4c68-b689-bb5f486eef2d,1
1141,2025-08-24T19:01:32Z,2025-08-25T12:04:23Z,2025-08-25T12:08:16Z,2025-08-25T12:04:23Z,Desorbed NA,21,20,18,18,2,233,2173,,JB_070225_256_8242025_18.qgd,,NA,C:/GCMSsolution/Data/Project1/Campbell RMBL Data/Drought-net 2025/JB_070225_256_8242025_18.qgd,7051391e-e5a7-4c68-b689-bb5f486eef2d,1
1142,2025-08-24T19:01:32Z,2025-08-25T12:38:34Z,2025-08-25T12:43:33Z,2025-08-25T12:38:34Z,Desorbed NA,22,21,19,19,2,299,2051,,JB_070225_263_8242025_19.qgd,,NA,C:/GCMSsolution/Data/Project1/Campbell RMBL Data/Drought-net 2025/JB_070225_263_8242025_19.qgd,7051391e-e5a7-4c68-b689-bb5f486eef2d,1
1143,2025-08-25T09:18:38Z,2025-08-25T16:23:19Z,2025-08-25T16:18:20Z,2025-08-25T16:18:20Z,Desorbed NA,4,1,1,1,0,299,13485,,JB_070225_249redo_8252025_01.qgd,,NA,C:/GCMSsolution/Data/Project1/Campbell RMBL Data/Drought-net 2025/JB_070225_249redo_8252025_01.qgd,805ed08c-a6b3-4d5c-9646-05e4d6031517,1
1144,2025-08-25T09:18:38Z,2025-08-25T16:53:47Z,2025-08-25T16:58:39Z,2025-08-25T16:53:47Z,Desorbed NA,6,2,2,2,0,292,1828,,JB_070225_254redo_8252025_02.qgd,,NA,C:/GCMSsolution/Data/Project1/Campbell RMBL Data/Drought-net 2025/JB_070225_254redo_8252025_02.qgd,805ed08c-a6b3-4d5c-9646-05e4d6031517,1
1145,2025-08-25T11:30:20Z,2025-08-25T18:35:00Z,2025-08-25T18:29:35Z,2025-08-25T18:29:35Z,Desorbed NA,3,1,1,1,0,325,6073,,JB_070225_270_8252025_01.qgd,,NA,C:/GCMSsolution/Data/Project1/Campbell RMBL Data/Drought-net 2025/JB_070225_270_8252025_01.qgd,28b19a26-fca5-4192-ab3e-e8ec9aca2cc3,1
1146,2025-08-25T11:30:20Z,2025-08-25T19:05:29Z,2025-08-25T19:10:22Z,2025-08-25T19:05:29Z,Desorbed NA,4,2,2,2,0,293,1829,,JB_070225_260_8252025_02.qgd,,NA,C:/GCMSsolution/Data/Project1/Campbell RMBL Data/Drought-net 2025/JB_070225_260_8252025_02.qgd,28b19a26-fca5-4192-ab3e-e8ec9aca2cc3,1
1147,2025-08-25T11:30:20Z,2025-08-25T19:40:40Z,2025-08-25T19:45:36Z,2025-08-25T19:40:40Z,Desorbed NA,5,3,3,3,0,296,2111,,JB_070225_225_8252025_03.qgd,,NA,C:/GCMSsolution/Data/Project1/Campbell RMBL Data/Drought-net 2025/JB_070225_225_8252025_03.qgd,28b19a26-fca5-4192-ab3e-e8ec9aca2cc3,1
1148,2025-08-25T11:30:20Z,2025-08-25T20:16:01Z,2025-08-25T20:20:54Z,2025-08-25T20:16:01Z,Desorbed NA,6,4,4,4,0,293,2121,,JB_070225_234_8252025_04.qgd,,NA,C:/GCMSsolution/Data/Project1/Campbell RMBL Data/Drought-net 2025/JB_070225_234_8252025_04.qgd,28b19a26-fca5-4192-ab3e-e8ec9aca2cc3,1
1149,2025-08-25T11:30:20Z,2025-08-25T20:51:27Z,2025-08-25T20:56:22Z,2025-08-25T20:51:27Z,Desorbed NA,7,5,5,5,0,295,2126,,JB_070225_226_8252025_05.qgd,,NA,C:/GCMSsolution/Data/Project1/Campbell RMBL Data/Drought-net 2025/JB_070225_226_8252025_05.qgd,28b19a26-fca5-4192-ab3e-e8ec9aca2cc3,1
1150,2025-08-25T11:30:20Z,2025-08-25T21:27:31Z,2025-08-25T21:31:53Z,2025-08-25T21:27:31Z,Desorbed NA,8,6,6,6,0,262,2164,,JB_070225_241_8252025_06.qgd,,NA,C:/GCMSsolution/Data/Project1/Campbell RMBL Data/Drought-net 2025/JB_070225_241_8252025_06.qgd,28b19a26-fca5-4192-ab3e-e8ec9aca2cc3,1
1151,2025-08-25T11:30:20Z,2025-08-25T22:02:42Z,2025-08-25T22:07:35Z,2025-08-25T22:02:42Z,Desorbed NA,9,7,7,7,0,293,2111,,JB_070225_227_8252025_07.qgd,,NA,C:/GCMSsolution/Data/Project1/Campbell RMBL Data/Drought-net 2025/JB_070225_227_8252025_07.qgd,28b19a26-fca5-4192-ab3e-e8ec9aca2cc3,1
1152,2025-08-25T11:30:20Z,2025-08-25T22:38:28Z,2025-08-25T22:43:23Z,2025-08-25T22:38:28Z,Desorbed NA,10,8,8,8,0,295,2146,,JB_070225_228_8252025_08.qgd,,NA,C:/GCMSsolution/Data/Project1/Campbell RMBL Data/Drought-net 2025/JB_070225_228_8252025_08.qgd,28b19a26-fca5-4192-ab3e-e8ec9aca2cc3,1
1153,2025-08-25T11:30:20Z,2025-08-25T23:15:24Z,2025-08-25T23:19:24Z,2025-08-25T23:15:24Z,Desorbed NA,11,9,9,9,0,240,2216,,JB_070225_230_8252025_09.qgd,,NA,C:/GCMSsolution/Data/Project1/Campbell RMBL Data/Drought-net 2025/JB_070225_230_8252025_09.qgd,28b19a26-fca5-4192-ab3e-e8ec9aca2cc3,1
1154,2025-08-25T11:30:20Z,2025-08-25T23:50:33Z,2025-08-25T23:55:29Z,2025-08-25T23:50:33Z,Desorbed NA,12,10,10,10,0,296,2109,,JB_070225_242_8252025_10.qgd,,NA,C:/GCMSsolution/Data/Project1/Campbell RMBL Data/Drought-net 2025/JB_070225_242_8252025_10.qgd,28b19a26-fca5-4192-ab3e-e8ec9aca2cc3,1
1155,2025-08-25T11:30:20Z,2025-08-26T00:26:44Z,2025-08-26T00:31:30Z,2025-08-26T00:26:44Z,Desorbed NA,13,11,11,11,0,286,2171,,JB_070225_219_8252025_11.qgd,,NA,C:/GCMSsolution/Data/Project1/Campbell RMBL Data/Drought-net 2025/JB_070225_219_8252025_11.qgd,28b19a26-fca5-4192-ab3e-e8ec9aca2cc3,1
1156,2025-08-25T11:30:20Z,2025-08-26T01:02:47Z,2025-08-26T01:07:39Z,2025-08-26T01:02:47Z,Desorbed NA,14,12,12,12,0,292,2163,,JB_070225_220_8252025_12.qgd,,NA,C:/GCMSsolution/Data/Project1/Campbell RMBL Data/Drought-net 2025/JB_070225_220_8252025_12.qgd,28b19a26-fca5-4192-ab3e-e8ec9aca2cc3,1
1157,2025-08-25T11:30:20Z,2025-08-26T01:38:58Z,2025-08-26T01:43:51Z,2025-08-26T01:38:58Z,Desorbed NA,15,13,13,13,0,293,2171,,JB_070225_252_8252025_13.qgd,,NA,C:/GCMSsolution/Data/Project1/Campbell RMBL Data/Drought-net 2025/JB_070225_252_8252025_13.qgd,28b19a26-fca5-4192-ab3e-e8ec9aca2cc3,1
1158,2025-08-25T11:30:20Z,2025-08-26T02:14:54Z,2025-08-26T02:19:43Z,2025-08-26T02:14:54Z,Desorbed NA,16,14,14,14,0,289,2156,,JB_070225_246_8252025_14.qgd,,NA,C:/GCMSsolution/Data/Project1/Campbell RMBL Data/Drought-net 2025/JB_070225_246_8252025_14.qgd,28b19a26-fca5-4192-ab3e-e8ec9aca2cc3,1
1159,2025-08-25T11:30:20Z,2025-08-26T02:50:47Z,2025-08-26T02:55:32Z,2025-08-26T02:50:47Z,Desorbed NA,17,15,15,15,0,285,2153,,JB_070225_243_8252025_15.qgd,,NA,C:/GCMSsolution/Data/Project1/Campbell RMBL Data/Drought-net 2025/JB_070225_243_8252025_15.qgd,28b19a26-fca5-4192-ab3e-e8ec9aca2cc3,1
1160,2025-08-25T11:30:20Z,2025-08-26T03:26:28Z,2025-08-26T03:31:20Z,2025-08-26T03:26:28Z,Desorbed NA,18,16,16,16,0,292,2141,,JB_070225_262_8252025_16.qgd,,NA,C:/GCMSsolution/Data/Project1/Campbell RMBL Data/Drought-net 2025/JB_070225_262_8252025_16.qgd,28b19a26-fca5-4192-ab3e-e8ec9aca2cc3,1
1161,2025-08-25T11:30:20Z,2025-08-26T04:02:11Z,2025-08-26T04:07:02Z,2025-08-26T04:02:11Z,Desorbed NA,19,17,17,17,0,291,2143,,JB_070225_269_8252025_17.qgd,,NA,C:/GCMSsolution/Data/Project1/Campbell RMBL Data/Drought-net 2025/JB_070225_269_8252025_17.qgd,28b19a26-fca5-4192-ab3e-e8ec9aca2cc3,1
1162,2025-08-25T11:30:20Z,2025-08-26T04:37:49Z,2025-08-26T04:42:41Z,2025-08-26T04:37:49Z,Desorbed NA,20,18,18,18,0,292,2138,,JB_070225_268_8252025_18.qgd,,NA,C:/GCMSsolution/Data/Project1/Campbell RMBL Data/Drought-net 2025/JB_070225_268_8252025_18.qgd,28b19a26-fca5-4192-ab3e-e8ec9aca2cc3,1
1163,2025-08-25T11:30:20Z,2025-08-26T05:14:18Z,2025-08-26T05:18:21Z,2025-08-26T05:14:18Z,Desorbed NA,21,19,19,19,0,243,2189,,JB_070225_253_8252025_19.qgd,,NA,C:/GCMSsolution/Data/Project1/Campbell RMBL Data/Drought-net 2025/JB_070225_253_8252025_19.qgd,28b19a26-fca5-4192-ab3e-e8ec9aca2cc3,1
1164,2025-08-25T11:30:20Z,2025-08-26T05:48:59Z,2025-08-26T05:53:51Z,2025-08-26T05:48:59Z,Desorbed NA,22,20,20,20,0,292,2081,,JB_070225_245_8252025_20.qgd,,NA,C:/GCMSsolution/Data/Project1/Campbell RMBL Data/Drought-net 2025/JB_070225_245_8252025_20.qgd,28b19a26-fca5-4192-ab3e-e8ec9aca2cc3,1
1165,2025-08-25T11:30:20Z,2025-08-26T06:24:29Z,2025-08-26T06:29:25Z,2025-08-26T06:24:29Z,Desorbed NA,23,21,21,21,0,296,2130,,JB_070225_264_8252025_21.qgd,,NA,C:/GCMSsolution/Data/Project1/Campbell RMBL Data/Drought-net 2025/JB_070225_264_8252025_21.qgd,28b19a26-fca5-4192-ab3e-e8ec9aca2cc3,1
1166,2025-08-25T11:30:20Z,2025-08-26T06:59:54Z,2025-08-26T07:04:52Z,2025-08-26T06:59:54Z,Desorbed NA,24,22,22,22,0,298,2125,,JB_070225_257_8252025_22.qgd,,NA,C:/GCMSsolution/Data/Project1/Campbell RMBL Data/Drought-net 2025/JB_070225_257_8252025_22.qgd,28b19a26-fca5-4192-ab3e-e8ec9aca2cc3,1
1167,2025-08-25T11:30:20Z,2025-08-26T07:35:18Z,2025-08-26T07:40:11Z,2025-08-26T07:35:18Z,Desorbed NA,25,23,23,23,0,293,2124,,JB_070225_236_8252025_23.qgd,,NA,C:/GCMSsolution/Data/Project1/Campbell RMBL Data/Drought-net 2025/JB_070225_236_8252025_23.qgd,28b19a26-fca5-4192-ab3e-e8ec9aca2cc3,1
1168,2025-08-25T11:30:20Z,2025-08-26T08:10:34Z,2025-08-26T08:15:26Z,2025-08-26T08:10:34Z,Desorbed NA,26,24,24,24,0,292,2116,,JB_070225_240_8252025_24.qgd,,NA,C:/GCMSsolution/Data/Project1/Campbell RMBL Data/Drought-net 2025/JB_070225_240_8252025_24.qgd,28b19a26-fca5-4192-ab3e-e8ec9aca2cc3,1
1169,2025-08-25T11:30:20Z,2025-08-26T08:45:46Z,2025-08-26T08:50:40Z,2025-08-26T08:45:46Z,Desorbed NA,27,25,25,25,0,294,2112,,JB_070225_255_8252025_25.qgd,,NA,C:/GCMSsolution/Data/Project1/Campbell RMBL Data/Drought-net 2025/JB_070225_255_8252025_25.qgd,28b19a26-fca5-4192-ab3e-e8ec9aca2cc3,1
1170,2025-08-25T11:30:20Z,2025-08-26T09:21:09Z,2025-08-26T09:26:03Z,2025-08-26T09:21:09Z,Desorbed NA,28,26,26,26,0,294,2123,,JB_070225_272_8252025_26.qgd,,NA,C:/GCMSsolution/Data/Project1/Campbell RMBL Data/Drought-net 2025/JB_070225_272_8252025_26.qgd,28b19a26-fca5-4192-ab3e-e8ec9aca2cc3,1
1171,2025-08-25T11:30:20Z,2025-08-26T09:56:28Z,2025-08-26T10:01:21Z,2025-08-26T09:56:28Z,Desorbed NA,29,27,27,27,0,293,2119,,JB_070225_266_8252025_27.qgd,,NA,C:/GCMSsolution/Data/Project1/Campbell RMBL Data/Drought-net 2025/JB_070225_266_8252025_27.qgd,28b19a26-fca5-4192-ab3e-e8ec9aca2cc3,1
1172,2025-08-25T11:30:20Z,2025-08-26T10:31:39Z,2025-08-26T10:36:38Z,2025-08-26T10:31:39Z,Desorbed NA,30,28,28,28,0,299,2111,,JB_070225_276_8252025_28.qgd,,NA,C:/GCMSsolution/Data/Project1/Campbell RMBL Data/Drought-net 2025/JB_070225_276_8252025_28.qgd,28b19a26-fca5-4192-ab3e-e8ec9aca2cc3,1
1173,2025-08-26T09:09:41Z,2025-08-26T16:14:21Z,2025-08-26T16:08:54Z,2025-08-26T16:08:54Z,Desorbed NA,1,1,1,1,0,327,20562,,blank_8262025_01.qgd,,NA,C:/GCMSsolution/Data/Project1/Campbell RMBL Data/Drought-net 2025/blank_8262025_01.qgd,66082074-ec4e-4584-b9a4-ab9c825b72ba,1
1174,2025-08-26T09:09:41Z,2025-08-26T16:44:50Z,2025-08-26T16:49:43Z,2025-08-26T16:44:50Z,Desorbed NA,3,2,2,2,0,293,1829,,JB_071725_205-25_8262025_02.qgd,,NA,C:/GCMSsolution/Data/Project1/Campbell RMBL Data/Drought-net 2025/JB_071725_205-25_8262025_02.qgd,66082074-ec4e-4584-b9a4-ab9c825b72ba,1
1175,2025-08-26T09:09:41Z,2025-08-26T17:20:04Z,2025-08-26T17:25:00Z,2025-08-26T17:20:04Z,Desorbed NA,4,3,3,3,0,296,2114,,JB_071725_203-25_8262025_03.qgd,,NA,C:/GCMSsolution/Data/Project1/Campbell RMBL Data/Drought-net 2025/JB_071725_203-25_8262025_03.qgd,66082074-ec4e-4584-b9a4-ab9c825b72ba,1
1176,2025-08-26T09:09:41Z,2025-08-26T17:55:29Z,2025-08-26T18:00:21Z,2025-08-26T17:55:29Z,Desorbed NA,5,4,4,4,0,292,2125,,JB_071725_330-20_8262025_04.qgd,,NA,C:/GCMSsolution/Data/Project1/Campbell RMBL Data/Drought-net 2025/JB_071725_330-20_8262025_04.qgd,66082074-ec4e-4584-b9a4-ab9c825b72ba,1
1177,2025-08-26T09:09:41Z,2025-08-26T18:31:01Z,2025-08-26T18:35:56Z,2025-08-26T18:31:01Z,Desorbed NA,6,5,5,5,0,295,2132,,JB_071725_194-25_8262025_05.qgd,,NA,C:/GCMSsolution/Data/Project1/Campbell RMBL Data/Drought-net 2025/JB_071725_194-25_8262025_05.qgd,66082074-ec4e-4584-b9a4-ab9c825b72ba,1
1178,2025-08-26T09:09:41Z,2025-08-26T19:06:33Z,2025-08-26T19:11:26Z,2025-08-26T19:06:33Z,Desorbed NA,7,6,6,6,0,293,2132,,JB_071725_228-25_8262025_06.qgd,,NA,C:/GCMSsolution/Data/Project1/Campbell RMBL Data/Drought-net 2025/JB_071725_228-25_8262025_06.qgd,66082074-ec4e-4584-b9a4-ab9c825b72ba,1
1179,2025-08-26T09:09:41Z,2025-08-26T19:42:14Z,2025-08-26T19:47:09Z,2025-08-26T19:42:14Z,Desorbed NA,8,7,7,7,0,295,2141,,JB_071725_215-25_8262025_07.qgd,,NA,C:/GCMSsolution/Data/Project1/Campbell RMBL Data/Drought-net 2025/JB_071725_215-25_8262025_07.qgd,66082074-ec4e-4584-b9a4-ab9c825b72ba,1
1180,2025-08-26T09:09:41Z,2025-08-26T20:17:55Z,2025-08-26T20:22:47Z,2025-08-26T20:17:55Z,Desorbed NA,9,8,8,8,0,292,2141,,JB_071725_226-25_8262025_08.qgd,,NA,C:/GCMSsolution/Data/Project1/Campbell RMBL Data/Drought-net 2025/JB_071725_226-25_8262025_08.qgd,66082074-ec4e-4584-b9a4-ab9c825b72ba,1
1181,2025-08-26T09:09:41Z,NA,NA,NA,NA NA,10,9,NA,9,NA,NA,NA,skip-notrun,NA,,NA,NA,66082074-ec4e-4584-b9a4-ab9c825b72ba,1
1182,2025-08-26T09:09:41Z,2025-08-26T20:54:29Z,2025-08-26T20:58:30Z,2025-08-26T20:54:29Z,Desorbed NA,11,10,9,9,1,241,NA,,JB_071725_24-25_8262025_09.qgd,,NA,C:/GCMSsolution/Data/Project1/Campbell RMBL Data/Drought-net 2025/JB_071725_24-25_8262025_09.qgd,66082074-ec4e-4584-b9a4-ab9c825b72ba,1
1183,2025-08-26T09:09:41Z,2025-08-26T21:29:14Z,2025-08-26T21:34:08Z,2025-08-26T21:29:14Z,Desorbed NA,12,11,10,10,1,294,2085,,JB_071725_193-25_8262025_10.qgd,,NA,C:/GCMSsolution/Data/Project1/Campbell RMBL Data/Drought-net 2025/JB_071725_193-25_8262025_10.qgd,66082074-ec4e-4584-b9a4-ab9c825b72ba,1
1184,2025-08-26T09:09:41Z,2025-08-26T22:04:49Z,2025-08-26T22:09:41Z,2025-08-26T22:04:49Z,Desorbed NA,13,12,11,11,1,292,2135,,JB_071725_202-25_8262025_11.qgd,,NA,C:/GCMSsolution/Data/Project1/Campbell RMBL Data/Drought-net 2025/JB_071725_202-25_8262025_11.qgd,66082074-ec4e-4584-b9a4-ab9c825b72ba,1
1185,2025-08-26T09:09:41Z,2025-08-26T22:40:20Z,2025-08-26T22:45:15Z,2025-08-26T22:40:20Z,Desorbed NA,14,13,12,12,1,295,2131,,JB_071725_221-25_8262025_12.qgd,,NA,C:/GCMSsolution/Data/Project1/Campbell RMBL Data/Drought-net 2025/JB_071725_221-25_8262025_12.qgd,66082074-ec4e-4584-b9a4-ab9c825b72ba,1
1186,2025-08-26T09:09:41Z,2025-08-26T23:15:55Z,2025-08-26T23:20:49Z,2025-08-26T23:15:55Z,Desorbed NA,15,14,13,13,1,294,2135,,JB_071725_317-25_8262025_13.qgd,,NA,C:/GCMSsolution/Data/Project1/Campbell RMBL Data/Drought-net 2025/JB_071725_317-25_8262025_13.qgd,66082074-ec4e-4584-b9a4-ab9c825b72ba,1
1187,2025-08-26T09:09:41Z,2025-08-26T23:51:41Z,2025-08-26T23:56:37Z,2025-08-26T23:51:41Z,Desorbed NA,16,15,14,14,1,296,2146,,JB_071725_347-25_8262025_14.qgd,,NA,C:/GCMSsolution/Data/Project1/Campbell RMBL Data/Drought-net 2025/JB_071725_347-25_8262025_14.qgd,66082074-ec4e-4584-b9a4-ab9c825b72ba,1
1188,2025-08-26T09:09:41Z,2025-08-27T00:27:29Z,2025-08-27T00:32:15Z,2025-08-27T00:27:29Z,Desorbed NA,17,16,15,15,1,286,2148,,JB_071725_232-25_8262025_15.qgd,,NA,C:/GCMSsolution/Data/Project1/Campbell RMBL Data/Drought-net 2025/JB_071725_232-25_8262025_15.qgd,66082074-ec4e-4584-b9a4-ab9c825b72ba,1
1189,2025-08-26T09:09:41Z,NA,NA,NA,NA NA,18,17,NA,17,NA,NA,NA,skip-notrun,NA,,NA,NA,66082074-ec4e-4584-b9a4-ab9c825b72ba,1
1190,2025-08-26T09:09:41Z,2025-08-27T01:03:18Z,2025-08-27T01:08:11Z,2025-08-27T01:03:18Z,Desorbed NA,19,18,16,16,2,293,NA,,JB_071725_230-25_8262025_16.qgd,,NA,C:/GCMSsolution/Data/Project1/Campbell RMBL Data/Drought-net 2025/JB_071725_230-25_8262025_16.qgd,66082074-ec4e-4584-b9a4-ab9c825b72ba,1
1191,2025-08-26T09:09:41Z,2025-08-27T01:39:20Z,2025-08-27T01:44:11Z,2025-08-27T01:39:20Z,Desorbed NA,20,19,17,17,2,291,2162,,JB_071725_354-25_8262025_17.qgd,,NA,C:/GCMSsolution/Data/Project1/Campbell RMBL Data/Drought-net 2025/JB_071725_354-25_8262025_17.qgd,66082074-ec4e-4584-b9a4-ab9c825b72ba,1
1192,2025-08-27T09:20:41Z,2025-08-27T16:25:23Z,2025-08-27T16:18:08Z,2025-08-27T16:18:08Z,Desorbed NA,1,1,1,1,0,435,53163,,blank_8272025_01.qgd,,NA,C:/GCMSsolution/Data/Project1/Campbell RMBL Data/Drought-net 2025/blank_8272025_01.qgd,041f7cbf-7c83-4c40-abf6-e96848691342,1
1193,2025-08-27T09:20:41Z,2025-08-27T16:55:51Z,2025-08-27T17:00:44Z,2025-08-27T16:55:51Z,Desorbed NA,3,2,2,2,0,293,1828,,JB_071725_134-25_8272025_02.qgd,,NA,C:/GCMSsolution/Data/Project1/Campbell RMBL Data/Drought-net 2025/JB_071725_134-25_8272025_02.qgd,041f7cbf-7c83-4c40-abf6-e96848691342,1
1194,2025-08-27T09:20:41Z,2025-08-27T17:31:02Z,2025-08-27T17:35:47Z,2025-08-27T17:31:02Z,Desorbed NA,4,3,3,3,0,285,2111,,JB_071725_216-25_8272025_03.qgd,,NA,C:/GCMSsolution/Data/Project1/Campbell RMBL Data/Drought-net 2025/JB_071725_216-25_8272025_03.qgd,041f7cbf-7c83-4c40-abf6-e96848691342,1
1195,2025-08-27T09:20:41Z,2025-08-27T18:06:09Z,2025-08-27T18:11:02Z,2025-08-27T18:06:09Z,Desorbed NA,5,4,4,4,0,293,2107,,JB_071725_210-25_8272025_04.qgd,,NA,C:/GCMSsolution/Data/Project1/Campbell RMBL Data/Drought-net 2025/JB_071725_210-25_8272025_04.qgd,041f7cbf-7c83-4c40-abf6-e96848691342,1
1196,2025-08-27T09:20:41Z,2025-08-27T18:41:25Z,2025-08-27T18:46:19Z,2025-08-27T18:41:25Z,Desorbed NA,6,5,5,5,0,294,2116,,JB_071725_217-25_8272025_05.qgd,,NA,C:/GCMSsolution/Data/Project1/Campbell RMBL Data/Drought-net 2025/JB_071725_217-25_8272025_05.qgd,041f7cbf-7c83-4c40-abf6-e96848691342,1
1197,2025-08-27T09:20:41Z,2025-08-27T19:16:59Z,2025-08-27T19:21:54Z,2025-08-27T19:16:59Z,Desorbed NA,7,6,6,6,0,295,2134,,JB_071725_231-25_8272025_06.qgd,,NA,C:/GCMSsolution/Data/Project1/Campbell RMBL Data/Drought-net 2025/JB_071725_231-25_8272025_06.qgd,041f7cbf-7c83-4c40-abf6-e96848691342,1
1198,2025-08-27T09:20:41Z,2025-08-27T19:52:28Z,2025-08-27T19:57:23Z,2025-08-27T19:52:28Z,Desorbed NA,8,7,7,7,0,295,2129,,JB_071725_292-25_8272025_07.qgd,,NA,C:/GCMSsolution/Data/Project1/Campbell RMBL Data/Drought-net 2025/JB_071725_292-25_8272025_07.qgd,041f7cbf-7c83-4c40-abf6-e96848691342,1
1199,2025-08-27T09:20:41Z,2025-08-27T20:27:58Z,2025-08-27T20:32:52Z,2025-08-27T20:27:58Z,Desorbed NA,9,8,8,8,0,294,2130,,JB_071725_133-25_8272025_08.qgd,,NA,C:/GCMSsolution/Data/Project1/Campbell RMBL Data/Drought-net 2025/JB_071725_133-25_8272025_08.qgd,041f7cbf-7c83-4c40-abf6-e96848691342,1
1200,2025-08-27T09:20:41Z,2025-08-27T21:03:37Z,2025-08-27T21:08:24Z,2025-08-27T21:03:37Z,Desorbed NA,10,9,9,9,0,287,2139,,JB_071725_24-25_redo_8272025_09.qgd,,NA,C:/GCMSsolution/Data/Project1/Campbell RMBL Data/Drought-net 2025/JB_071725_24-25_redo_8272025_09.qgd,041f7cbf-7c83-4c40-abf6-e96848691342,1
1201,2025-08-27T09:20:41Z,2025-08-27T21:40:03Z,2025-08-27T21:44:03Z,2025-08-27T21:40:03Z,Desorbed NA,11,10,10,10,0,240,2186,,JB_071725_229-25_8272025_10.qgd,,NA,C:/GCMSsolution/Data/Project1/Campbell RMBL Data/Drought-net 2025/JB_071725_229-25_8272025_10.qgd,041f7cbf-7c83-4c40-abf6-e96848691342,1
1202,2025-08-27T09:20:41Z,2025-08-27T22:14:51Z,2025-08-27T22:19:47Z,2025-08-27T22:14:51Z,Desorbed NA,12,11,11,11,0,296,2088,,JB_071725_353-25_8272025_11.qgd,,NA,C:/GCMSsolution/Data/Project1/Campbell RMBL Data/Drought-net 2025/JB_071725_353-25_8272025_11.qgd,041f7cbf-7c83-4c40-abf6-e96848691342,1
1203,2025-08-27T09:20:41Z,2025-08-27T22:50:38Z,2025-08-27T22:55:30Z,2025-08-27T22:50:38Z,Desorbed NA,13,12,12,12,0,292,2147,,JB_071725_137-25_8272025_12.qgd,,NA,C:/GCMSsolution/Data/Project1/Campbell RMBL Data/Drought-net 2025/JB_071725_137-25_8272025_12.qgd,041f7cbf-7c83-4c40-abf6-e96848691342,1
1204,2025-08-27T09:20:41Z,2025-08-27T23:26:30Z,2025-08-27T23:31:25Z,2025-08-27T23:26:30Z,Desorbed NA,14,13,13,13,0,295,2152,,JB_071725_191-25_8272025_13.qgd,,NA,C:/GCMSsolution/Data/Project1/Campbell RMBL Data/Drought-net 2025/JB_071725_191-25_8272025_13.qgd,041f7cbf-7c83-4c40-abf6-e96848691342,1
1205,2025-08-27T09:20:41Z,2025-08-28T00:02:26Z,2025-08-28T00:07:13Z,2025-08-28T00:02:26Z,Desorbed NA,15,14,14,14,0,287,2156,,JB_071725_261_8272025_14.qgd,,NA,C:/GCMSsolution/Data/Project1/Campbell RMBL Data/Drought-net 2025/JB_071725_261_8272025_14.qgd,041f7cbf-7c83-4c40-abf6-e96848691342,1
1206,2025-08-27T09:20:41Z,2025-08-28T00:38:14Z,2025-08-28T00:43:08Z,2025-08-28T00:38:14Z,Desorbed NA,16,15,15,15,0,294,2148,,JB_071725_220-25_8272025_15.qgd,,NA,C:/GCMSsolution/Data/Project1/Campbell RMBL Data/Drought-net 2025/JB_071725_220-25_8272025_15.qgd,041f7cbf-7c83-4c40-abf6-e96848691342,1
1207,2025-08-27T09:20:41Z,2025-08-28T01:14:06Z,2025-08-28T01:19:07Z,2025-08-28T01:14:06Z,Desorbed NA,17,16,16,16,0,301,2152,,JB_071725_340-25_8272025_16.qgd,,NA,C:/GCMSsolution/Data/Project1/Campbell RMBL Data/Drought-net 2025/JB_071725_340-25_8272025_16.qgd,041f7cbf-7c83-4c40-abf6-e96848691342,1
1208,2025-08-27T09:20:41Z,2025-08-28T01:34:07Z,2025-08-28T01:19:07Z,2025-08-28T01:19:07Z,Desorbed NA,18,17,16,16,1,900,1201,,JB_071725_340-25_8272025_16.qgd,,NA,C:/GCMSsolution/Data/Project1/Campbell RMBL Data/Drought-net 2025/JB_071725_340-25_8272025_16.qgd,041f7cbf-7c83-4c40-abf6-e96848691342,1
1209,2025-08-27T09:20:41Z,2025-08-28T02:25:59Z,2025-08-28T02:30:42Z,2025-08-28T02:25:59Z,Desorbed NA,19,18,18,18,0,283,3112,,JB_071825_95-25_8272025_18.qgd,,NA,C:/GCMSsolution/Data/Project1/Campbell RMBL Data/Drought-net 2025/JB_071825_95-25_8272025_18.qgd,041f7cbf-7c83-4c40-abf6-e96848691342,1
1210,2025-08-27T09:20:41Z,2025-08-28T03:01:39Z,2025-08-28T03:06:29Z,2025-08-28T03:01:39Z,Desorbed NA,20,19,19,19,0,290,2140,,JB_071825_88-25_8272025_19.qgd,,NA,C:/GCMSsolution/Data/Project1/Campbell RMBL Data/Drought-net 2025/JB_071825_88-25_8272025_19.qgd,041f7cbf-7c83-4c40-abf6-e96848691342,1
1211,2025-08-27T09:20:41Z,2025-08-28T03:38:15Z,2025-08-28T03:42:16Z,2025-08-28T03:38:15Z,Desorbed NA,21,20,20,20,0,241,2196,,JB_071825_94-25_8272025_20.qgd,,NA,C:/GCMSsolution/Data/Project1/Campbell RMBL Data/Drought-net 2025/JB_071825_94-25_8272025_20.qgd,041f7cbf-7c83-4c40-abf6-e96848691342,1
1212,2025-08-27T09:20:41Z,2025-08-28T04:13:01Z,2025-08-28T04:17:58Z,2025-08-28T04:13:01Z,Desorbed NA,22,21,21,21,0,297,2086,,JB_071825_98-25_8272025_21.qgd,,NA,C:/GCMSsolution/Data/Project1/Campbell RMBL Data/Drought-net 2025/JB_071825_98-25_8272025_21.qgd,041f7cbf-7c83-4c40-abf6-e96848691342,1
1213,2025-08-27T09:20:41Z,2025-08-28T04:48:43Z,2025-08-28T04:53:34Z,2025-08-28T04:48:43Z,Desorbed NA,23,22,22,22,0,291,2142,,JB_071825_96-25_8272025_22.qgd,,NA,C:/GCMSsolution/Data/Project1/Campbell RMBL Data/Drought-net 2025/JB_071825_96-25_8272025_22.qgd,041f7cbf-7c83-4c40-abf6-e96848691342,1
1214,2025-08-27T09:20:41Z,2025-08-28T05:24:16Z,2025-08-28T05:29:10Z,2025-08-28T05:24:16Z,Desorbed NA,24,23,23,23,0,294,2133,,JB_071825_100-25_8272025_23.qgd,,NA,C:/GCMSsolution/Data/Project1/Campbell RMBL Data/Drought-net 2025/JB_071825_100-25_8272025_23.qgd,041f7cbf-7c83-4c40-abf6-e96848691342,1
1215,2025-08-27T09:20:41Z,2025-08-28T05:59:42Z,2025-08-28T06:04:32Z,2025-08-28T05:59:42Z,Desorbed NA,25,24,24,24,0,290,2126,,JB_071825_97-25_8272025_24.qgd,,NA,C:/GCMSsolution/Data/Project1/Campbell RMBL Data/Drought-net 2025/JB_071825_97-25_8272025_24.qgd,041f7cbf-7c83-4c40-abf6-e96848691342,1
1216,2025-08-27T09:20:41Z,2025-08-28T06:35:06Z,2025-08-28T06:40:02Z,2025-08-28T06:35:06Z,Desorbed NA,26,25,25,25,0,296,2124,,JB_071825_91-25_8272025_25.qgd,,NA,C:/GCMSsolution/Data/Project1/Campbell RMBL Data/Drought-net 2025/JB_071825_91-25_8272025_25.qgd,041f7cbf-7c83-4c40-abf6-e96848691342,1
1217,2025-08-27T09:20:41Z,2025-08-28T07:10:30Z,2025-08-28T07:15:24Z,2025-08-28T07:10:30Z,Desorbed NA,27,26,26,26,0,294,2124,,JB_071825_89-25_8272025_26.qgd,,NA,C:/GCMSsolution/Data/Project1/Campbell RMBL Data/Drought-net 2025/JB_071825_89-25_8272025_26.qgd,041f7cbf-7c83-4c40-abf6-e96848691342,1
1218,2025-08-27T09:20:41Z,2025-08-28T07:45:56Z,2025-08-28T07:50:45Z,2025-08-28T07:45:56Z,Desorbed NA,28,27,27,27,0,289,2126,,JB_071825_87-25_8272025_27.qgd,,NA,C:/GCMSsolution/Data/Project1/Campbell RMBL Data/Drought-net 2025/JB_071825_87-25_8272025_27.qgd,041f7cbf-7c83-4c40-abf6-e96848691342,1
1219,2025-08-27T09:20:41Z,2025-08-28T08:21:18Z,2025-08-28T08:26:12Z,2025-08-28T08:21:18Z,Desorbed NA,29,28,28,28,0,294,2122,,JB_071825_88-25_8272025_28.qgd,,NA,C:/GCMSsolution/Data/Project1/Campbell RMBL Data/Drought-net 2025/JB_071825_88-25_8272025_28.qgd,041f7cbf-7c83-4c40-abf6-e96848691342,1
1220,2025-08-27T09:20:41Z,2025-08-28T08:56:44Z,2025-08-28T09:01:38Z,2025-08-28T08:56:44Z,Desorbed NA,30,29,29,29,0,294,2126,,JB_071825_86-25_8272025_29.qgd,,NA,C:/GCMSsolution/Data/Project1/Campbell RMBL Data/Drought-net 2025/JB_071825_86-25_8272025_29.qgd,041f7cbf-7c83-4c40-abf6-e96848691342,1
1221,2025-08-28T09:12:35Z,2025-08-28T16:17:17Z,2025-08-28T16:11:26Z,2025-08-28T16:11:26Z,Desorbed NA,1,1,1,1,0,351,26433,,blank_8282025_01.qgd,,NA,C:/GCMSsolution/Data/Project1/Campbell RMBL Data/Drought-net 2025/blank_8282025_01.qgd,4654ebc3-4cb5-4642-a6eb-863083331a06,1
1222,2025-08-28T09:12:35Z,2025-08-28T16:47:49Z,2025-08-28T16:52:41Z,2025-08-28T16:47:49Z,Desorbed NA,3,2,2,2,0,292,1832,,JB_071825_93-25_8282025_02.qgd,,NA,C:/GCMSsolution/Data/Project1/Campbell RMBL Data/Drought-net 2025/JB_071825_93-25_8282025_02.qgd,4654ebc3-4cb5-4642-a6eb-863083331a06,1
1223,2025-08-28T09:12:35Z,2025-08-28T17:23:08Z,2025-08-28T17:27:53Z,2025-08-28T17:23:08Z,Desorbed NA,4,3,3,3,0,285,2119,,JB_071825_85-25_8282025_03.qgd,,NA,C:/GCMSsolution/Data/Project1/Campbell RMBL Data/Drought-net 2025/JB_071825_85-25_8282025_03.qgd,4654ebc3-4cb5-4642-a6eb-863083331a06,1
1224,2025-08-28T09:12:35Z,2025-08-28T17:58:27Z,2025-08-28T18:03:18Z,2025-08-28T17:58:27Z,Desorbed NA,5,4,4,4,0,291,2119,,JB_072225_36-25_8282025_04.qgd,,NA,C:/GCMSsolution/Data/Project1/Campbell RMBL Data/Drought-net 2025/JB_072225_36-25_8282025_04.qgd,4654ebc3-4cb5-4642-a6eb-863083331a06,1
1225,2025-08-28T09:12:35Z,2025-08-28T18:33:54Z,2025-08-28T18:38:40Z,2025-08-28T18:33:54Z,Desorbed NA,6,5,5,5,0,286,2127,,JB_072225_50-25_8282025_05.qgd,,NA,C:/GCMSsolution/Data/Project1/Campbell RMBL Data/Drought-net 2025/JB_072225_50-25_8282025_05.qgd,4654ebc3-4cb5-4642-a6eb-863083331a06,1
1226,2025-08-28T09:12:35Z,2025-08-28T19:09:20Z,2025-08-28T19:14:15Z,2025-08-28T19:09:20Z,Desorbed NA,7,6,6,6,0,295,2126,,JB_072225_48-25_8282025_06.qgd,,NA,C:/GCMSsolution/Data/Project1/Campbell RMBL Data/Drought-net 2025/JB_072225_48-25_8282025_06.qgd,4654ebc3-4cb5-4642-a6eb-863083331a06,1
1227,2025-08-28T09:12:35Z,2025-08-28T19:44:55Z,2025-08-28T19:49:49Z,2025-08-28T19:44:55Z,Desorbed NA,8,7,7,7,0,294,2135,,JB_072225_49-25_8282025_07.qgd,,NA,C:/GCMSsolution/Data/Project1/Campbell RMBL Data/Drought-net 2025/JB_072225_49-25_8282025_07.qgd,4654ebc3-4cb5-4642-a6eb-863083331a06,1
1228,2025-08-28T09:12:35Z,2025-08-28T20:20:41Z,2025-08-28T20:25:35Z,2025-08-28T20:20:41Z,Desorbed NA,9,8,8,8,0,294,2146,,JB_072225_46-25_8282025_08.qgd,,NA,C:/GCMSsolution/Data/Project1/Campbell RMBL Data/Drought-net 2025/JB_072225_46-25_8282025_08.qgd,4654ebc3-4cb5-4642-a6eb-863083331a06,1
1229,2025-08-28T09:12:35Z,2025-08-28T20:56:39Z,2025-08-28T21:01:24Z,2025-08-28T20:56:39Z,Desorbed NA,10,9,9,9,0,285,2158,,JB_072225_81-25_8282025_09.qgd,,NA,C:/GCMSsolution/Data/Project1/Campbell RMBL Data/Drought-net 2025/JB_072225_81-25_8282025_09.qgd,4654ebc3-4cb5-4642-a6eb-863083331a06,1
1230,2025-08-28T09:12:35Z,2025-08-28T21:33:16Z,2025-08-28T21:37:18Z,2025-08-28T21:33:16Z,Desorbed NA,11,10,10,10,0,242,2197,,JB_072225_73-25_8282025_10.qgd,,NA,C:/GCMSsolution/Data/Project1/Campbell RMBL Data/Drought-net 2025/JB_072225_73-25_8282025_10.qgd,4654ebc3-4cb5-4642-a6eb-863083331a06,1
1231,2025-08-28T09:12:35Z,2025-08-28T22:08:27Z,2025-08-28T22:13:17Z,2025-08-28T22:08:27Z,Desorbed NA,12,11,11,11,0,290,2111,,JB_072225_59-25_8282025_11.qgd,,NA,C:/GCMSsolution/Data/Project1/Campbell RMBL Data/Drought-net 2025/JB_072225_59-25_8282025_11.qgd,4654ebc3-4cb5-4642-a6eb-863083331a06,1
1232,2025-08-28T09:12:35Z,2025-08-28T22:44:31Z,2025-08-28T22:49:21Z,2025-08-28T22:44:31Z,Desorbed NA,13,12,12,12,0,290,2164,,JB_072225_57-25_8282025_12.qgd,,NA,C:/GCMSsolution/Data/Project1/Campbell RMBL Data/Drought-net 2025/JB_072225_57-25_8282025_12.qgd,4654ebc3-4cb5-4642-a6eb-863083331a06,1
1233,2025-08-28T09:12:35Z,2025-08-28T23:20:40Z,2025-08-28T23:25:36Z,2025-08-28T23:20:40Z,Desorbed NA,14,13,13,13,0,296,2169,,JB_072225_80-25_8282025_13.qgd,,NA,C:/GCMSsolution/Data/Project1/Campbell RMBL Data/Drought-net 2025/JB_072225_80-25_8282025_13.qgd,4654ebc3-4cb5-4642-a6eb-863083331a06,1
1234,2025-08-28T09:12:35Z,2025-08-28T23:57:10Z,2025-08-29T00:02:00Z,2025-08-28T23:57:10Z,Desorbed NA,15,14,14,14,0,290,2190,,JB_072225_60-25_8282025_14.qgd,,NA,C:/GCMSsolution/Data/Project1/Campbell RMBL Data/Drought-net 2025/JB_072225_60-25_8282025_14.qgd,4654ebc3-4cb5-4642-a6eb-863083331a06,1
1235,2025-08-28T09:12:35Z,2025-08-29T00:33:25Z,2025-08-29T00:38:17Z,2025-08-29T00:33:25Z,Desorbed NA,16,15,15,15,0,292,2175,,JB_072225_61-25_8282025_15.qgd,,NA,C:/GCMSsolution/Data/Project1/Campbell RMBL Data/Drought-net 2025/JB_072225_61-25_8282025_15.qgd,4654ebc3-4cb5-4642-a6eb-863083331a06,1
1236,2025-08-28T09:12:35Z,2025-08-29T01:09:50Z,2025-08-29T01:14:46Z,2025-08-29T01:09:50Z,Desorbed NA,17,16,16,16,0,296,2185,,JB_072225_74-25_8282025_16.qgd,,NA,C:/GCMSsolution/Data/Project1/Campbell RMBL Data/Drought-net 2025/JB_072225_74-25_8282025_16.qgd,4654ebc3-4cb5-4642-a6eb-863083331a06,1
1237,2025-08-28T09:12:35Z,2025-08-29T01:46:12Z,2025-08-29T01:51:05Z,2025-08-29T01:46:12Z,Desorbed NA,18,17,17,17,0,293,2182,,JB_072225_58-25_8282025_17.qgd,,NA,C:/GCMSsolution/Data/Project1/Campbell RMBL Data/Drought-net 2025/JB_072225_58-25_8282025_17.qgd,4654ebc3-4cb5-4642-a6eb-863083331a06,1
1238,2025-08-28T09:12:35Z,2025-08-29T02:22:26Z,2025-08-29T02:27:10Z,2025-08-29T02:22:26Z,Desorbed NA,19,18,18,18,0,284,2174,,JB_072225_41-25_8282025_18.qgd,,NA,C:/GCMSsolution/Data/Project1/Campbell RMBL Data/Drought-net 2025/JB_072225_41-25_8282025_18.qgd,4654ebc3-4cb5-4642-a6eb-863083331a06,1
1239,2025-08-28T09:12:35Z,2025-08-29T02:58:25Z,2025-08-29T03:03:19Z,2025-08-29T02:58:25Z,Desorbed NA,20,19,19,19,0,294,2159,,JB_072225_84-25_8282025_19.qgd,,NA,C:/GCMSsolution/Data/Project1/Campbell RMBL Data/Drought-net 2025/JB_072225_84-25_8282025_19.qgd,4654ebc3-4cb5-4642-a6eb-863083331a06,1
1240,2025-08-28T09:12:35Z,2025-08-29T03:35:21Z,2025-08-29T03:39:17Z,2025-08-29T03:35:21Z,Desorbed NA,21,20,20,20,0,236,2216,,JB_072225_54-25_8282025_20.qgd,,NA,C:/GCMSsolution/Data/Project1/Campbell RMBL Data/Drought-net 2025/JB_072225_54-25_8282025_20.qgd,4654ebc3-4cb5-4642-a6eb-863083331a06,1
1241,2025-08-28T09:12:35Z,NA,NA,NA,NA NA,22,21,NA,21,NA,NA,NA,skip-notrun,NA,,NA,NA,4654ebc3-4cb5-4642-a6eb-863083331a06,1
1242,2025-08-28T09:12:35Z,2025-08-29T04:10:16Z,2025-08-29T04:15:00Z,2025-08-29T04:10:16Z,Desorbed NA,23,22,21,21,1,284,NA,,JB_072225_56-25_8282025_21.qgd,,NA,C:/GCMSsolution/Data/Project1/Campbell RMBL Data/Drought-net 2025/JB_072225_56-25_8282025_21.qgd,4654ebc3-4cb5-4642-a6eb-863083331a06,1
1243,2025-08-28T09:12:35Z,2025-08-29T04:45:55Z,2025-08-29T04:50:50Z,2025-08-29T04:45:55Z,Desorbed NA,24,23,22,22,1,295,2139,,JB_072225_51-25_8282025_22.qgd,,NA,C:/GCMSsolution/Data/Project1/Campbell RMBL Data/Drought-net 2025/JB_072225_51-25_8282025_22.qgd,4654ebc3-4cb5-4642-a6eb-863083331a06,1
1244,2025-08-28T09:12:35Z,2025-08-29T05:05:34Z,2025-08-29T04:50:50Z,2025-08-29T04:50:50Z,Desorbed NA,25,24,22,22,2,884,1179,,JB_072225_51-25_8282025_22.qgd,,NA,C:/GCMSsolution/Data/Project1/Campbell RMBL Data/Drought-net 2025/JB_072225_51-25_8282025_22.qgd,4654ebc3-4cb5-4642-a6eb-863083331a06,1
1245,2025-08-28T09:12:35Z,2025-08-29T05:57:16Z,2025-08-29T06:02:10Z,2025-08-29T05:57:16Z,Desorbed NA,26,25,24,24,1,294,3102,,JB_072225_45-25_8282025_24.qgd,,NA,C:/GCMSsolution/Data/Project1/Campbell RMBL Data/Drought-net 2025/JB_072225_45-25_8282025_24.qgd,4654ebc3-4cb5-4642-a6eb-863083331a06,1
1246,2025-08-28T09:12:35Z,2025-08-29T06:32:57Z,2025-08-29T06:37:53Z,2025-08-29T06:32:57Z,Desorbed NA,27,26,25,25,1,296,2141,,JB_072225_52-25_8282025_25.qgd,,NA,C:/GCMSsolution/Data/Project1/Campbell RMBL Data/Drought-net 2025/JB_072225_52-25_8282025_25.qgd,4654ebc3-4cb5-4642-a6eb-863083331a06,1
1247,2025-08-28T09:12:35Z,2025-08-29T07:08:34Z,2025-08-29T07:13:22Z,2025-08-29T07:08:34Z,Desorbed NA,28,27,26,26,1,288,2137,,JB_072225_55-25_8282025_26.qgd,,NA,C:/GCMSsolution/Data/Project1/Campbell RMBL Data/Drought-net 2025/JB_072225_55-25_8282025_26.qgd,4654ebc3-4cb5-4642-a6eb-863083331a06,1
1248,2025-08-28T09:12:35Z,2025-08-29T07:44:00Z,2025-08-29T07:48:52Z,2025-08-29T07:44:00Z,Desorbed NA,29,28,27,27,1,292,2126,,JB_072225_42-25_8282025_27.qgd,,NA,C:/GCMSsolution/Data/Project1/Campbell RMBL Data/Drought-net 2025/JB_072225_42-25_8282025_27.qgd,4654ebc3-4cb5-4642-a6eb-863083331a06,1
1249,2025-08-28T09:12:35Z,2025-08-29T08:19:32Z,2025-08-29T08:24:22Z,2025-08-29T08:19:32Z,Desorbed NA,30,29,28,28,1,290,2132,,JB_072225_40-25_8282025_28.qgd,,NA,C:/GCMSsolution/Data/Project1/Campbell RMBL Data/Drought-net 2025/JB_072225_40-25_8282025_28.qgd,4654ebc3-4cb5-4642-a6eb-863083331a06,1
1250,2025-08-29T09:19:54Z,2025-08-29T16:24:36Z,2025-08-29T16:17:42Z,2025-08-29T16:17:42Z,Desorbed NA,1,1,1,1,0,414,29104,,blank_8292025_01.qgd,,NA,C:/GCMSsolution/Data/Project1/Campbell RMBL Data/Drought-net 2025/blank_8292025_01.qgd,11cbabd6-1550-4f4b-8cb5-7fc225da924a,1
1251,2025-08-29T09:19:54Z,2025-08-29T16:55:08Z,2025-08-29T16:59:49Z,2025-08-29T16:55:08Z,Desorbed NA,3,2,2,2,0,281,1832,,JB_072225_47-25_8292025_02.qgd,,NA,C:/GCMSsolution/Data/Project1/Campbell RMBL Data/Drought-net 2025/JB_072225_47-25_8292025_02.qgd,11cbabd6-1550-4f4b-8cb5-7fc225da924a,1
1252,2025-08-29T09:19:54Z,2025-08-29T17:30:08Z,2025-08-29T17:34:56Z,2025-08-29T17:30:08Z,Desorbed NA,4,3,3,3,0,288,2100,,JB_072225_37-25_8292025_03.qgd,,NA,C:/GCMSsolution/Data/Project1/Campbell RMBL Data/Drought-net 2025/JB_072225_37-25_8292025_03.qgd,11cbabd6-1550-4f4b-8cb5-7fc225da924a,1
1253,2025-08-29T09:19:54Z,2025-08-29T18:05:25Z,2025-08-29T18:10:17Z,2025-08-29T18:05:25Z,Desorbed NA,5,4,4,4,0,292,2117,,JB_072225_39-25_8292025_04.qgd,,NA,C:/GCMSsolution/Data/Project1/Campbell RMBL Data/Drought-net 2025/JB_072225_39-25_8292025_04.qgd,11cbabd6-1550-4f4b-8cb5-7fc225da924a,1
1254,2025-08-29T09:19:54Z,2025-08-29T18:40:45Z,2025-08-29T18:45:37Z,2025-08-29T18:40:45Z,Desorbed NA,6,5,5,5,0,292,2120,,JB_072525_15-25_8292025_05.qgd,,NA,C:/GCMSsolution/Data/Project1/Campbell RMBL Data/Drought-net 2025/JB_072525_15-25_8292025_05.qgd,11cbabd6-1550-4f4b-8cb5-7fc225da924a,1
1255,2025-08-29T09:19:54Z,2025-08-29T19:16:12Z,2025-08-29T19:21:07Z,2025-08-29T19:16:12Z,Desorbed NA,7,6,6,6,0,295,2127,,JB_072525_16-25_8292025_06.qgd,,NA,C:/GCMSsolution/Data/Project1/Campbell RMBL Data/Drought-net 2025/JB_072525_16-25_8292025_06.qgd,11cbabd6-1550-4f4b-8cb5-7fc225da924a,1
1256,2025-08-29T09:19:54Z,2025-08-29T19:51:42Z,2025-08-29T19:56:33Z,2025-08-29T19:51:42Z,Desorbed NA,8,7,7,7,0,291,2130,,JB_072525_4-25_8292025_07.qgd,,NA,C:/GCMSsolution/Data/Project1/Campbell RMBL Data/Drought-net 2025/JB_072525_4-25_8292025_07.qgd,11cbabd6-1550-4f4b-8cb5-7fc225da924a,1
1257,2025-08-29T09:19:54Z,2025-08-29T20:27:12Z,2025-08-29T20:32:07Z,2025-08-29T20:27:12Z,Desorbed NA,9,8,8,8,0,295,2130,,JB_072525_17-25_8292025_08.qgd,,NA,C:/GCMSsolution/Data/Project1/Campbell RMBL Data/Drought-net 2025/JB_072525_17-25_8292025_08.qgd,11cbabd6-1550-4f4b-8cb5-7fc225da924a,1
1258,2025-08-29T09:19:54Z,2025-08-29T21:02:47Z,2025-08-29T21:07:30Z,2025-08-29T21:02:47Z,Desorbed NA,10,9,9,9,0,283,2135,,JB_072525_35-25_8292025_09.qgd,,NA,C:/GCMSsolution/Data/Project1/Campbell RMBL Data/Drought-net 2025/JB_072525_35-25_8292025_09.qgd,11cbabd6-1550-4f4b-8cb5-7fc225da924a,1
1259,2025-08-29T09:19:54Z,2025-08-29T21:38:58Z,2025-08-29T21:42:56Z,2025-08-29T21:38:58Z,Desorbed NA,11,10,10,10,0,238,2171,,JB_072525_38-25_8292025_10.qgd,,NA,C:/GCMSsolution/Data/Project1/Campbell RMBL Data/Drought-net 2025/JB_072525_38-25_8292025_10.qgd,11cbabd6-1550-4f4b-8cb5-7fc225da924a,1
1260,2025-08-29T09:19:54Z,2025-08-29T22:13:32Z,2025-08-29T22:18:20Z,2025-08-29T22:13:32Z,Desorbed NA,12,11,11,11,0,288,2074,,JB_072525_5-25_8292025_11.qgd,,NA,C:/GCMSsolution/Data/Project1/Campbell RMBL Data/Drought-net 2025/JB_072525_5-25_8292025_11.qgd,11cbabd6-1550-4f4b-8cb5-7fc225da924a,1
1261,2025-08-29T09:19:54Z,2025-08-29T22:48:58Z,2025-08-29T22:53:55Z,2025-08-29T22:48:58Z,Desorbed NA,13,12,12,12,0,297,2126,,JB_072525_3-25_8292025_12.qgd,,NA,C:/GCMSsolution/Data/Project1/Campbell RMBL Data/Drought-net 2025/JB_072525_3-25_8292025_12.qgd,11cbabd6-1550-4f4b-8cb5-7fc225da924a,1
1262,2025-08-29T09:19:54Z,2025-08-29T23:24:33Z,2025-08-29T23:29:24Z,2025-08-29T23:24:33Z,Desorbed NA,14,13,13,13,0,291,2135,,JB_072525_18-25_8292025_13.qgd,,NA,C:/GCMSsolution/Data/Project1/Campbell RMBL Data/Drought-net 2025/JB_072525_18-25_8292025_13.qgd,11cbabd6-1550-4f4b-8cb5-7fc225da924a,1
1263,2025-08-29T09:19:54Z,2025-08-30T00:00:05Z,2025-08-30T00:04:59Z,2025-08-30T00:00:05Z,Desorbed NA,15,14,14,14,0,294,2132,,JB_072525_7-25_8292025_14.qgd,,NA,C:/GCMSsolution/Data/Project1/Campbell RMBL Data/Drought-net 2025/JB_072525_7-25_8292025_14.qgd,11cbabd6-1550-4f4b-8cb5-7fc225da924a,1
1264,2025-08-29T09:19:54Z,2025-08-30T00:35:46Z,2025-08-30T00:40:29Z,2025-08-30T00:35:46Z,Desorbed NA,16,15,15,15,0,283,2141,,JB_072525_12-25_8292025_15.qgd,,NA,C:/GCMSsolution/Data/Project1/Campbell RMBL Data/Drought-net 2025/JB_072525_12-25_8292025_15.qgd,11cbabd6-1550-4f4b-8cb5-7fc225da924a,1
1265,2025-08-29T09:19:54Z,2025-08-30T01:11:06Z,2025-08-30T01:15:58Z,2025-08-30T01:11:06Z,Desorbed NA,17,16,16,16,0,292,2120,,JB_072525_19-35_8292025_16.qgd,,NA,C:/GCMSsolution/Data/Project1/Campbell RMBL Data/Drought-net 2025/JB_072525_19-35_8292025_16.qgd,11cbabd6-1550-4f4b-8cb5-7fc225da924a,1
1266,2025-08-29T09:19:54Z,2025-08-30T01:46:33Z,2025-08-30T01:51:29Z,2025-08-30T01:46:33Z,Desorbed NA,18,17,17,17,0,296,2127,,JB_072525_13-25_8292025_17.qgd,,NA,C:/GCMSsolution/Data/Project1/Campbell RMBL Data/Drought-net 2025/JB_072525_13-25_8292025_17.qgd,11cbabd6-1550-4f4b-8cb5-7fc225da924a,1
1267,2025-08-29T09:19:54Z,2025-08-30T02:22:01Z,2025-08-30T02:26:55Z,2025-08-30T02:22:01Z,Desorbed NA,19,18,18,18,0,294,2128,,JB_072525_1-25_8292025_18.qgd,,NA,C:/GCMSsolution/Data/Project1/Campbell RMBL Data/Drought-net 2025/JB_072525_1-25_8292025_18.qgd,11cbabd6-1550-4f4b-8cb5-7fc225da924a,1
1268,2025-08-29T09:19:54Z,2025-08-30T02:57:28Z,2025-08-30T03:02:13Z,2025-08-30T02:57:28Z,Desorbed NA,20,19,19,19,0,285,2127,,JB_072525_20-25_8292025_19.qgd,,NA,C:/GCMSsolution/Data/Project1/Campbell RMBL Data/Drought-net 2025/JB_072525_20-25_8292025_19.qgd,11cbabd6-1550-4f4b-8cb5-7fc225da924a,1
1269,2025-08-29T09:19:54Z,2025-08-30T03:33:36Z,2025-08-30T03:37:35Z,2025-08-30T03:33:36Z,Desorbed NA,21,20,20,20,0,239,2168,,JB_072225_54-25_redo_8292025_20.qgd,,NA,C:/GCMSsolution/Data/Project1/Campbell RMBL Data/Drought-net 2025/JB_072225_54-25_redo_8292025_20.qgd,11cbabd6-1550-4f4b-8cb5-7fc225da924a,1
1270,2025-09-05T11:22:52Z,2025-09-05T18:27:34Z,2025-09-05T18:20:54Z,2025-09-05T18:20:54Z,Desorbed NA,1,1,1,1,0,400,572038,,blank_952025_01.qgd,,NA,C:/GCMSsolution/Data/Project1/Campbell RMBL Data/Drought-net 2025/blank_952025_01.qgd,d9c48e77-fe78-4e2c-9e93-492cc799808e,1
1271,2025-09-05T11:22:52Z,2025-09-05T18:58:08Z,2025-09-05T19:02:50Z,2025-09-05T18:58:08Z,Desorbed NA,3,2,2,2,0,282,1834,,JB_073025_198-25_952025_02.qgd,,NA,C:/GCMSsolution/Data/Project1/Campbell RMBL Data/Drought-net 2025/JB_073025_198-25_952025_02.qgd,d9c48e77-fe78-4e2c-9e93-492cc799808e,1
1272,2025-09-05T11:22:52Z,2025-09-05T19:33:13Z,2025-09-05T19:38:10Z,2025-09-05T19:33:13Z,Desorbed NA,4,3,3,3,0,297,2105,,JB_073025_10-25_952025_03.qgd,,NA,C:/GCMSsolution/Data/Project1/Campbell RMBL Data/Drought-net 2025/JB_073025_10-25_952025_03.qgd,d9c48e77-fe78-4e2c-9e93-492cc799808e,1
1273,2025-09-05T11:22:52Z,2025-09-05T20:08:31Z,2025-09-05T20:13:24Z,2025-09-05T20:08:31Z,Desorbed NA,5,4,4,4,0,293,2118,,JB_073025_30-25_952025_04.qgd,,NA,C:/GCMSsolution/Data/Project1/Campbell RMBL Data/Drought-net 2025/JB_073025_30-25_952025_04.qgd,d9c48e77-fe78-4e2c-9e93-492cc799808e,1
1274,2025-09-05T11:22:52Z,2025-09-05T20:43:51Z,2025-09-05T20:48:44Z,2025-09-05T20:43:51Z,Desorbed NA,6,5,5,5,0,293,2120,,JB_073025_125-25_952025_05.qgd,,NA,C:/GCMSsolution/Data/Project1/Campbell RMBL Data/Drought-net 2025/JB_073025_125-25_952025_05.qgd,d9c48e77-fe78-4e2c-9e93-492cc799808e,1
1275,2025-09-05T11:22:52Z,2025-09-05T21:19:14Z,2025-09-05T21:24:06Z,2025-09-05T21:19:14Z,Desorbed NA,7,6,6,6,0,292,2123,,JB_073025_8-25_952025_06.qgd,,NA,C:/GCMSsolution/Data/Project1/Campbell RMBL Data/Drought-net 2025/JB_073025_8-25_952025_06.qgd,d9c48e77-fe78-4e2c-9e93-492cc799808e,1
1276,2025-09-05T11:22:52Z,2025-09-05T21:54:36Z,2025-09-05T21:59:32Z,2025-09-05T21:54:36Z,Desorbed NA,8,7,7,7,0,296,2122,,JB_073025_453-25_952025_07.qgd,,NA,C:/GCMSsolution/Data/Project1/Campbell RMBL Data/Drought-net 2025/JB_073025_453-25_952025_07.qgd,d9c48e77-fe78-4e2c-9e93-492cc799808e,1
1277,2025-09-05T11:22:52Z,2025-09-05T22:30:04Z,2025-09-05T22:34:58Z,2025-09-05T22:30:04Z,Desorbed NA,9,8,8,8,0,294,2128,,JB_073025_326-25_952025_08.qgd,,NA,C:/GCMSsolution/Data/Project1/Campbell RMBL Data/Drought-net 2025/JB_073025_326-25_952025_08.qgd,d9c48e77-fe78-4e2c-9e93-492cc799808e,1
1278,2025-09-05T11:22:52Z,2025-09-05T23:05:34Z,2025-09-05T23:10:29Z,2025-09-05T23:05:34Z,Desorbed NA,10,9,9,9,0,295,2130,,JB_073025_450-25_952025_09.qgd,,NA,C:/GCMSsolution/Data/Project1/Campbell RMBL Data/Drought-net 2025/JB_073025_450-25_952025_09.qgd,d9c48e77-fe78-4e2c-9e93-492cc799808e,1
1279,2025-09-05T11:22:52Z,2025-09-05T23:41:59Z,2025-09-05T23:45:58Z,2025-09-05T23:41:59Z,Desorbed NA,11,10,10,10,0,239,2185,,JB_073025_26-25_952025_10.qgd,,NA,C:/GCMSsolution/Data/Project1/Campbell RMBL Data/Drought-net 2025/JB_073025_26-25_952025_10.qgd,d9c48e77-fe78-4e2c-9e93-492cc799808e,1
1280,2025-09-05T11:22:52Z,2025-09-06T00:16:34Z,2025-09-06T00:21:16Z,2025-09-06T00:16:34Z,Desorbed NA,12,11,11,11,0,282,2075,,JB_073025_32-25_952025_11.qgd,,NA,C:/GCMSsolution/Data/Project1/Campbell RMBL Data/Drought-net 2025/JB_073025_32-25_952025_11.qgd,d9c48e77-fe78-4e2c-9e93-492cc799808e,1
1281,2025-09-05T11:22:52Z,2025-09-06T00:51:52Z,2025-09-06T00:56:45Z,2025-09-06T00:51:52Z,Desorbed NA,13,12,12,12,0,293,2118,,JB_073025_452-25_952025_12.qgd,,NA,C:/GCMSsolution/Data/Project1/Campbell RMBL Data/Drought-net 2025/JB_073025_452-25_952025_12.qgd,d9c48e77-fe78-4e2c-9e93-492cc799808e,1
1282,2025-09-05T11:22:52Z,2025-09-06T01:27:18Z,2025-09-06T01:32:11Z,2025-09-06T01:27:18Z,Desorbed NA,14,13,13,13,0,293,2126,,JB_073025_501-25_952025_13.qgd,,NA,C:/GCMSsolution/Data/Project1/Campbell RMBL Data/Drought-net 2025/JB_073025_501-25_952025_13.qgd,d9c48e77-fe78-4e2c-9e93-492cc799808e,1
1283,2025-09-05T11:22:52Z,2025-09-06T02:02:40Z,2025-09-06T02:07:33Z,2025-09-06T02:02:40Z,Desorbed NA,15,14,14,14,0,293,2122,,JB_073025_454-25_952025_14.qgd,,NA,C:/GCMSsolution/Data/Project1/Campbell RMBL Data/Drought-net 2025/JB_073025_454-25_952025_14.qgd,d9c48e77-fe78-4e2c-9e93-492cc799808e,1
1284,2025-09-05T11:22:52Z,2025-09-06T02:38:05Z,2025-09-06T02:42:58Z,2025-09-06T02:38:05Z,Desorbed NA,16,15,15,15,0,293,2125,,JB_073025_466-25_952025_15.qgd,,NA,C:/GCMSsolution/Data/Project1/Campbell RMBL Data/Drought-net 2025/JB_073025_466-25_952025_15.qgd,d9c48e77-fe78-4e2c-9e93-492cc799808e,1
1285,2025-09-05T11:22:52Z,2025-09-06T03:13:31Z,2025-09-06T03:18:20Z,2025-09-06T03:13:31Z,Desorbed NA,17,16,16,16,0,289,2126,,JB_073025_447-25_952025_16.qgd,,NA,C:/GCMSsolution/Data/Project1/Campbell RMBL Data/Drought-net 2025/JB_073025_447-25_952025_16.qgd,d9c48e77-fe78-4e2c-9e93-492cc799808e,1
1286,2025-09-05T11:22:52Z,2025-09-06T03:48:50Z,2025-09-06T03:53:34Z,2025-09-06T03:48:50Z,Desorbed NA,18,17,17,17,0,284,2119,,JB_073025_195-25_952025_17.qgd,,NA,C:/GCMSsolution/Data/Project1/Campbell RMBL Data/Drought-net 2025/JB_073025_195-25_952025_17.qgd,d9c48e77-fe78-4e2c-9e93-492cc799808e,1
1287,2025-09-05T11:22:52Z,2025-09-06T04:24:25Z,2025-09-06T04:29:04Z,2025-09-06T04:24:25Z,Desorbed NA,19,18,18,18,0,279,2135,,JB_073025_33-25_952025_18.qgd,,NA,C:/GCMSsolution/Data/Project1/Campbell RMBL Data/Drought-net 2025/JB_073025_33-25_952025_18.qgd,d9c48e77-fe78-4e2c-9e93-492cc799808e,1
1288,2025-09-05T11:22:52Z,2025-09-06T04:59:35Z,2025-09-06T05:04:26Z,2025-09-06T04:59:35Z,Desorbed NA,20,19,19,19,0,291,2110,,JB_073025_458-25_952025_19.qgd,,NA,C:/GCMSsolution/Data/Project1/Campbell RMBL Data/Drought-net 2025/JB_073025_458-25_952025_19.qgd,d9c48e77-fe78-4e2c-9e93-492cc799808e,1
1289,2025-09-05T11:22:52Z,2025-09-06T05:35:53Z,2025-09-06T05:39:52Z,2025-09-06T05:35:53Z,Desorbed NA,21,20,20,20,0,239,2178,,JB_073025_9-25_952025_20.qgd,,NA,C:/GCMSsolution/Data/Project1/Campbell RMBL Data/Drought-net 2025/JB_073025_9-25_952025_20.qgd,d9c48e77-fe78-4e2c-9e93-492cc799808e,1
1290,2025-09-05T11:22:52Z,2025-09-06T06:10:21Z,2025-09-06T06:15:23Z,2025-09-06T06:10:21Z,Desorbed NA,22,21,21,21,0,302,2068,,JB_073025_233-25_952025_21.qgd,,NA,C:/GCMSsolution/Data/Project1/Campbell RMBL Data/Drought-net 2025/JB_073025_233-25_952025_21.qgd,d9c48e77-fe78-4e2c-9e93-492cc799808e,1
1291,2025-09-05T11:22:52Z,2025-09-06T06:45:53Z,2025-09-06T06:50:48Z,2025-09-06T06:45:53Z,Desorbed NA,23,22,22,22,0,295,2132,,JB_073025_199-25_952025_22.qgd,,NA,C:/GCMSsolution/Data/Project1/Campbell RMBL Data/Drought-net 2025/JB_073025_199-25_952025_22.qgd,d9c48e77-fe78-4e2c-9e93-492cc799808e,1
1292,2025-09-05T11:22:52Z,2025-09-06T07:21:32Z,2025-09-06T07:26:30Z,2025-09-06T07:21:32Z,Desorbed NA,24,23,23,23,0,298,2139,,JB_073025_23-25_952025_23.qgd,,NA,C:/GCMSsolution/Data/Project1/Campbell RMBL Data/Drought-net 2025/JB_073025_23-25_952025_23.qgd,d9c48e77-fe78-4e2c-9e93-492cc799808e,1
1293,2025-09-05T11:22:52Z,2025-09-06T07:56:47Z,2025-09-06T08:01:43Z,2025-09-06T07:56:47Z,Desorbed NA,25,24,24,24,0,296,2115,,JB_073025_21-25_952025_24.qgd,,NA,C:/GCMSsolution/Data/Project1/Campbell RMBL Data/Drought-net 2025/JB_073025_21-25_952025_24.qgd,d9c48e77-fe78-4e2c-9e93-492cc799808e,1
1294,2025-09-05T11:22:52Z,2025-09-06T08:32:06Z,2025-09-06T08:36:58Z,2025-09-06T08:32:06Z,Desorbed NA,26,25,25,25,0,292,2119,,JB_073025_27-25_952025_25.qgd,,NA,C:/GCMSsolution/Data/Project1/Campbell RMBL Data/Drought-net 2025/JB_073025_27-25_952025_25.qgd,d9c48e77-fe78-4e2c-9e93-492cc799808e,1
1295,2025-09-05T11:22:52Z,2025-09-06T09:07:21Z,2025-09-06T09:12:15Z,2025-09-06T09:07:21Z,Desorbed NA,27,26,26,26,0,294,2115,,JB_073025_470-25_952025_26.qgd,,NA,C:/GCMSsolution/Data/Project1/Campbell RMBL Data/Drought-net 2025/JB_073025_470-25_952025_26.qgd,d9c48e77-fe78-4e2c-9e93-492cc799808e,1
1296,2025-09-05T11:22:52Z,2025-09-06T09:42:41Z,2025-09-06T09:47:36Z,2025-09-06T09:42:41Z,Desorbed NA,28,27,27,27,0,295,2120,,JB_073025_480-25_952025_27.qgd,,NA,C:/GCMSsolution/Data/Project1/Campbell RMBL Data/Drought-net 2025/JB_073025_480-25_952025_27.qgd,d9c48e77-fe78-4e2c-9e93-492cc799808e,1
1297,2025-09-05T11:22:52Z,2025-09-06T10:18:11Z,2025-09-06T10:22:54Z,2025-09-06T10:18:11Z,Desorbed NA,29,28,28,28,0,283,2130,,JB_073025_24-25_952025_28.qgd,,NA,C:/GCMSsolution/Data/Project1/Campbell RMBL Data/Drought-net 2025/JB_073025_24-25_952025_28.qgd,d9c48e77-fe78-4e2c-9e93-492cc799808e,1
1298,2025-09-05T11:22:52Z,2025-09-06T10:53:25Z,2025-09-06T10:58:12Z,2025-09-06T10:53:25Z,Desorbed NA,30,29,29,29,0,287,2114,,JB_073025_485-25_952025_29.qgd,,NA,C:/GCMSsolution/Data/Project1/Campbell RMBL Data/Drought-net 2025/JB_073025_485-25_952025_29.qgd,d9c48e77-fe78-4e2c-9e93-492cc799808e,1
1299,2025-09-13T13:16:48Z,2025-09-13T20:21:33Z,2025-09-13T20:12:10Z,2025-09-13T20:12:10Z,Desorbed NA,1,1,1,1,0,563,638888,,blank_9132025_01.qgd,,NA,C:/GCMSsolution/Data/Project1/Campbell RMBL Data/Drought-net 2025/blank_9132025_01.qgd,fa459c6d-1f1e-4281-bd90-e9972c7ed4be,1
1300,2025-09-13T13:16:48Z,2025-09-13T20:52:05Z,2025-09-13T20:56:56Z,2025-09-13T20:52:05Z,Desorbed NA,3,2,2,2,0,291,1832,,JB_073025_29-25_9132025_02.qgd,,NA,C:/GCMSsolution/Data/Project1/Campbell RMBL Data/Drought-net 2025/JB_073025_29-25_9132025_02.qgd,fa459c6d-1f1e-4281-bd90-e9972c7ed4be,1
1301,2025-09-13T13:16:48Z,2025-09-13T21:26:59Z,2025-09-13T21:31:46Z,2025-09-13T21:26:59Z,Desorbed NA,4,3,3,3,0,287,2094,,JB_073025_11-25_9132025_03.qgd,,NA,C:/GCMSsolution/Data/Project1/Campbell RMBL Data/Drought-net 2025/JB_073025_11-25_9132025_03.qgd,fa459c6d-1f1e-4281-bd90-e9972c7ed4be,1
1302,2025-09-13T13:16:48Z,2025-09-13T22:02:01Z,2025-09-13T22:06:56Z,2025-09-13T22:02:01Z,Desorbed NA,5,4,4,4,0,295,2102,,JB_073025_446-25_9132025_04.qgd,,NA,C:/GCMSsolution/Data/Project1/Campbell RMBL Data/Drought-net 2025/JB_073025_446-25_9132025_04.qgd,fa459c6d-1f1e-4281-bd90-e9972c7ed4be,1
1303,2025-09-13T13:16:48Z,2025-09-13T22:37:12Z,2025-09-13T22:42:02Z,2025-09-13T22:37:12Z,NA Leak Test Pressurise Failed,6,5,5,5,0,290,2111,leak-blank,JB_073025_500-25_9132025_05.qgd,,NA,C:/GCMSsolution/Data/Project1/Campbell RMBL Data/Drought-net 2025/JB_073025_500-25_9132025_05.qgd,fa459c6d-1f1e-4281-bd90-e9972c7ed4be,1
1304,2025-09-13T13:16:48Z,2025-09-13T23:12:23Z,2025-09-13T23:16:42Z,2025-09-13T23:12:23Z,Desorbed NA,7,6,6,6,0,259,2111,,JB_073025_484-25_9132025_06.qgd,,NA,C:/GCMSsolution/Data/Project1/Campbell RMBL Data/Drought-net 2025/JB_073025_484-25_9132025_06.qgd,fa459c6d-1f1e-4281-bd90-e9972c7ed4be,1
1305,2025-09-13T13:16:48Z,NA,NA,NA,NA NA,8,7,NA,7,NA,NA,NA,skip-notrun,NA,,NA,NA,fa459c6d-1f1e-4281-bd90-e9972c7ed4be,1
1306,2025-09-13T13:16:48Z,2025-09-13T23:46:55Z,2025-09-13T23:51:46Z,2025-09-13T23:46:55Z,Desorbed NA,9,8,7,7,1,291,NA,,JB_073025_31-25_9132025_07.qgd,,NA,C:/GCMSsolution/Data/Project1/Campbell RMBL Data/Drought-net 2025/JB_073025_31-25_9132025_07.qgd,fa459c6d-1f1e-4281-bd90-e9972c7ed4be,1
1307,2025-09-13T13:16:48Z,2025-09-14T00:21:58Z,2025-09-14T00:26:54Z,2025-09-14T00:21:58Z,Desorbed NA,10,9,8,8,1,296,2103,,JB_073025_445-25_9132025_08.qgd,,NA,C:/GCMSsolution/Data/Project1/Campbell RMBL Data/Drought-net 2025/JB_073025_445-25_9132025_08.qgd,fa459c6d-1f1e-4281-bd90-e9972c7ed4be,1
1308,2025-09-13T13:16:48Z,2025-09-14T00:58:03Z,2025-09-14T01:01:53Z,2025-09-14T00:58:03Z,Desorbed NA,11,10,9,9,1,230,2165,,JB_073025_34-25_9132025_09.qgd,,NA,C:/GCMSsolution/Data/Project1/Campbell RMBL Data/Drought-net 2025/JB_073025_34-25_9132025_09.qgd,fa459c6d-1f1e-4281-bd90-e9972c7ed4be,1
1309,2025-09-13T13:16:48Z,2025-09-14T01:32:21Z,2025-09-14T01:37:01Z,2025-09-14T01:32:21Z,Desorbed NA,12,11,10,10,1,280,2058,,JB_073025_467-25_9132025_10.qgd,,NA,C:/GCMSsolution/Data/Project1/Campbell RMBL Data/Drought-net 2025/JB_073025_467-25_9132025_10.qgd,fa459c6d-1f1e-4281-bd90-e9972c7ed4be,1
1310,2025-09-13T13:16:48Z,2025-09-14T02:07:31Z,2025-09-14T02:12:24Z,2025-09-14T02:07:31Z,Desorbed NA,13,12,11,11,1,293,2110,,JB_073025_459-25_9132025_11.qgd,,NA,C:/GCMSsolution/Data/Project1/Campbell RMBL Data/Drought-net 2025/JB_073025_459-25_9132025_11.qgd,fa459c6d-1f1e-4281-bd90-e9972c7ed4be,1
1311,2025-09-13T13:16:48Z,2025-09-14T02:42:29Z,2025-09-14T02:47:25Z,2025-09-14T02:42:29Z,Desorbed NA,14,13,12,12,1,296,2098,,JB_073025_139-25_9132025_12.qgd,,NA,C:/GCMSsolution/Data/Project1/Campbell RMBL Data/Drought-net 2025/JB_073025_139-25_9132025_12.qgd,fa459c6d-1f1e-4281-bd90-e9972c7ed4be,1
1312,2025-09-13T13:16:48Z,2025-09-14T03:18:02Z,2025-09-14T03:22:52Z,2025-09-14T03:18:02Z,Desorbed NA,15,14,13,13,1,290,2133,,JB_073025_28-25_9132025_13.qgd,,NA,C:/GCMSsolution/Data/Project1/Campbell RMBL Data/Drought-net 2025/JB_073025_28-25_9132025_13.qgd,fa459c6d-1f1e-4281-bd90-e9972c7ed4be,1
1313,2025-09-13T13:16:48Z,2025-09-14T03:52:57Z,2025-09-14T03:57:48Z,2025-09-14T03:52:57Z,Desorbed NA,16,15,14,14,1,291,2095,,JB_073025_433-25_9132025_14.qgd,,NA,C:/GCMSsolution/Data/Project1/Campbell RMBL Data/Drought-net 2025/JB_073025_433-25_9132025_14.qgd,fa459c6d-1f1e-4281-bd90-e9972c7ed4be,1
1314,2025-09-13T13:16:48Z,2025-09-14T04:28:14Z,2025-09-14T04:33:08Z,2025-09-14T04:28:14Z,Desorbed NA,17,16,15,15,1,294,2117,,JB_073025_25-25_9132025_15.qgd,,NA,C:/GCMSsolution/Data/Project1/Campbell RMBL Data/Drought-net 2025/JB_073025_25-25_9132025_15.qgd,fa459c6d-1f1e-4281-bd90-e9972c7ed4be,1
1315,2025-09-13T13:16:48Z,2025-09-14T05:03:06Z,2025-09-14T05:08:01Z,2025-09-14T05:03:06Z,Desorbed NA,18,17,16,16,1,295,2092,,JB_073025_482-25_9132025_16.qgd,,NA,C:/GCMSsolution/Data/Project1/Campbell RMBL Data/Drought-net 2025/JB_073025_482-25_9132025_16.qgd,fa459c6d-1f1e-4281-bd90-e9972c7ed4be,1
1316,2025-09-13T13:16:48Z,2025-09-14T05:38:16Z,2025-09-14T05:43:02Z,2025-09-14T05:38:16Z,Desorbed NA,19,18,17,17,1,286,2110,,JB_073025_479-25_9132025_17.qgd,,NA,C:/GCMSsolution/Data/Project1/Campbell RMBL Data/Drought-net 2025/JB_073025_479-25_9132025_17.qgd,fa459c6d-1f1e-4281-bd90-e9972c7ed4be,1
1317,2025-09-13T13:16:48Z,2025-09-14T06:13:23Z,2025-09-14T06:18:14Z,2025-09-14T06:13:23Z,Desorbed NA,20,19,18,18,1,291,2107,,JB_073025_456-25_9132025_18.qgd,,NA,C:/GCMSsolution/Data/Project1/Campbell RMBL Data/Drought-net 2025/JB_073025_456-25_9132025_18.qgd,fa459c6d-1f1e-4281-bd90-e9972c7ed4be,1
1318,2025-09-13T13:16:48Z,2025-09-14T06:49:11Z,2025-09-14T06:53:10Z,2025-09-14T06:49:11Z,Desorbed NA,21,20,19,19,1,239,2148,,JB_071124_172-24_9132025_19.qgd,,NA,C:/GCMSsolution/Data/Project1/Campbell RMBL Data/Drought-net 2025/JB_071124_172-24_9132025_19.qgd,fa459c6d-1f1e-4281-bd90-e9972c7ed4be,1
1319,2025-09-13T13:16:48Z,2025-09-14T07:23:17Z,2025-09-14T07:28:08Z,2025-09-14T07:23:17Z,Desorbed NA,22,21,20,20,1,291,2046,,JB_071124_171-24_9132025_20.qgd,,NA,C:/GCMSsolution/Data/Project1/Campbell RMBL Data/Drought-net 2025/JB_071124_171-24_9132025_20.qgd,fa459c6d-1f1e-4281-bd90-e9972c7ed4be,1
1320,2025-09-13T13:16:48Z,2025-09-14T07:58:44Z,2025-09-14T08:03:37Z,2025-09-14T07:58:44Z,Desorbed NA,23,22,21,21,1,293,2127,,JB_071124_174-24_9132025_21.qgd,,NA,C:/GCMSsolution/Data/Project1/Campbell RMBL Data/Drought-net 2025/JB_071124_174-24_9132025_21.qgd,fa459c6d-1f1e-4281-bd90-e9972c7ed4be,1
1321,2025-09-13T13:16:48Z,2025-09-14T08:33:40Z,2025-09-14T08:38:35Z,2025-09-14T08:33:40Z,Desorbed NA,24,23,22,22,1,295,2096,,JB_071124_163-24_9132025_22.qgd,,NA,C:/GCMSsolution/Data/Project1/Campbell RMBL Data/Drought-net 2025/JB_071124_163-24_9132025_22.qgd,fa459c6d-1f1e-4281-bd90-e9972c7ed4be,1
1322,2025-09-13T13:16:48Z,2025-09-14T09:08:43Z,2025-09-14T09:13:34Z,2025-09-14T09:08:43Z,Desorbed NA,25,24,23,23,1,291,2103,,JB_071124_176-24_9132025_23.qgd,,NA,C:/GCMSsolution/Data/Project1/Campbell RMBL Data/Drought-net 2025/JB_071124_176-24_9132025_23.qgd,fa459c6d-1f1e-4281-bd90-e9972c7ed4be,1
1323,2025-09-13T13:16:48Z,2025-09-14T09:44:01Z,2025-09-14T09:48:53Z,2025-09-14T09:44:01Z,Desorbed NA,26,25,24,24,1,292,2118,,JB_071124_56-24_9132025_24.qgd,,NA,C:/GCMSsolution/Data/Project1/Campbell RMBL Data/Drought-net 2025/JB_071124_56-24_9132025_24.qgd,fa459c6d-1f1e-4281-bd90-e9972c7ed4be,1
1324,2025-09-13T13:16:48Z,2025-09-14T10:19:12Z,2025-09-14T10:24:06Z,2025-09-14T10:19:12Z,Desorbed NA,27,26,25,25,1,294,2111,,JB_071124_55-24_9132025_25.qgd,,NA,C:/GCMSsolution/Data/Project1/Campbell RMBL Data/Drought-net 2025/JB_071124_55-24_9132025_25.qgd,fa459c6d-1f1e-4281-bd90-e9972c7ed4be,1
1325,2025-09-13T13:16:48Z,2025-09-14T10:54:08Z,2025-09-14T10:59:01Z,2025-09-14T10:54:08Z,Desorbed NA,28,27,26,26,1,293,2096,,JB_071124_49-24_9132025_26.qgd,,NA,C:/GCMSsolution/Data/Project1/Campbell RMBL Data/Drought-net 2025/JB_071124_49-24_9132025_26.qgd,fa459c6d-1f1e-4281-bd90-e9972c7ed4be,1
1326,2025-09-13T13:16:48Z,2025-09-14T11:29:10Z,2025-09-14T11:34:02Z,2025-09-14T11:29:10Z,Desorbed NA,29,28,27,27,1,292,2102,,JB_071124_48-24_9132025_27.qgd,,NA,C:/GCMSsolution/Data/Project1/Campbell RMBL Data/Drought-net 2025/JB_071124_48-24_9132025_27.qgd,fa459c6d-1f1e-4281-bd90-e9972c7ed4be,1
1327,2025-09-13T13:16:48Z,2025-09-14T12:04:24Z,2025-09-14T12:09:15Z,2025-09-14T12:04:24Z,Desorbed NA,30,29,28,28,1,291,2114,,JB_071124_105-24_9132025_28.qgd,,NA,C:/GCMSsolution/Data/Project1/Campbell RMBL Data/Drought-net 2025/JB_071124_105-24_9132025_28.qgd,fa459c6d-1f1e-4281-bd90-e9972c7ed4be,1
1328,2025-09-14T15:00:09Z,2025-09-14T22:04:50Z,2025-09-14T21:59:15Z,2025-09-14T21:59:15Z,Desorbed NA,1,1,1,1,0,335,36026,,blank_9142025_01.qgd,,NA,C:/GCMSsolution/Data/Project1/Campbell RMBL Data/Drought-net 2025/blank_9142025_01.qgd,707f66c3-54fe-4cf0-a214-927b83e69763,1
1329,2025-09-14T15:00:09Z,2025-09-14T22:19:16Z,NA,2025-09-14T22:19:16Z,Desorbed NA,3,2,NA,2,NA,NA,866,,NA,,NA,NA,707f66c3-54fe-4cf0-a214-927b83e69763,1
1330,2025-09-14T15:00:09Z,2025-09-14T23:10:28Z,2025-09-14T23:15:22Z,2025-09-14T23:10:28Z,Desorbed NA,4,3,3,3,0,294,3072,,JB_071124_58-24_9142025_03.qgd,,NA,C:/GCMSsolution/Data/Project1/Campbell RMBL Data/Drought-net 2025/JB_071124_58-24_9142025_03.qgd,707f66c3-54fe-4cf0-a214-927b83e69763,1
1331,2025-09-14T15:00:09Z,2025-09-14T23:45:42Z,2025-09-14T23:50:38Z,2025-09-14T23:45:42Z,Desorbed NA,5,4,4,4,0,296,2114,,JB_071124_51-24_9142025_04.qgd,,NA,C:/GCMSsolution/Data/Project1/Campbell RMBL Data/Drought-net 2025/JB_071124_51-24_9142025_04.qgd,707f66c3-54fe-4cf0-a214-927b83e69763,1
1332,2025-09-14T15:00:09Z,2025-09-15T00:21:06Z,2025-09-15T00:25:54Z,2025-09-15T00:21:06Z,Desorbed NA,6,5,5,5,0,288,2124,,JB_073025_500-25_redo_9142025_05.qgd,,NA,C:/GCMSsolution/Data/Project1/Campbell RMBL Data/Drought-net 2025/JB_073025_500-25_redo_9142025_05.qgd,707f66c3-54fe-4cf0-a214-927b83e69763,1
1333,2025-09-14T15:00:09Z,2025-09-15T00:56:17Z,2025-09-15T01:01:02Z,2025-09-15T00:56:17Z,Desorbed NA,7,6,6,6,0,285,2111,,JB_071124_134-24_9142025_06.qgd,,NA,C:/GCMSsolution/Data/Project1/Campbell RMBL Data/Drought-net 2025/JB_071124_134-24_9142025_06.qgd,707f66c3-54fe-4cf0-a214-927b83e69763,1
1334,2025-09-14T15:00:09Z,2025-09-15T01:31:26Z,2025-09-15T01:36:19Z,2025-09-15T01:31:26Z,Desorbed NA,8,7,7,7,0,293,2109,,JB_073025_31-25_redo_9142025_07.qgd,,NA,C:/GCMSsolution/Data/Project1/Campbell RMBL Data/Drought-net 2025/JB_073025_31-25_redo_9142025_07.qgd,707f66c3-54fe-4cf0-a214-927b83e69763,1
1335,2025-09-14T15:00:09Z,2025-09-15T02:06:44Z,2025-09-15T02:11:38Z,2025-09-15T02:06:44Z,Desorbed NA,9,8,8,8,0,294,2118,,JB_071124_104-24_9142025_08.qgd,,NA,C:/GCMSsolution/Data/Project1/Campbell RMBL Data/Drought-net 2025/JB_071124_104-24_9142025_08.qgd,707f66c3-54fe-4cf0-a214-927b83e69763,1
1336,2025-09-14T15:00:09Z,2025-09-15T02:42:00Z,2025-09-15T02:46:47Z,2025-09-15T02:42:00Z,Desorbed NA,10,9,9,9,0,287,2116,,JB_071124_61-24_9142025_09.qgd,,NA,C:/GCMSsolution/Data/Project1/Campbell RMBL Data/Drought-net 2025/JB_071124_61-24_9142025_09.qgd,707f66c3-54fe-4cf0-a214-927b83e69763,1
1337,2025-09-14T15:00:09Z,2025-09-15T03:17:55Z,2025-09-15T03:21:45Z,2025-09-15T03:17:55Z,Desorbed NA,11,10,10,10,0,230,2155,,JB_071124_132-24_9142025_10.qgd,,NA,C:/GCMSsolution/Data/Project1/Campbell RMBL Data/Drought-net 2025/JB_071124_132-24_9142025_10.qgd,707f66c3-54fe-4cf0-a214-927b83e69763,1
1338,2025-09-14T15:00:09Z,2025-09-15T03:51:54Z,2025-09-15T03:56:48Z,2025-09-15T03:51:54Z,Desorbed NA,12,11,11,11,0,294,2039,,JB_071124_50-24_9142025_11.qgd,,NA,C:/GCMSsolution/Data/Project1/Campbell RMBL Data/Drought-net 2025/JB_071124_50-24_9142025_11.qgd,707f66c3-54fe-4cf0-a214-927b83e69763,1
1339,2025-09-14T15:00:09Z,2025-09-15T04:27:07Z,2025-09-15T04:31:51Z,2025-09-15T04:27:07Z,Desorbed NA,13,12,12,12,0,284,2113,,JB_071124_53-24_9142025_12.qgd,,NA,C:/GCMSsolution/Data/Project1/Campbell RMBL Data/Drought-net 2025/JB_071124_53-24_9142025_12.qgd,707f66c3-54fe-4cf0-a214-927b83e69763,1
1340,2025-09-14T15:00:09Z,2025-09-15T05:02:10Z,2025-09-15T05:06:59Z,2025-09-15T05:02:10Z,Desorbed NA,14,13,13,13,0,289,2103,,JB_071124_131-24_9142025_13.qgd,,NA,C:/GCMSsolution/Data/Project1/Campbell RMBL Data/Drought-net 2025/JB_071124_131-24_9142025_13.qgd,707f66c3-54fe-4cf0-a214-927b83e69763,1
1341,2025-09-14T15:00:09Z,2025-09-15T05:37:09Z,2025-09-15T05:42:02Z,2025-09-15T05:37:09Z,Desorbed NA,15,14,14,14,0,293,2099,,JB_071124_128-24_9142025_14.qgd,,NA,C:/GCMSsolution/Data/Project1/Campbell RMBL Data/Drought-net 2025/JB_071124_128-24_9142025_14.qgd,707f66c3-54fe-4cf0-a214-927b83e69763,1
1342,2025-09-14T15:00:09Z,2025-09-15T06:12:17Z,2025-09-15T06:17:13Z,2025-09-15T06:12:17Z,Desorbed NA,16,15,15,15,0,296,2108,,JB_071124_52-24_9142025_15.qgd,,NA,C:/GCMSsolution/Data/Project1/Campbell RMBL Data/Drought-net 2025/JB_071124_52-24_9142025_15.qgd,707f66c3-54fe-4cf0-a214-927b83e69763,1
1343,2025-09-14T15:00:09Z,2025-09-15T06:47:34Z,2025-09-15T06:52:28Z,2025-09-15T06:47:34Z,Desorbed NA,17,16,16,16,0,294,2117,,JB_071124_102-24_9142025_16.qgd,,NA,C:/GCMSsolution/Data/Project1/Campbell RMBL Data/Drought-net 2025/JB_071124_102-24_9142025_16.qgd,707f66c3-54fe-4cf0-a214-927b83e69763,1
1344,2025-09-14T15:00:09Z,2025-09-15T07:22:56Z,2025-09-15T07:27:45Z,2025-09-15T07:22:56Z,Desorbed NA,18,17,17,17,0,289,2122,,JB_071124_126-24_9142025_17.qgd,,NA,C:/GCMSsolution/Data/Project1/Campbell RMBL Data/Drought-net 2025/JB_071124_126-24_9142025_17.qgd,707f66c3-54fe-4cf0-a214-927b83e69763,1
1345,2025-09-14T15:00:09Z,2025-09-15T07:58:12Z,2025-09-15T08:03:03Z,2025-09-15T07:58:12Z,Desorbed NA,19,18,18,18,0,291,2116,,JB_071124_127-24_9142025_18.qgd,,NA,C:/GCMSsolution/Data/Project1/Campbell RMBL Data/Drought-net 2025/JB_071124_127-24_9142025_18.qgd,707f66c3-54fe-4cf0-a214-927b83e69763,1
1346,2025-09-14T15:00:09Z,2025-09-15T08:33:10Z,2025-09-15T08:37:57Z,2025-09-15T08:33:10Z,Desorbed NA,20,19,19,19,0,287,2098,,JB_071124_138-24_9142025_19.qgd,,NA,C:/GCMSsolution/Data/Project1/Campbell RMBL Data/Drought-net 2025/JB_071124_138-24_9142025_19.qgd,707f66c3-54fe-4cf0-a214-927b83e69763,1
1347,2025-09-14T15:00:09Z,2025-09-15T09:08:52Z,2025-09-15T09:12:51Z,2025-09-15T09:08:52Z,Desorbed NA,21,20,20,20,0,239,2142,,JB_071124_139-24_9142025_20.qgd,,NA,C:/GCMSsolution/Data/Project1/Campbell RMBL Data/Drought-net 2025/JB_071124_139-24_9142025_20.qgd,707f66c3-54fe-4cf0-a214-927b83e69763,1
1348,2025-09-14T15:00:09Z,2025-09-15T09:42:54Z,2025-09-15T09:47:41Z,2025-09-15T09:42:54Z,Desorbed NA,22,21,21,21,0,287,2042,,JB_071124_57-24_9142025_21.qgd,,NA,C:/GCMSsolution/Data/Project1/Campbell RMBL Data/Drought-net 2025/JB_071124_57-24_9142025_21.qgd,707f66c3-54fe-4cf0-a214-927b83e69763,1
1349,2025-09-14T15:00:09Z,2025-09-15T10:17:45Z,2025-09-15T10:22:40Z,2025-09-15T10:17:45Z,Desorbed NA,23,22,22,22,0,295,2091,,JB_071124_59-24_9142025_22.qgd,,NA,C:/GCMSsolution/Data/Project1/Campbell RMBL Data/Drought-net 2025/JB_071124_59-24_9142025_22.qgd,707f66c3-54fe-4cf0-a214-927b83e69763,1
1350,2025-09-14T15:00:09Z,2025-09-15T10:52:41Z,2025-09-15T10:57:34Z,2025-09-15T10:52:41Z,Desorbed NA,24,23,23,23,0,293,2096,,JB_071124_130-24_9142025_23.qgd,,NA,C:/GCMSsolution/Data/Project1/Campbell RMBL Data/Drought-net 2025/JB_071124_130-24_9142025_23.qgd,707f66c3-54fe-4cf0-a214-927b83e69763,1
1351,2025-09-14T15:00:09Z,2025-09-15T11:27:41Z,2025-09-15T11:32:33Z,2025-09-15T11:27:41Z,Desorbed NA,25,24,24,24,0,292,2100,,JB_071124_135-24_9142025_24.qgd,,NA,C:/GCMSsolution/Data/Project1/Campbell RMBL Data/Drought-net 2025/JB_071124_135-24_9142025_24.qgd,707f66c3-54fe-4cf0-a214-927b83e69763,1
1352,2025-09-14T15:00:09Z,2025-09-15T12:02:42Z,2025-09-15T12:07:37Z,2025-09-15T12:02:42Z,Desorbed NA,26,25,25,25,0,295,2101,,JB_071124_133-24_9142025_25.qgd,,NA,C:/GCMSsolution/Data/Project1/Campbell RMBL Data/Drought-net 2025/JB_071124_133-24_9142025_25.qgd,707f66c3-54fe-4cf0-a214-927b83e69763,1
1353,2025-09-14T15:00:09Z,2025-09-15T12:38:03Z,2025-09-15T12:42:57Z,2025-09-15T12:38:03Z,Desorbed NA,27,26,26,26,0,294,2121,,JB_071124_134-24_9142025_26.qgd,,NA,C:/GCMSsolution/Data/Project1/Campbell RMBL Data/Drought-net 2025/JB_071124_134-24_9142025_26.qgd,707f66c3-54fe-4cf0-a214-927b83e69763,1
1354,2025-09-14T15:00:09Z,2025-09-15T13:13:19Z,2025-09-15T13:18:04Z,2025-09-15T13:13:19Z,Desorbed NA,28,27,27,27,0,285,2116,,JB_071124_54-24_9142025_27.qgd,,NA,C:/GCMSsolution/Data/Project1/Campbell RMBL Data/Drought-net 2025/JB_071124_54-24_9142025_27.qgd,707f66c3-54fe-4cf0-a214-927b83e69763,1
1355,2025-09-14T15:00:09Z,2025-09-15T13:48:21Z,2025-09-15T13:53:17Z,2025-09-15T13:48:21Z,Desorbed NA,29,28,28,28,0,296,2102,,JB_071124_137-24_9142025_28.qgd,,NA,C:/GCMSsolution/Data/Project1/Campbell RMBL Data/Drought-net 2025/JB_071124_137-24_9142025_28.qgd,707f66c3-54fe-4cf0-a214-927b83e69763,1
1356,2025-09-14T15:00:09Z,2025-09-15T14:23:26Z,2025-09-15T14:28:17Z,2025-09-15T14:23:26Z,Desorbed NA,30,29,29,29,0,291,2105,,JB_071124_142-24_9142025_29.qgd,,NA,C:/GCMSsolution/Data/Project1/Campbell RMBL Data/Drought-net 2025/JB_071124_142-24_9142025_29.qgd,707f66c3-54fe-4cf0-a214-927b83e69763,1
1357,2025-09-15T12:37:01Z,2025-09-15T19:41:43Z,2025-09-15T19:36:01Z,2025-09-15T19:36:01Z,Desorbed NA,1,1,1,1,0,342,19097,,blank_9152025_01.qgd,,NA,C:/GCMSsolution/Data/Project1/Campbell RMBL Data/Drought-net 2025/blank_9152025_01.qgd,d691131a-894e-42d3-bf19-d44b3f73cd80,1
1358,2025-09-15T12:37:01Z,2025-09-15T20:12:11Z,2025-09-15T20:17:10Z,2025-09-15T20:12:11Z,Desorbed NA,3,2,2,2,0,299,1828,,JB_071124_107-24_9152025_02.qgd,,NA,C:/GCMSsolution/Data/Project1/Campbell RMBL Data/Drought-net 2025/JB_071124_107-24_9152025_02.qgd,d691131a-894e-42d3-bf19-d44b3f73cd80,1
1359,2025-09-15T12:37:01Z,2025-09-15T20:47:40Z,2025-09-15T20:52:26Z,2025-09-15T20:47:40Z,Desorbed NA,4,3,3,3,0,286,2129,,JB_071124_140-24_9152025_03.qgd,,NA,C:/GCMSsolution/Data/Project1/Campbell RMBL Data/Drought-net 2025/JB_071124_140-24_9152025_03.qgd,d691131a-894e-42d3-bf19-d44b3f73cd80,1
1360,2025-09-15T12:37:01Z,2025-09-15T21:23:03Z,2025-09-15T21:27:55Z,2025-09-15T21:23:03Z,Desorbed NA,5,4,4,4,0,292,2123,,JB_071124_103-24_9152025_04.qgd,,NA,C:/GCMSsolution/Data/Project1/Campbell RMBL Data/Drought-net 2025/JB_071124_103-24_9152025_04.qgd,d691131a-894e-42d3-bf19-d44b3f73cd80,1
1361,2025-09-15T12:37:01Z,2025-09-15T21:58:34Z,2025-09-15T22:03:33Z,2025-09-15T21:58:34Z,Desorbed NA,6,5,5,5,0,299,2131,,JB_071124_129-24_9152025_05.qgd,,NA,C:/GCMSsolution/Data/Project1/Campbell RMBL Data/Drought-net 2025/JB_071124_129-24_9152025_05.qgd,d691131a-894e-42d3-bf19-d44b3f73cd80,1
1362,2025-09-15T12:37:01Z,2025-09-15T22:34:09Z,2025-09-15T22:39:02Z,2025-09-15T22:34:09Z,Desorbed NA,7,6,6,6,0,293,2135,,JB_071124_115-24_9152025_06.qgd,,NA,C:/GCMSsolution/Data/Project1/Campbell RMBL Data/Drought-net 2025/JB_071124_115-24_9152025_06.qgd,d691131a-894e-42d3-bf19-d44b3f73cd80,1
1363,2025-09-15T12:37:01Z,2025-09-15T23:09:47Z,2025-09-15T23:14:38Z,2025-09-15T23:09:47Z,Desorbed NA,8,7,7,7,0,291,2138,,JB_071124_151-24_9152025_07.qgd,,NA,C:/GCMSsolution/Data/Project1/Campbell RMBL Data/Drought-net 2025/JB_071124_151-24_9152025_07.qgd,d691131a-894e-42d3-bf19-d44b3f73cd80,1
1364,2025-09-15T12:37:01Z,2025-09-15T23:45:20Z,2025-09-15T23:50:14Z,2025-09-15T23:45:20Z,Desorbed NA,9,8,8,8,0,294,2133,,JB_071124_124-24_9152025_08.qgd,,NA,C:/GCMSsolution/Data/Project1/Campbell RMBL Data/Drought-net 2025/JB_071124_124-24_9152025_08.qgd,d691131a-894e-42d3-bf19-d44b3f73cd80,1
1365,2025-09-15T12:37:01Z,2025-09-16T00:21:04Z,2025-09-16T00:25:59Z,2025-09-16T00:21:04Z,Desorbed NA,10,9,9,9,0,295,2144,,JB_071124_121-24_9152025_09.qgd,,NA,C:/GCMSsolution/Data/Project1/Campbell RMBL Data/Drought-net 2025/JB_071124_121-24_9152025_09.qgd,d691131a-894e-42d3-bf19-d44b3f73cd80,1
1366,2025-09-15T12:37:01Z,2025-09-16T00:57:44Z,2025-09-16T01:01:48Z,2025-09-16T00:57:44Z,Desorbed NA,11,10,10,10,0,244,2200,,JB_071124_110-24_9152025_10.qgd,,NA,C:/GCMSsolution/Data/Project1/Campbell RMBL Data/Drought-net 2025/JB_071124_110-24_9152025_10.qgd,d691131a-894e-42d3-bf19-d44b3f73cd80,1
1367,2025-09-15T12:37:01Z,2025-09-16T01:32:35Z,2025-09-16T01:37:17Z,2025-09-16T01:32:35Z,Desorbed NA,12,11,11,11,0,282,2091,,JB_071124_112-24_9152025_11.qgd,,NA,C:/GCMSsolution/Data/Project1/Campbell RMBL Data/Drought-net 2025/JB_071124_112-24_9152025_11.qgd,d691131a-894e-42d3-bf19-d44b3f73cd80,1
1368,2025-09-15T12:37:01Z,2025-09-16T02:08:02Z,2025-09-16T02:12:55Z,2025-09-16T02:08:02Z,Desorbed NA,13,12,12,12,0,293,2127,,JB_071124_111-24_9152025_12.qgd,,NA,C:/GCMSsolution/Data/Project1/Campbell RMBL Data/Drought-net 2025/JB_071124_111-24_9152025_12.qgd,d691131a-894e-42d3-bf19-d44b3f73cd80,1
1369,2025-09-15T12:37:01Z,2025-09-16T02:43:29Z,2025-09-16T02:48:15Z,2025-09-16T02:43:29Z,NA Leak Test Pressurise Failed,14,13,13,13,0,286,2127,leak-blank,JB_071124_114-24_9152025_13.qgd,,NA,C:/GCMSsolution/Data/Project1/Campbell RMBL Data/Drought-net 2025/JB_071124_114-24_9152025_13.qgd,d691131a-894e-42d3-bf19-d44b3f73cd80,1
1370,2025-09-15T12:37:01Z,2025-09-16T03:18:56Z,2025-09-16T03:23:10Z,2025-09-16T03:18:56Z,Desorbed NA,15,14,14,14,0,254,2127,,JB_071124_122-24_9152025_14.qgd,,NA,C:/GCMSsolution/Data/Project1/Campbell RMBL Data/Drought-net 2025/JB_071124_122-24_9152025_14.qgd,d691131a-894e-42d3-bf19-d44b3f73cd80,1
1371,2025-09-15T12:37:01Z,2025-09-16T03:53:41Z,2025-09-16T03:58:30Z,2025-09-16T03:53:41Z,Desorbed NA,16,15,15,15,0,289,2085,,JB_071124_109-24_9152025_15.qgd,,NA,C:/GCMSsolution/Data/Project1/Campbell RMBL Data/Drought-net 2025/JB_071124_109-24_9152025_15.qgd,d691131a-894e-42d3-bf19-d44b3f73cd80,1
1372,2025-09-15T12:37:01Z,2025-09-16T04:28:48Z,2025-09-16T04:33:41Z,2025-09-16T04:28:48Z,Desorbed NA,17,16,16,16,0,293,2107,,JB_071124_119-24_9152025_16.qgd,,NA,C:/GCMSsolution/Data/Project1/Campbell RMBL Data/Drought-net 2025/JB_071124_119-24_9152025_16.qgd,d691131a-894e-42d3-bf19-d44b3f73cd80,1
1373,2025-09-15T12:37:01Z,2025-09-16T05:03:55Z,2025-09-16T05:08:48Z,2025-09-16T05:03:55Z,Desorbed NA,18,17,17,17,0,293,2107,,JB_071124_118-24_9152025_17.qgd,,NA,C:/GCMSsolution/Data/Project1/Campbell RMBL Data/Drought-net 2025/JB_071124_118-24_9152025_17.qgd,d691131a-894e-42d3-bf19-d44b3f73cd80,1
1374,2025-09-15T12:37:01Z,2025-09-16T05:38:57Z,2025-09-16T05:43:41Z,2025-09-16T05:38:57Z,Desorbed NA,19,18,18,18,0,284,2102,,JB_071124_108-24_9152025_18.qgd,,NA,C:/GCMSsolution/Data/Project1/Campbell RMBL Data/Drought-net 2025/JB_071124_108-24_9152025_18.qgd,d691131a-894e-42d3-bf19-d44b3f73cd80,1
1375,2025-09-15T12:37:01Z,2025-09-16T06:13:45Z,2025-09-16T06:18:31Z,2025-09-16T06:13:45Z,Desorbed NA,20,19,19,19,0,286,2088,,JB_071124_116-24_9152025_19.qgd,,NA,C:/GCMSsolution/Data/Project1/Campbell RMBL Data/Drought-net 2025/JB_071124_116-24_9152025_19.qgd,d691131a-894e-42d3-bf19-d44b3f73cd80,1
1376,2025-09-15T12:37:01Z,2025-09-16T06:49:34Z,2025-09-16T06:53:30Z,2025-09-16T06:49:34Z,Desorbed NA,21,20,20,20,0,236,2149,,JB_071124_117-24_9152025_20.qgd,,NA,C:/GCMSsolution/Data/Project1/Campbell RMBL Data/Drought-net 2025/JB_071124_117-24_9152025_20.qgd,d691131a-894e-42d3-bf19-d44b3f73cd80,1
1377,2025-09-15T12:37:01Z,2025-09-16T07:23:26Z,2025-09-16T07:28:21Z,2025-09-16T07:23:26Z,Desorbed NA,22,21,21,21,0,295,2032,,JB_071124_120-24_9152025_21.qgd,,NA,C:/GCMSsolution/Data/Project1/Campbell RMBL Data/Drought-net 2025/JB_071124_120-24_9152025_21.qgd,d691131a-894e-42d3-bf19-d44b3f73cd80,1
1378,2025-09-15T12:37:01Z,2025-09-16T07:58:12Z,2025-09-16T08:03:08Z,2025-09-16T07:58:12Z,Desorbed NA,23,22,22,22,0,296,2086,,JB_071124_123-24_9152025_22.qgd,,NA,C:/GCMSsolution/Data/Project1/Campbell RMBL Data/Drought-net 2025/JB_071124_123-24_9152025_22.qgd,d691131a-894e-42d3-bf19-d44b3f73cd80,1
1379,2025-09-15T12:37:01Z,2025-09-16T08:33:19Z,2025-09-16T08:38:14Z,2025-09-16T08:33:19Z,Desorbed NA,24,23,23,23,0,295,2107,,JB_071124_113-24_9152025_23.qgd,,NA,C:/GCMSsolution/Data/Project1/Campbell RMBL Data/Drought-net 2025/JB_071124_113-24_9152025_23.qgd,d691131a-894e-42d3-bf19-d44b3f73cd80,1
1380,2025-09-15T12:37:01Z,2025-09-16T09:08:22Z,2025-09-16T09:13:14Z,2025-09-16T09:08:22Z,Desorbed NA,25,24,24,24,0,292,2103,,JB_071124_125-24_9152025_24.qgd,,NA,C:/GCMSsolution/Data/Project1/Campbell RMBL Data/Drought-net 2025/JB_071124_125-24_9152025_24.qgd,d691131a-894e-42d3-bf19-d44b3f73cd80,1
1381,2025-09-15T12:37:01Z,2025-09-16T09:43:23Z,2025-09-16T09:48:14Z,2025-09-16T09:43:23Z,Desorbed NA,26,25,25,25,0,291,2101,,JB_071124_62-24_9152025_25.qgd,,NA,C:/GCMSsolution/Data/Project1/Campbell RMBL Data/Drought-net 2025/JB_071124_62-24_9152025_25.qgd,d691131a-894e-42d3-bf19-d44b3f73cd80,1
1382,2025-09-15T12:37:01Z,2025-09-16T10:18:21Z,2025-09-16T10:23:14Z,2025-09-16T10:18:21Z,Desorbed NA,27,26,26,26,0,293,2098,,JB_071124_63-24_9152025_26.qgd,,NA,C:/GCMSsolution/Data/Project1/Campbell RMBL Data/Drought-net 2025/JB_071124_63-24_9152025_26.qgd,d691131a-894e-42d3-bf19-d44b3f73cd80,1
1383,2025-09-15T12:37:01Z,2025-09-16T10:53:20Z,2025-09-16T10:58:13Z,2025-09-16T10:53:20Z,Desorbed NA,28,27,27,27,0,293,2099,,JB_071124_74-24_9152025_27.qgd,,NA,C:/GCMSsolution/Data/Project1/Campbell RMBL Data/Drought-net 2025/JB_071124_74-24_9152025_27.qgd,d691131a-894e-42d3-bf19-d44b3f73cd80,1
1384,2025-09-15T12:37:01Z,2025-09-16T11:28:30Z,2025-09-16T11:33:15Z,2025-09-16T11:28:30Z,Desorbed NA,29,28,28,28,0,285,2110,,JB_071124_75-24_9152025_28.qgd,,NA,C:/GCMSsolution/Data/Project1/Campbell RMBL Data/Drought-net 2025/JB_071124_75-24_9152025_28.qgd,d691131a-894e-42d3-bf19-d44b3f73cd80,1
1385,2025-09-15T12:37:01Z,2025-09-16T12:03:35Z,2025-09-16T12:08:27Z,2025-09-16T12:03:35Z,Desorbed NA,30,29,29,29,0,292,2105,,JB_071124_80-24_9152025_29.qgd,,NA,C:/GCMSsolution/Data/Project1/Campbell RMBL Data/Drought-net 2025/JB_071124_80-24_9152025_29.qgd,d691131a-894e-42d3-bf19-d44b3f73cd80,1
1386,2025-09-16T09:13:45Z,2025-09-16T16:18:29Z,2025-09-16T16:12:29Z,2025-09-16T16:12:29Z,Desorbed NA,1,1,1,1,0,360,15294,,blank_9162025_01.qgd,,NA,C:/GCMSsolution/Data/Project1/Campbell RMBL Data/Drought-net 2025/blank_9162025_01.qgd,e27d9807-f56b-4bf3-8087-398afcddf371,1
1387,2025-09-16T09:13:45Z,2025-09-16T16:49:03Z,2025-09-16T16:53:51Z,2025-09-16T16:49:03Z,Desorbed NA,3,2,2,2,0,288,1834,,JB_071124_78-24_9162025_02.qgd,,NA,C:/GCMSsolution/Data/Project1/Campbell RMBL Data/Drought-net 2025/JB_071124_78-24_9162025_02.qgd,e27d9807-f56b-4bf3-8087-398afcddf371,1
1388,2025-09-16T09:13:45Z,2025-09-16T17:23:52Z,2025-09-16T17:28:36Z,2025-09-16T17:23:52Z,Desorbed NA,4,3,3,3,0,284,2089,,JB_071124_77-24_9162025_03.qgd,,NA,C:/GCMSsolution/Data/Project1/Campbell RMBL Data/Drought-net 2025/JB_071124_77-24_9162025_03.qgd,e27d9807-f56b-4bf3-8087-398afcddf371,1
1389,2025-09-16T09:13:45Z,2025-09-16T17:58:51Z,2025-09-16T18:03:43Z,2025-09-16T17:58:51Z,Desorbed NA,5,4,4,4,0,292,2099,,JB_071124_76-24_9162025_04.qgd,,NA,C:/GCMSsolution/Data/Project1/Campbell RMBL Data/Drought-net 2025/JB_071124_76-24_9162025_04.qgd,e27d9807-f56b-4bf3-8087-398afcddf371,1
1390,2025-09-16T09:13:45Z,2025-09-16T18:34:10Z,2025-09-16T18:39:03Z,2025-09-16T18:34:10Z,Desorbed NA,6,5,5,5,0,293,2119,,JB_071124_160-24_9162025_05.qgd,,NA,C:/GCMSsolution/Data/Project1/Campbell RMBL Data/Drought-net 2025/JB_071124_160-24_9162025_05.qgd,e27d9807-f56b-4bf3-8087-398afcddf371,1
1391,2025-09-16T09:13:45Z,2025-09-16T19:09:38Z,2025-09-16T19:14:26Z,2025-09-16T19:09:38Z,Desorbed NA,7,6,6,6,0,288,2128,,JB_071124_161-24_9162025_06.qgd,,NA,C:/GCMSsolution/Data/Project1/Campbell RMBL Data/Drought-net 2025/JB_071124_161-24_9162025_06.qgd,e27d9807-f56b-4bf3-8087-398afcddf371,1
1392,2025-09-16T09:13:45Z,2025-09-16T19:44:55Z,2025-09-16T19:49:50Z,2025-09-16T19:44:55Z,Desorbed NA,8,7,7,7,0,295,2117,,JB_071124_169-24_9162025_07.qgd,,NA,C:/GCMSsolution/Data/Project1/Campbell RMBL Data/Drought-net 2025/JB_071124_169-24_9162025_07.qgd,e27d9807-f56b-4bf3-8087-398afcddf371,1
1393,2025-09-16T09:13:45Z,2025-09-16T20:20:07Z,2025-09-16T20:25:02Z,2025-09-16T20:20:07Z,Desorbed NA,9,8,8,8,0,295,2112,,JB_071124_144-24_9162025_08.qgd,,NA,C:/GCMSsolution/Data/Project1/Campbell RMBL Data/Drought-net 2025/JB_071124_144-24_9162025_08.qgd,e27d9807-f56b-4bf3-8087-398afcddf371,1
1394,2025-09-16T09:13:45Z,2025-09-16T20:55:20Z,2025-09-16T21:00:07Z,2025-09-16T20:55:20Z,Desorbed NA,10,9,9,9,0,287,2113,,JB_071124_73-24_9162025_09.qgd,,NA,C:/GCMSsolution/Data/Project1/Campbell RMBL Data/Drought-net 2025/JB_071124_73-24_9162025_09.qgd,e27d9807-f56b-4bf3-8087-398afcddf371,1
1395,2025-09-16T09:13:45Z,2025-09-16T21:31:18Z,2025-09-16T21:35:18Z,2025-09-16T21:31:18Z,Desorbed NA,11,10,10,10,0,240,2158,,JB_071124_167-24_9162025_10.qgd,,NA,C:/GCMSsolution/Data/Project1/Campbell RMBL Data/Drought-net 2025/JB_071124_167-24_9162025_10.qgd,e27d9807-f56b-4bf3-8087-398afcddf371,1
1396,2025-09-16T09:13:45Z,2025-09-16T22:05:37Z,2025-09-16T22:10:30Z,2025-09-16T22:05:37Z,Desorbed NA,12,11,11,11,0,293,2059,,JB_071124_68-24_9162025_11.qgd,,NA,C:/GCMSsolution/Data/Project1/Campbell RMBL Data/Drought-net 2025/JB_071124_68-24_9162025_11.qgd,e27d9807-f56b-4bf3-8087-398afcddf371,1
1397,2025-09-16T09:13:45Z,2025-09-16T22:40:58Z,2025-09-16T22:45:55Z,2025-09-16T22:40:58Z,Desorbed NA,13,12,12,12,0,297,2121,,JB_071124_145-24_9162025_12.qgd,,NA,C:/GCMSsolution/Data/Project1/Campbell RMBL Data/Drought-net 2025/JB_071124_145-24_9162025_12.qgd,e27d9807-f56b-4bf3-8087-398afcddf371,1
1398,2025-09-16T09:13:45Z,2025-09-16T23:16:47Z,2025-09-16T23:21:32Z,2025-09-16T23:16:47Z,Desorbed NA,14,13,13,13,0,285,2149,,JB_071124_114-24_redo_9162025_13.qgd,,NA,C:/GCMSsolution/Data/Project1/Campbell RMBL Data/Drought-net 2025/JB_071124_114-24_redo_9162025_13.qgd,e27d9807-f56b-4bf3-8087-398afcddf371,1
1399,2025-09-16T09:13:45Z,2025-09-16T23:52:15Z,2025-09-16T23:57:09Z,2025-09-16T23:52:15Z,Desorbed NA,15,14,14,14,0,294,2128,,JB_071124_69-24_9162025_14.qgd,,NA,C:/GCMSsolution/Data/Project1/Campbell RMBL Data/Drought-net 2025/JB_071124_69-24_9162025_14.qgd,e27d9807-f56b-4bf3-8087-398afcddf371,1
1400,2025-09-16T09:13:45Z,2025-09-17T00:27:52Z,2025-09-17T00:32:49Z,2025-09-17T00:27:52Z,Desorbed NA,16,15,15,15,0,297,2137,,JB_071124_141-24_9162025_15.qgd,,NA,C:/GCMSsolution/Data/Project1/Campbell RMBL Data/Drought-net 2025/JB_071124_141-24_9162025_15.qgd,e27d9807-f56b-4bf3-8087-398afcddf371,1
1401,2025-09-16T09:13:45Z,2025-09-17T01:03:32Z,2025-09-17T01:08:26Z,2025-09-17T01:03:32Z,Desorbed NA,17,16,16,16,0,294,2140,,JB_071124_66-24_9162025_16.qgd,,NA,C:/GCMSsolution/Data/Project1/Campbell RMBL Data/Drought-net 2025/JB_071124_66-24_9162025_16.qgd,e27d9807-f56b-4bf3-8087-398afcddf371,1
1402,2025-09-16T09:13:45Z,2025-09-17T01:39:04Z,2025-09-17T01:43:54Z,2025-09-17T01:39:04Z,Desorbed NA,18,17,17,17,0,290,2132,,JB_071124_168-24_9162025_17.qgd,,NA,C:/GCMSsolution/Data/Project1/Campbell RMBL Data/Drought-net 2025/JB_071124_168-24_9162025_17.qgd,e27d9807-f56b-4bf3-8087-398afcddf371,1
1403,2025-09-16T09:13:45Z,2025-09-17T02:14:30Z,2025-09-17T02:19:23Z,2025-09-17T02:14:30Z,Desorbed NA,19,18,18,18,0,293,2126,,JB_071124_67-24_9162025_18.qgd,,NA,C:/GCMSsolution/Data/Project1/Campbell RMBL Data/Drought-net 2025/JB_071124_67-24_9162025_18.qgd,e27d9807-f56b-4bf3-8087-398afcddf371,1
1404,2025-09-16T09:13:45Z,2025-09-17T02:49:57Z,2025-09-17T02:54:47Z,2025-09-17T02:49:57Z,Desorbed NA,20,19,19,19,0,290,2127,,JB_071124_71-24_9162025_19.qgd,,NA,C:/GCMSsolution/Data/Project1/Campbell RMBL Data/Drought-net 2025/JB_071124_71-24_9162025_19.qgd,e27d9807-f56b-4bf3-8087-398afcddf371,1
1405,2025-09-16T09:13:45Z,2025-09-17T03:26:15Z,2025-09-17T03:30:15Z,2025-09-17T03:26:15Z,Desorbed NA,21,20,20,20,0,240,2178,,JB_071124_173-24_9162025_20.qgd,,NA,C:/GCMSsolution/Data/Project1/Campbell RMBL Data/Drought-net 2025/JB_071124_173-24_9162025_20.qgd,e27d9807-f56b-4bf3-8087-398afcddf371,1
1406,2025-09-16T09:13:45Z,2025-09-17T04:00:49Z,2025-09-17T04:05:44Z,2025-09-17T04:00:49Z,Desorbed NA,22,21,21,21,0,295,2074,,JB_071124_143-24_9162025_21.qgd,,NA,C:/GCMSsolution/Data/Project1/Campbell RMBL Data/Drought-net 2025/JB_071124_143-24_9162025_21.qgd,e27d9807-f56b-4bf3-8087-398afcddf371,1
1407,2025-09-16T09:13:45Z,2025-09-17T04:36:14Z,2025-09-17T04:41:00Z,2025-09-17T04:36:14Z,Desorbed NA,23,22,22,22,0,286,2125,,JB_071124_64-24_9162025_22.qgd,,NA,C:/GCMSsolution/Data/Project1/Campbell RMBL Data/Drought-net 2025/JB_071124_64-24_9162025_22.qgd,e27d9807-f56b-4bf3-8087-398afcddf371,1
1408,2025-09-16T09:13:45Z,2025-09-17T05:11:40Z,2025-09-17T05:16:33Z,2025-09-17T05:11:40Z,Desorbed NA,24,23,23,23,0,293,2126,,JB_071124_166-24_9162025_23.qgd,,NA,C:/GCMSsolution/Data/Project1/Campbell RMBL Data/Drought-net 2025/JB_071124_166-24_9162025_23.qgd,e27d9807-f56b-4bf3-8087-398afcddf371,1
1409,2025-09-16T09:13:45Z,2025-09-17T05:47:21Z,2025-09-17T05:52:15Z,2025-09-17T05:47:21Z,Desorbed NA,25,24,24,24,0,294,2141,,JB_071124_70-24_9162025_24.qgd,,NA,C:/GCMSsolution/Data/Project1/Campbell RMBL Data/Drought-net 2025/JB_071124_70-24_9162025_24.qgd,e27d9807-f56b-4bf3-8087-398afcddf371,1
1410,2025-09-16T09:13:45Z,2025-09-17T06:22:47Z,2025-09-17T06:27:35Z,2025-09-17T06:22:47Z,Desorbed NA,26,25,25,25,0,288,2126,,JB_071124_175-24_9162025_25.qgd,,NA,C:/GCMSsolution/Data/Project1/Campbell RMBL Data/Drought-net 2025/JB_071124_175-24_9162025_25.qgd,e27d9807-f56b-4bf3-8087-398afcddf371,1
1411,2025-09-16T09:13:45Z,2025-09-17T06:58:14Z,2025-09-17T07:03:08Z,2025-09-17T06:58:14Z,Desorbed NA,27,26,26,26,0,294,2127,,JB_071124_72-24_9162025_26.qgd,,NA,C:/GCMSsolution/Data/Project1/Campbell RMBL Data/Drought-net 2025/JB_071124_72-24_9162025_26.qgd,e27d9807-f56b-4bf3-8087-398afcddf371,1
1412,2025-09-16T09:13:45Z,2025-09-17T07:34:00Z,2025-09-17T07:38:55Z,2025-09-17T07:34:00Z,Desorbed NA,28,27,27,27,0,295,2146,,JB_071124_184-24_9162025_27.qgd,,NA,C:/GCMSsolution/Data/Project1/Campbell RMBL Data/Drought-net 2025/JB_071124_184-24_9162025_27.qgd,e27d9807-f56b-4bf3-8087-398afcddf371,1
1413,2025-09-16T09:13:45Z,2025-09-17T08:09:31Z,2025-09-17T08:14:29Z,2025-09-17T08:09:31Z,Desorbed NA,29,28,28,28,0,298,2131,,JB_071124_187-24_9162025_28.qgd,,NA,C:/GCMSsolution/Data/Project1/Campbell RMBL Data/Drought-net 2025/JB_071124_187-24_9162025_28.qgd,e27d9807-f56b-4bf3-8087-398afcddf371,1
1414,2025-09-16T09:13:45Z,2025-09-17T08:45:09Z,2025-09-17T08:50:01Z,2025-09-17T08:45:09Z,Desorbed NA,30,29,29,29,0,292,2138,,JB_071124_153-24_9162025_29.qgd,,NA,C:/GCMSsolution/Data/Project1/Campbell RMBL Data/Drought-net 2025/JB_071124_153-24_9162025_29.qgd,e27d9807-f56b-4bf3-8087-398afcddf371,1
1415,2025-09-17T12:07:06Z,2025-09-17T19:11:47Z,2025-09-17T19:05:19Z,2025-09-17T19:05:19Z,Desorbed NA,1,1,1,1,0,388,37598,,blank_9172025_01.qgd,,NA,C:/GCMSsolution/Data/Project1/Campbell RMBL Data/Drought-net 2025/blank_9172025_01.qgd,48826aa0-e1f7-46b8-8d75-6ff95c048dbf,1
1416,2025-09-17T12:07:06Z,2025-09-17T19:42:15Z,2025-09-17T19:47:06Z,2025-09-17T19:42:15Z,Desorbed NA,3,2,2,2,0,291,1828,,JB_071124_148-24_9172025_02.qgd,,NA,C:/GCMSsolution/Data/Project1/Campbell RMBL Data/Drought-net 2025/JB_071124_148-24_9172025_02.qgd,48826aa0-e1f7-46b8-8d75-6ff95c048dbf,1
1417,2025-09-17T12:07:06Z,2025-09-17T20:17:44Z,2025-09-17T20:22:38Z,2025-09-17T20:17:44Z,Desorbed NA,4,3,3,3,0,294,2129,,JB_071124_149-24_9172025_03.qgd,,NA,C:/GCMSsolution/Data/Project1/Campbell RMBL Data/Drought-net 2025/JB_071124_149-24_9172025_03.qgd,48826aa0-e1f7-46b8-8d75-6ff95c048dbf,1
1418,2025-09-17T12:07:06Z,2025-09-17T20:53:07Z,2025-09-17T20:57:57Z,2025-09-17T20:53:07Z,Desorbed NA,5,4,4,4,0,290,2123,,JB_071124_79-24_9172025_04.qgd,,NA,C:/GCMSsolution/Data/Project1/Campbell RMBL Data/Drought-net 2025/JB_071124_79-24_9172025_04.qgd,48826aa0-e1f7-46b8-8d75-6ff95c048dbf,1
1419,2025-09-17T12:07:06Z,2025-09-17T21:28:51Z,2025-09-17T21:33:43Z,2025-09-17T21:28:51Z,Desorbed NA,6,5,5,5,0,292,2144,,JB_071124_181-24_9172025_05.qgd,,NA,C:/GCMSsolution/Data/Project1/Campbell RMBL Data/Drought-net 2025/JB_071124_181-24_9172025_05.qgd,48826aa0-e1f7-46b8-8d75-6ff95c048dbf,1
1420,2025-09-17T12:07:06Z,2025-09-17T22:04:27Z,2025-09-17T22:09:19Z,2025-09-17T22:04:27Z,Desorbed NA,7,6,6,6,0,292,2136,,JB_071124_182-24_9172025_06.qgd,,NA,C:/GCMSsolution/Data/Project1/Campbell RMBL Data/Drought-net 2025/JB_071124_182-24_9172025_06.qgd,48826aa0-e1f7-46b8-8d75-6ff95c048dbf,1
1421,2025-09-17T12:07:06Z,2025-09-17T22:40:09Z,2025-09-17T22:45:05Z,2025-09-17T22:40:09Z,Desorbed NA,8,7,7,7,0,296,2142,,JB_071124_190-24_9172025_07.qgd,,NA,C:/GCMSsolution/Data/Project1/Campbell RMBL Data/Drought-net 2025/JB_071124_190-24_9172025_07.qgd,48826aa0-e1f7-46b8-8d75-6ff95c048dbf,1
1422,2025-09-17T12:07:06Z,2025-09-17T23:16:00Z,2025-09-17T23:20:51Z,2025-09-17T23:16:00Z,Desorbed NA,9,8,8,8,0,291,2151,,JB_071124_188-24_9172025_08.qgd,,NA,C:/GCMSsolution/Data/Project1/Campbell RMBL Data/Drought-net 2025/JB_071124_188-24_9172025_08.qgd,48826aa0-e1f7-46b8-8d75-6ff95c048dbf,1
1423,2025-09-17T12:07:06Z,2025-09-17T23:51:46Z,2025-09-17T23:56:37Z,2025-09-17T23:51:46Z,Desorbed NA,10,9,9,9,0,291,2146,,JB_071124_97-24_9172025_09.qgd,,NA,C:/GCMSsolution/Data/Project1/Campbell RMBL Data/Drought-net 2025/JB_071124_97-24_9172025_09.qgd,48826aa0-e1f7-46b8-8d75-6ff95c048dbf,1
1424,2025-09-17T12:07:06Z,2025-09-18T00:28:30Z,2025-09-18T00:32:27Z,2025-09-18T00:28:30Z,Desorbed NA,11,10,10,10,0,237,2204,,JB_071124_152-24_9172025_10.qgd,,NA,C:/GCMSsolution/Data/Project1/Campbell RMBL Data/Drought-net 2025/JB_071124_152-24_9172025_10.qgd,48826aa0-e1f7-46b8-8d75-6ff95c048dbf,1
1425,2025-09-17T12:07:06Z,2025-09-18T01:03:28Z,2025-09-18T01:08:13Z,2025-09-18T01:03:28Z,Desorbed NA,12,11,11,11,0,285,2098,,JB_071124_191-24_9172025_11.qgd,,NA,C:/GCMSsolution/Data/Project1/Campbell RMBL Data/Drought-net 2025/JB_071124_191-24_9172025_11.qgd,48826aa0-e1f7-46b8-8d75-6ff95c048dbf,1
1426,2025-09-17T12:07:06Z,2025-09-18T01:39:02Z,2025-09-18T01:43:54Z,2025-09-18T01:39:02Z,Desorbed NA,13,12,12,12,0,292,2134,,JB_071124_156-24_9172025_12.qgd,,NA,C:/GCMSsolution/Data/Project1/Campbell RMBL Data/Drought-net 2025/JB_071124_156-24_9172025_12.qgd,48826aa0-e1f7-46b8-8d75-6ff95c048dbf,1
1427,2025-09-17T12:07:06Z,2025-09-18T02:14:42Z,2025-09-18T02:19:41Z,2025-09-18T02:14:42Z,Desorbed NA,14,13,13,13,0,299,2140,,JB_071124_158-24_9172025_13.qgd,,NA,C:/GCMSsolution/Data/Project1/Campbell RMBL Data/Drought-net 2025/JB_071124_158-24_9172025_13.qgd,48826aa0-e1f7-46b8-8d75-6ff95c048dbf,1
1428,2025-09-17T12:07:06Z,2025-09-18T02:50:26Z,2025-09-18T02:55:18Z,2025-09-18T02:50:26Z,Desorbed NA,15,14,14,14,0,292,2144,,JB_071124_157-24_9172025_14.qgd,,NA,C:/GCMSsolution/Data/Project1/Campbell RMBL Data/Drought-net 2025/JB_071124_157-24_9172025_14.qgd,48826aa0-e1f7-46b8-8d75-6ff95c048dbf,1
1429,2025-09-17T12:07:06Z,2025-09-18T03:26:09Z,2025-09-18T03:30:59Z,2025-09-18T03:26:09Z,Desorbed NA,16,15,15,15,0,290,2143,,JB_071124_179-24_9172025_15.qgd,,NA,C:/GCMSsolution/Data/Project1/Campbell RMBL Data/Drought-net 2025/JB_071124_179-24_9172025_15.qgd,48826aa0-e1f7-46b8-8d75-6ff95c048dbf,1
1430,2025-09-17T12:07:06Z,2025-09-18T04:01:49Z,2025-09-18T04:06:44Z,2025-09-18T04:01:49Z,Desorbed NA,17,16,16,16,0,295,2140,,JB_071124_159-24_9172025_16.qgd,,NA,C:/GCMSsolution/Data/Project1/Campbell RMBL Data/Drought-net 2025/JB_071124_159-24_9172025_16.qgd,48826aa0-e1f7-46b8-8d75-6ff95c048dbf,1
1431,2025-09-17T12:07:06Z,2025-09-18T04:37:33Z,2025-09-18T04:42:30Z,2025-09-18T04:37:33Z,Desorbed NA,18,17,17,17,0,297,2144,,JB_071124_155-24_9172025_17.qgd,,NA,C:/GCMSsolution/Data/Project1/Campbell RMBL Data/Drought-net 2025/JB_071124_155-24_9172025_17.qgd,48826aa0-e1f7-46b8-8d75-6ff95c048dbf,1
1432,2025-09-17T12:07:06Z,2025-09-18T05:13:13Z,2025-09-18T05:18:07Z,2025-09-18T05:13:13Z,Desorbed NA,19,18,18,18,0,294,2140,,JB_071124_180-24_9172025_18.qgd,,NA,C:/GCMSsolution/Data/Project1/Campbell RMBL Data/Drought-net 2025/JB_071124_180-24_9172025_18.qgd,48826aa0-e1f7-46b8-8d75-6ff95c048dbf,1
1433,2025-09-17T12:07:06Z,2025-09-18T05:48:45Z,2025-09-18T05:53:39Z,2025-09-18T05:48:45Z,Desorbed NA,20,19,19,19,0,294,2132,,JB_071124_154-24_9172025_19.qgd,,NA,C:/GCMSsolution/Data/Project1/Campbell RMBL Data/Drought-net 2025/JB_071124_154-24_9172025_19.qgd,48826aa0-e1f7-46b8-8d75-6ff95c048dbf,1
1434,2025-09-17T12:07:06Z,2025-09-18T06:25:07Z,2025-09-18T06:29:04Z,2025-09-18T06:25:07Z,Desorbed NA,21,20,20,20,0,237,2182,,JB_071124_183-24_9172025_20.qgd,,NA,C:/GCMSsolution/Data/Project1/Campbell RMBL Data/Drought-net 2025/JB_071124_183-24_9172025_20.qgd,48826aa0-e1f7-46b8-8d75-6ff95c048dbf,1
1435,2025-09-17T12:07:06Z,2025-09-18T06:59:49Z,2025-09-18T07:04:45Z,2025-09-18T06:59:49Z,Desorbed NA,22,21,21,21,0,296,2082,,JB_071924_242-24_9172025_21.qgd,,NA,C:/GCMSsolution/Data/Project1/Campbell RMBL Data/Drought-net 2025/JB_071924_242-24_9172025_21.qgd,48826aa0-e1f7-46b8-8d75-6ff95c048dbf,1
1436,2025-09-17T12:07:06Z,2025-09-18T07:35:18Z,2025-09-18T07:40:05Z,2025-09-18T07:35:18Z,Desorbed NA,23,22,22,22,0,287,2129,,JB_071924_269-24_9172025_22.qgd,,NA,C:/GCMSsolution/Data/Project1/Campbell RMBL Data/Drought-net 2025/JB_071924_269-24_9172025_22.qgd,48826aa0-e1f7-46b8-8d75-6ff95c048dbf,1
1437,2025-09-17T12:07:06Z,2025-09-18T08:10:44Z,2025-09-18T08:15:37Z,2025-09-18T08:10:44Z,Desorbed NA,24,23,23,23,0,293,2126,,JB_071924_248-24_9172025_23.qgd,,NA,C:/GCMSsolution/Data/Project1/Campbell RMBL Data/Drought-net 2025/JB_071924_248-24_9172025_23.qgd,48826aa0-e1f7-46b8-8d75-6ff95c048dbf,1
1438,2025-09-17T12:07:06Z,2025-09-18T08:46:10Z,2025-09-18T08:51:06Z,2025-09-18T08:46:10Z,Desorbed NA,25,24,24,24,0,296,2126,,JB_071924_265-24_9172025_24.qgd,,NA,C:/GCMSsolution/Data/Project1/Campbell RMBL Data/Drought-net 2025/JB_071924_265-24_9172025_24.qgd,48826aa0-e1f7-46b8-8d75-6ff95c048dbf,1
1439,2025-09-17T12:07:06Z,2025-09-18T09:21:48Z,2025-09-18T09:26:34Z,2025-09-18T09:21:48Z,Desorbed NA,26,25,25,25,0,286,2138,,JB_071924_268-24_9172025_25.qgd,,NA,C:/GCMSsolution/Data/Project1/Campbell RMBL Data/Drought-net 2025/JB_071924_268-24_9172025_25.qgd,48826aa0-e1f7-46b8-8d75-6ff95c048dbf,1
1440,2025-09-17T12:07:06Z,2025-09-18T09:57:02Z,2025-09-18T10:01:45Z,2025-09-18T09:57:02Z,Desorbed NA,27,26,26,26,0,283,2114,,JB_071924_270-24_9172025_26.qgd,,NA,C:/GCMSsolution/Data/Project1/Campbell RMBL Data/Drought-net 2025/JB_071924_270-24_9172025_26.qgd,48826aa0-e1f7-46b8-8d75-6ff95c048dbf,1
1441,2025-09-17T12:07:06Z,2025-09-18T10:32:30Z,2025-09-18T10:37:18Z,2025-09-18T10:32:30Z,Desorbed NA,28,27,27,27,0,288,2128,,JB_071924_251-24_9172025_27.qgd,,NA,C:/GCMSsolution/Data/Project1/Campbell RMBL Data/Drought-net 2025/JB_071924_251-24_9172025_27.qgd,48826aa0-e1f7-46b8-8d75-6ff95c048dbf,1
1442,2025-09-17T12:07:06Z,2025-09-18T11:07:52Z,2025-09-18T11:12:42Z,2025-09-18T11:07:52Z,Desorbed NA,29,28,28,28,0,290,2122,,JB_071924_273-24_9172025_28.qgd,,NA,C:/GCMSsolution/Data/Project1/Campbell RMBL Data/Drought-net 2025/JB_071924_273-24_9172025_28.qgd,48826aa0-e1f7-46b8-8d75-6ff95c048dbf,1
1443,2025-09-17T12:07:06Z,2025-09-18T11:43:10Z,2025-09-18T11:48:02Z,2025-09-18T11:43:10Z,Desorbed NA,30,29,29,29,0,292,2118,,JB_071924_241-24_9172025_29.qgd,,NA,C:/GCMSsolution/Data/Project1/Campbell RMBL Data/Drought-net 2025/JB_071924_241-24_9172025_29.qgd,48826aa0-e1f7-46b8-8d75-6ff95c048dbf,1
1444,2025-09-18T06:32:43Z,2025-09-18T13:37:24Z,2025-09-18T13:32:15Z,2025-09-18T13:32:15Z,Desorbed NA,1,1,1,1,0,309,6854,,blank_9182025_01.qgd,,NA,C:/GCMSsolution/Data/Project1/Campbell RMBL Data/Drought-net 2025/blank_9182025_01.qgd,bc802d01-c196-4f7f-a561-71ebd2c85839,1
1445,2025-09-18T06:32:43Z,2025-09-18T14:07:57Z,2025-09-18T14:12:42Z,2025-09-18T14:07:57Z,Desorbed NA,3,2,2,2,0,285,1833,,JB_071124_192_9182025_02.qgd,,NA,C:/GCMSsolution/Data/Project1/Campbell RMBL Data/Drought-net 2025/JB_071124_192_9182025_02.qgd,bc802d01-c196-4f7f-a561-71ebd2c85839,1
1446,2025-09-18T06:32:43Z,2025-09-18T14:43:05Z,2025-09-18T14:48:01Z,2025-09-18T14:43:05Z,Desorbed NA,4,3,3,3,0,296,2108,,JB_071124_271_9182025_03.qgd,,NA,C:/GCMSsolution/Data/Project1/Campbell RMBL Data/Drought-net 2025/JB_071124_271_9182025_03.qgd,bc802d01-c196-4f7f-a561-71ebd2c85839,1
1447,2025-09-18T06:32:43Z,2025-09-18T15:18:19Z,2025-09-18T15:23:12Z,2025-09-18T15:18:19Z,Desorbed NA,5,4,4,4,0,293,2114,,JB_071124_250_9182025_04.qgd,,NA,C:/GCMSsolution/Data/Project1/Campbell RMBL Data/Drought-net 2025/JB_071124_250_9182025_04.qgd,bc802d01-c196-4f7f-a561-71ebd2c85839,1
1448,2025-09-18T06:32:43Z,2025-09-18T15:53:31Z,2025-09-18T15:58:22Z,2025-09-18T15:53:31Z,Desorbed NA,6,5,5,5,0,291,2112,,JB_071124_243_9182025_05.qgd,,NA,C:/GCMSsolution/Data/Project1/Campbell RMBL Data/Drought-net 2025/JB_071124_243_9182025_05.qgd,bc802d01-c196-4f7f-a561-71ebd2c85839,1
1449,2025-09-18T06:32:43Z,2025-09-18T16:28:47Z,2025-09-18T16:33:45Z,2025-09-18T16:28:47Z,Desorbed NA,7,6,6,6,0,298,2116,,JB_071124_249_9182025_06.qgd,,NA,C:/GCMSsolution/Data/Project1/Campbell RMBL Data/Drought-net 2025/JB_071124_249_9182025_06.qgd,bc802d01-c196-4f7f-a561-71ebd2c85839,1
1450,2025-09-18T06:32:43Z,2025-09-18T17:03:57Z,2025-09-18T17:08:52Z,2025-09-18T17:03:57Z,Desorbed NA,8,7,7,7,0,295,2110,,JB_071124_261_9182025_07.qgd,,NA,C:/GCMSsolution/Data/Project1/Campbell RMBL Data/Drought-net 2025/JB_071124_261_9182025_07.qgd,bc802d01-c196-4f7f-a561-71ebd2c85839,1
1451,2025-09-18T06:32:43Z,2025-09-18T17:39:16Z,2025-09-18T17:44:02Z,2025-09-18T17:39:16Z,Desorbed NA,9,8,8,8,0,286,2119,,JB_071124_278_9182025_08.qgd,,NA,C:/GCMSsolution/Data/Project1/Campbell RMBL Data/Drought-net 2025/JB_071124_278_9182025_08.qgd,bc802d01-c196-4f7f-a561-71ebd2c85839,1
1452,2025-09-18T06:32:43Z,2025-09-18T18:14:23Z,2025-09-18T18:19:18Z,2025-09-18T18:14:23Z,Desorbed NA,10,9,9,9,0,295,2107,,JB_071124_283_9182025_09.qgd,,NA,C:/GCMSsolution/Data/Project1/Campbell RMBL Data/Drought-net 2025/JB_071124_283_9182025_09.qgd,bc802d01-c196-4f7f-a561-71ebd2c85839,1
1453,2025-09-18T12:37:35Z,2025-09-18T19:42:15Z,2025-09-18T19:31:27Z,2025-09-18T19:31:27Z,Desorbed NA,1,1,2,1,-1,648,5272,,blank_9182025_02.qgd,,NA,C:/GCMSsolution/Data/Project1/Campbell RMBL Data/Drought-net 2025/blank_9182025_02.qgd,1f64d625-d3c7-497b-9127-f124ef17c815,1
1454,2025-09-18T12:37:35Z,2025-09-18T20:12:44Z,2025-09-18T20:17:38Z,2025-09-18T20:12:44Z,Desorbed NA,3,2,2,2,0,294,1829,,JB_071924_284_9182025_02.qgd,,NA,C:/GCMSsolution/Data/Project1/Campbell RMBL Data/Drought-net 2025/JB_071924_284_9182025_02.qgd,1f64d625-d3c7-497b-9127-f124ef17c815,1
1455,2025-09-18T12:37:35Z,2025-09-18T20:48:09Z,2025-09-18T20:53:05Z,2025-09-18T20:48:09Z,Desorbed NA,4,3,3,3,0,296,2125,,JB_071924_655_9182025_03.qgd,,NA,C:/GCMSsolution/Data/Project1/Campbell RMBL Data/Drought-net 2025/JB_071924_655_9182025_03.qgd,1f64d625-d3c7-497b-9127-f124ef17c815,1
1456,2025-09-18T12:37:35Z,2025-09-18T21:23:50Z,2025-09-18T21:28:42Z,2025-09-18T21:23:50Z,Desorbed NA,5,4,4,4,0,292,2141,,JB_071924_681_9182025_04.qgd,,NA,C:/GCMSsolution/Data/Project1/Campbell RMBL Data/Drought-net 2025/JB_071924_681_9182025_04.qgd,1f64d625-d3c7-497b-9127-f124ef17c815,1
1457,2025-09-18T12:37:35Z,2025-09-18T21:59:45Z,2025-09-18T22:04:24Z,2025-09-18T21:59:45Z,Desorbed NA,6,5,5,5,0,279,2155,,JB_071924_252_9182025_05.qgd,,NA,C:/GCMSsolution/Data/Project1/Campbell RMBL Data/Drought-net 2025/JB_071924_252_9182025_05.qgd,1f64d625-d3c7-497b-9127-f124ef17c815,1
1458,2025-09-18T12:37:35Z,2025-09-18T22:35:38Z,2025-09-18T22:40:30Z,2025-09-18T22:35:38Z,Desorbed NA,7,6,6,6,0,292,2153,,JB_071924_617_9182025_06.qgd,,NA,C:/GCMSsolution/Data/Project1/Campbell RMBL Data/Drought-net 2025/JB_071924_617_9182025_06.qgd,1f64d625-d3c7-497b-9127-f124ef17c815,1
1459,2025-09-18T12:37:35Z,2025-09-18T23:11:54Z,2025-09-18T23:16:46Z,2025-09-18T23:11:54Z,Desorbed NA,8,7,7,7,0,292,2176,,JB_071924_676_9182025_07.qgd,,NA,C:/GCMSsolution/Data/Project1/Campbell RMBL Data/Drought-net 2025/JB_071924_676_9182025_07.qgd,1f64d625-d3c7-497b-9127-f124ef17c815,1
1460,2025-09-18T12:37:35Z,2025-09-18T23:48:16Z,2025-09-18T23:53:10Z,2025-09-18T23:48:16Z,Desorbed NA,9,8,8,8,0,294,2182,,JB_071924_247_9182025_08.qgd,,NA,C:/GCMSsolution/Data/Project1/Campbell RMBL Data/Drought-net 2025/JB_071924_247_9182025_08.qgd,1f64d625-d3c7-497b-9127-f124ef17c815,1
1461,2025-09-18T12:37:35Z,2025-09-19T00:24:38Z,2025-09-19T00:29:29Z,2025-09-19T00:24:38Z,Desorbed NA,10,9,9,9,0,291,2182,,JB_071924_267_9182025_09.qgd,,NA,C:/GCMSsolution/Data/Project1/Campbell RMBL Data/Drought-net 2025/JB_071924_267_9182025_09.qgd,1f64d625-d3c7-497b-9127-f124ef17c815,1
1462,2025-09-18T12:37:35Z,2025-09-19T01:01:56Z,2025-09-19T01:05:56Z,2025-09-19T01:01:56Z,Desorbed NA,11,10,10,10,0,240,2238,,JB_071924_262_9182025_10.qgd,,NA,C:/GCMSsolution/Data/Project1/Campbell RMBL Data/Drought-net 2025/JB_071924_262_9182025_10.qgd,1f64d625-d3c7-497b-9127-f124ef17c815,1
1463,2025-09-18T12:37:35Z,2025-09-19T01:37:28Z,2025-09-19T01:42:11Z,2025-09-19T01:37:28Z,Desorbed NA,12,11,11,11,0,283,2132,,JB_071924_280_9182025_11.qgd,,NA,C:/GCMSsolution/Data/Project1/Campbell RMBL Data/Drought-net 2025/JB_071924_280_9182025_11.qgd,1f64d625-d3c7-497b-9127-f124ef17c815,1
1464,2025-09-18T12:37:35Z,2025-09-19T02:13:50Z,2025-09-19T02:18:43Z,2025-09-19T02:13:50Z,Desorbed NA,13,12,12,12,0,293,2182,,JB_071924_260_9182025_12.qgd,,NA,C:/GCMSsolution/Data/Project1/Campbell RMBL Data/Drought-net 2025/JB_071924_260_9182025_12.qgd,1f64d625-d3c7-497b-9127-f124ef17c815,1
1465,2025-09-18T12:37:35Z,2025-09-19T02:34:18Z,2025-09-19T02:18:43Z,2025-09-19T02:18:43Z,Desorbed NA,14,13,12,12,1,935,1228,,JB_071924_260_9182025_12.qgd,,NA,C:/GCMSsolution/Data/Project1/Campbell RMBL Data/Drought-net 2025/JB_071924_260_9182025_12.qgd,1f64d625-d3c7-497b-9127-f124ef17c815,1
1466,2025-09-18T12:37:35Z,2025-09-19T03:26:56Z,2025-09-19T03:31:47Z,2025-09-19T03:26:56Z,Desorbed NA,15,14,14,14,0,291,3158,,JB_071924_205_9182025_14.qgd,,NA,C:/GCMSsolution/Data/Project1/Campbell RMBL Data/Drought-net 2025/JB_071924_205_9182025_14.qgd,1f64d625-d3c7-497b-9127-f124ef17c815,1
1467,2025-09-18T12:37:35Z,2025-09-19T04:03:28Z,2025-09-19T04:08:24Z,2025-09-19T04:03:28Z,Desorbed NA,16,15,15,15,0,296,2192,,JB_071924_181_9182025_15.qgd,,NA,C:/GCMSsolution/Data/Project1/Campbell RMBL Data/Drought-net 2025/JB_071924_181_9182025_15.qgd,1f64d625-d3c7-497b-9127-f124ef17c815,1
1468,2025-09-18T12:37:35Z,2025-09-19T04:24:11Z,2025-09-19T04:08:24Z,2025-09-19T04:08:24Z,Desorbed NA,17,16,15,15,1,947,1243,,JB_071924_181_9182025_15.qgd,,NA,C:/GCMSsolution/Data/Project1/Campbell RMBL Data/Drought-net 2025/JB_071924_181_9182025_15.qgd,1f64d625-d3c7-497b-9127-f124ef17c815,1
1469,2025-09-18T12:37:35Z,2025-09-19T05:16:57Z,2025-09-19T05:21:48Z,2025-09-19T05:16:57Z,Desorbed NA,18,17,17,17,0,291,3166,,JB_071924_175_9182025_17.qgd,,NA,C:/GCMSsolution/Data/Project1/Campbell RMBL Data/Drought-net 2025/JB_071924_175_9182025_17.qgd,1f64d625-d3c7-497b-9127-f124ef17c815,1
1470,2025-09-18T12:37:35Z,2025-09-19T05:53:40Z,2025-09-19T05:58:33Z,2025-09-19T05:53:40Z,Desorbed NA,19,18,18,18,0,293,2203,,JB_071924_654_9182025_18.qgd,,NA,C:/GCMSsolution/Data/Project1/Campbell RMBL Data/Drought-net 2025/JB_071924_654_9182025_18.qgd,1f64d625-d3c7-497b-9127-f124ef17c815,1
1471,2025-09-18T12:37:35Z,2025-09-19T06:30:25Z,2025-09-19T06:35:09Z,2025-09-19T06:30:25Z,Desorbed NA,20,19,19,19,0,284,2205,,JB_071924_263_9182025_19.qgd,,NA,C:/GCMSsolution/Data/Project1/Campbell RMBL Data/Drought-net 2025/JB_071924_263_9182025_19.qgd,1f64d625-d3c7-497b-9127-f124ef17c815,1
1472,2025-09-18T12:37:35Z,2025-09-19T07:08:00Z,2025-09-19T07:11:58Z,2025-09-19T07:08:00Z,Desorbed NA,21,20,20,20,0,238,2255,,JB_071924_253_9182025_20.qgd,,NA,C:/GCMSsolution/Data/Project1/Campbell RMBL Data/Drought-net 2025/JB_071924_253_9182025_20.qgd,1f64d625-d3c7-497b-9127-f124ef17c815,1
1473,2025-09-18T12:37:35Z,2025-09-19T07:44:02Z,2025-09-19T07:48:51Z,2025-09-19T07:44:02Z,Desorbed NA,22,21,21,21,0,289,2162,,JB_071924_255_9182025_21.qgd,,NA,C:/GCMSsolution/Data/Project1/Campbell RMBL Data/Drought-net 2025/JB_071924_255_9182025_21.qgd,1f64d625-d3c7-497b-9127-f124ef17c815,1
1474,2025-09-18T12:37:35Z,2025-09-19T08:20:43Z,2025-09-19T08:25:39Z,2025-09-19T08:20:43Z,Desorbed NA,23,22,22,22,0,296,2201,,JB_071924_237_9182025_22.qgd,,NA,C:/GCMSsolution/Data/Project1/Campbell RMBL Data/Drought-net 2025/JB_071924_237_9182025_22.qgd,1f64d625-d3c7-497b-9127-f124ef17c815,1
1475,2025-09-18T12:37:35Z,2025-09-19T08:57:37Z,2025-09-19T09:02:35Z,2025-09-19T08:57:37Z,Desorbed NA,24,23,23,23,0,298,2214,,JB_071924_266_9182025_23.qgd,,NA,C:/GCMSsolution/Data/Project1/Campbell RMBL Data/Drought-net 2025/JB_071924_266_9182025_23.qgd,1f64d625-d3c7-497b-9127-f124ef17c815,1
1476,2025-09-18T12:37:35Z,2025-09-19T09:34:38Z,2025-09-19T09:39:27Z,2025-09-19T09:34:38Z,Desorbed NA,25,24,24,24,0,289,2221,,JB_071924_254_9182025_24.qgd,,NA,C:/GCMSsolution/Data/Project1/Campbell RMBL Data/Drought-net 2025/JB_071924_254_9182025_24.qgd,1f64d625-d3c7-497b-9127-f124ef17c815,1
1477,2025-09-18T12:37:35Z,2025-09-19T10:11:30Z,2025-09-19T10:16:24Z,2025-09-19T10:11:30Z,Desorbed NA,26,25,25,25,0,294,2212,,JB_071924_257_9182025_25.qgd,,NA,C:/GCMSsolution/Data/Project1/Campbell RMBL Data/Drought-net 2025/JB_071924_257_9182025_25.qgd,1f64d625-d3c7-497b-9127-f124ef17c815,1
1478,2025-09-18T12:37:35Z,2025-09-19T10:48:27Z,2025-09-19T10:53:13Z,2025-09-19T10:48:27Z,Desorbed NA,27,26,26,26,0,286,2217,,JB_071924_643_9182025_26.qgd,,NA,C:/GCMSsolution/Data/Project1/Campbell RMBL Data/Drought-net 2025/JB_071924_643_9182025_26.qgd,1f64d625-d3c7-497b-9127-f124ef17c815,1
1479,2025-09-18T12:37:35Z,2025-09-19T11:25:17Z,2025-09-19T11:30:13Z,2025-09-19T11:25:17Z,Desorbed NA,28,27,27,27,0,296,2210,,JB_071924_176_9182025_27.qgd,,NA,C:/GCMSsolution/Data/Project1/Campbell RMBL Data/Drought-net 2025/JB_071924_176_9182025_27.qgd,1f64d625-d3c7-497b-9127-f124ef17c815,1
1480,2025-09-18T12:37:35Z,2025-09-19T12:02:31Z,2025-09-19T12:07:25Z,2025-09-19T12:02:31Z,Desorbed NA,29,28,28,28,0,294,2234,,JB_071924_646_9182025_28.qgd,,NA,C:/GCMSsolution/Data/Project1/Campbell RMBL Data/Drought-net 2025/JB_071924_646_9182025_28.qgd,1f64d625-d3c7-497b-9127-f124ef17c815,1
1481,2025-09-18T12:37:35Z,2025-09-19T12:39:33Z,2025-09-19T12:44:26Z,2025-09-19T12:39:33Z,Desorbed NA,30,29,29,29,0,293,2222,,JB_071924_173_9182025_29.qgd,,NA,C:/GCMSsolution/Data/Project1/Campbell RMBL Data/Drought-net 2025/JB_071924_173_9182025_29.qgd,1f64d625-d3c7-497b-9127-f124ef17c815,1
1482,2025-09-19T07:33:41Z,2025-09-19T14:38:16Z,2025-09-19T14:32:52Z,2025-09-19T14:32:52Z,Desorbed NA,1,1,1,1,0,324,7123,,blank_9192025_01.qgd,,NA,C:/GCMSsolution/Data/Project1/Campbell RMBL Data/Drought-net 2025/blank_9192025_01.qgd,d76c0974-cb5f-4791-a056-002c78e225c1,1
1483,2025-09-19T07:33:41Z,2025-09-19T15:08:52Z,2025-09-19T15:13:34Z,2025-09-19T15:08:52Z,Desorbed NA,3,2,2,2,0,282,1836,,JB_2025_209_9192025_02.qgd,,NA,C:/GCMSsolution/Data/Project1/Campbell RMBL Data/Drought-net 2025/JB_2025_209_9192025_02.qgd,d76c0974-cb5f-4791-a056-002c78e225c1,1
1484,2025-09-19T07:33:41Z,2025-09-19T15:45:36Z,2025-09-19T15:50:25Z,2025-09-19T15:45:36Z,Desorbed NA,4,3,3,3,0,289,2204,,JB_2025_357-25_9192025_03.qgd,,NA,C:/GCMSsolution/Data/Project1/Campbell RMBL Data/Drought-net 2025/JB_2025_357-25_9192025_03.qgd,d76c0974-cb5f-4791-a056-002c78e225c1,1
1485,2025-09-19T07:33:41Z,2025-09-19T16:22:37Z,2025-09-19T16:27:29Z,2025-09-19T16:22:37Z,Desorbed NA,5,4,4,4,0,292,2221,,JB_2025_293-25_9192025_04.qgd,,NA,C:/GCMSsolution/Data/Project1/Campbell RMBL Data/Drought-net 2025/JB_2025_293-25_9192025_04.qgd,d76c0974-cb5f-4791-a056-002c78e225c1,1
1486,2025-09-19T07:33:41Z,2025-09-19T16:59:43Z,2025-09-19T17:04:44Z,2025-09-19T16:59:43Z,Desorbed NA,6,5,5,5,0,301,2226,,JB_2025_208-25_9192025_05.qgd,,NA,C:/GCMSsolution/Data/Project1/Campbell RMBL Data/Drought-net 2025/JB_2025_208-25_9192025_05.qgd,d76c0974-cb5f-4791-a056-002c78e225c1,1
1487,2025-09-19T07:33:41Z,2025-09-19T17:37:02Z,2025-09-19T17:41:46Z,2025-09-19T17:37:02Z,Desorbed NA,7,6,6,6,0,284,2239,,JB_071924_180_9192025_06.qgd,,NA,C:/GCMSsolution/Data/Project1/Campbell RMBL Data/Drought-net 2025/JB_071924_180_9192025_06.qgd,d76c0974-cb5f-4791-a056-002c78e225c1,1
1488,2025-09-19T07:33:41Z,2025-09-19T18:14:05Z,2025-09-19T18:19:02Z,2025-09-19T18:14:05Z,Desorbed NA,8,7,7,7,0,297,2223,,JB_071924_178_9192025_07.qgd,,NA,C:/GCMSsolution/Data/Project1/Campbell RMBL Data/Drought-net 2025/JB_071924_178_9192025_07.qgd,d76c0974-cb5f-4791-a056-002c78e225c1,1
1489,2025-09-19T07:33:41Z,2025-09-19T18:51:26Z,2025-09-19T18:56:20Z,2025-09-19T18:51:26Z,Desorbed NA,9,8,8,8,0,294,2241,,JB_071924_179_9192025_08.qgd,,NA,C:/GCMSsolution/Data/Project1/Campbell RMBL Data/Drought-net 2025/JB_071924_179_9192025_08.qgd,d76c0974-cb5f-4791-a056-002c78e225c1,1
1490,2025-09-19T07:33:41Z,2025-09-19T19:28:42Z,2025-09-19T19:33:34Z,2025-09-19T19:28:42Z,Desorbed NA,10,9,9,9,0,292,2236,,JB_071924_228_9192025_09.qgd,,NA,C:/GCMSsolution/Data/Project1/Campbell RMBL Data/Drought-net 2025/JB_071924_228_9192025_09.qgd,d76c0974-cb5f-4791-a056-002c78e225c1,1
1491,2025-09-19T07:33:41Z,2025-09-19T20:07:05Z,2025-09-19T20:11:01Z,2025-09-19T20:07:05Z,Desorbed NA,11,10,10,10,0,236,2303,,JB_071924_677_9192025_10.qgd,,NA,C:/GCMSsolution/Data/Project1/Campbell RMBL Data/Drought-net 2025/JB_071924_677_9192025_10.qgd,d76c0974-cb5f-4791-a056-002c78e225c1,1
1492,2025-09-19T07:33:41Z,2025-09-19T20:43:34Z,2025-09-19T20:48:24Z,2025-09-19T20:43:34Z,Desorbed NA,12,11,11,11,0,290,2189,,JB_071924_680_9192025_11.qgd,,NA,C:/GCMSsolution/Data/Project1/Campbell RMBL Data/Drought-net 2025/JB_071924_680_9192025_11.qgd,d76c0974-cb5f-4791-a056-002c78e225c1,1
1493,2025-09-19T07:33:41Z,2025-09-19T21:20:57Z,2025-09-19T21:25:50Z,2025-09-19T21:20:57Z,Desorbed NA,13,12,12,12,0,293,2243,,JB_071924_238_9192025_12.qgd,,NA,C:/GCMSsolution/Data/Project1/Campbell RMBL Data/Drought-net 2025/JB_071924_238_9192025_12.qgd,d76c0974-cb5f-4791-a056-002c78e225c1,1
1494,2025-09-19T07:33:41Z,2025-09-19T21:58:24Z,2025-09-19T22:03:14Z,2025-09-19T21:58:24Z,Desorbed NA,14,13,13,13,0,290,2247,,JB_071924_186_9192025_13.qgd,,NA,C:/GCMSsolution/Data/Project1/Campbell RMBL Data/Drought-net 2025/JB_071924_186_9192025_13.qgd,d76c0974-cb5f-4791-a056-002c78e225c1,1
1495,2025-09-19T07:33:41Z,2025-09-19T22:35:54Z,2025-09-19T22:40:40Z,2025-09-19T22:35:54Z,Desorbed NA,15,14,14,14,0,286,2250,,JB_071924_679_9192025_14.qgd,,NA,C:/GCMSsolution/Data/Project1/Campbell RMBL Data/Drought-net 2025/JB_071924_679_9192025_14.qgd,d76c0974-cb5f-4791-a056-002c78e225c1,1
1496,2025-09-19T07:33:41Z,2025-09-19T23:12:31Z,2025-09-19T23:17:16Z,2025-09-19T23:12:31Z,Leak-test failure High Pressure Leak Failure,16,15,15,15,0,284.5,2197.5,leak-blank,JB_071924_172_9192025_15.qgd,,NA,C:/GCMSsolution/Data/Project1/Campbell RMBL Data/Drought-net 2025/JB_071924_172_9192025_15.qgd,d76c0974-cb5f-4791-a056-002c78e225c1,1
1497,2025-09-19T07:33:41Z,2025-09-19T23:49:09Z,2025-09-19T23:53:27Z,2025-09-19T23:49:09Z,Desorbed NA,17,16,16,16,0,258,2197.5,,JB_071924_165_9192025_16.qgd,,NA,C:/GCMSsolution/Data/Project1/Campbell RMBL Data/Drought-net 2025/JB_071924_165_9192025_16.qgd,d76c0974-cb5f-4791-a056-002c78e225c1,1
1498,2025-09-19T07:33:41Z,2025-09-20T00:25:14Z,2025-09-20T00:30:09Z,2025-09-20T00:25:14Z,Desorbed NA,18,17,17,17,0,295,2165,,JB_071924_624_9192025_17.qgd,,NA,C:/GCMSsolution/Data/Project1/Campbell RMBL Data/Drought-net 2025/JB_071924_624_9192025_17.qgd,d76c0974-cb5f-4791-a056-002c78e225c1,1
1499,2025-09-19T07:33:41Z,2025-09-20T00:45:45Z,2025-09-20T00:30:09Z,2025-09-20T00:30:09Z,Desorbed NA,19,18,17,17,1,936,1231,,JB_071924_624_9192025_17.qgd,,NA,C:/GCMSsolution/Data/Project1/Campbell RMBL Data/Drought-net 2025/JB_071924_624_9192025_17.qgd,d76c0974-cb5f-4791-a056-002c78e225c1,1
1500,2025-09-19T07:33:41Z,2025-09-20T01:38:29Z,2025-09-20T01:43:22Z,2025-09-20T01:38:29Z,Desorbed NA,20,19,19,19,0,293,3164,,JB_071924_170_9192025_19.qgd,,NA,C:/GCMSsolution/Data/Project1/Campbell RMBL Data/Drought-net 2025/JB_071924_170_9192025_19.qgd,d76c0974-cb5f-4791-a056-002c78e225c1,1
1501,2025-09-19T19:45:19Z,2025-09-20T02:49:48Z,2025-09-20T02:44:44Z,2025-09-20T02:44:44Z,Desorbed NA,1,1,2,1,-1,304,4279,,blank_9192025_02.qgd,,NA,C:/GCMSsolution/Data/Project1/Campbell RMBL Data/Drought-net 2025/blank_9192025_02.qgd,ef28cd6c-eef4-48da-885d-ef3c9791b56e,1
1502,2025-09-19T19:45:19Z,2025-09-20T03:20:16Z,2025-09-20T03:25:11Z,2025-09-20T03:20:16Z,Desorbed NA,3,2,2,2,0,295,1828,,JB_071924_172_redo_9192025_02.qgd,,NA,C:/GCMSsolution/Data/Project1/Campbell RMBL Data/Drought-net 2025/JB_071924_172_redo_9192025_02.qgd,ef28cd6c-eef4-48da-885d-ef3c9791b56e,1
1503,NA,NA,2025-06-16T21:32:10Z,2025-06-16T21:32:10Z,NA NA,NA,NA,NA,NA,NA,NA,NA,mismatch,Markes test 13.qgd,,NA,C:/GCMSsolution/Data/Project1/RMBL Data/Markes test 13.qgd,NA,NA
1504,NA,NA,2025-06-17T00:12:10Z,2025-06-17T00:12:10Z,NA NA,NA,NA,2,2,NA,NA,NA,mismatch,DC_test1_blank_150616_6162025_02.qgd,,NA,C:/GCMSsolution/Data/Project1/Campbell RMBL Data/GCMS 2024/DC_test1_blank_150616_6162025_02.qgd,NA,NA
1505,NA,NA,2025-06-23T23:26:20Z,2025-06-23T23:26:20Z,NA NA,NA,NA,2,2,NA,NA,NA,mismatch,VF_T10_45D_240709_6232025_02.qgd,,Martin,C:/GCMSsolution/Data/Project1/Campbell RMBL Data/Ipomopsis 2025/VF_T10_45D_240709_6232025_02.qgd,NA,NA
1506,NA,NA,2025-06-23T23:57:16Z,2025-06-23T23:57:16Z,NA NA,NA,NA,3,3,NA,NA,NA,mismatch,VF_T9_993D_240709_6232025_03.qgd,,Martin,C:/GCMSsolution/Data/Project1/Campbell RMBL Data/Ipomopsis 2025/VF_T9_993D_240709_6232025_03.qgd,NA,NA
1507,NA,NA,2025-06-25T19:09:11Z,2025-06-25T19:09:11Z,NA NA,NA,NA,7,7,NA,NA,NA,mismatch,VF_T21_3018bD_240709_6252025_redo_6252025_07.qgd,,Martin,C:/GCMSsolution/Data/Project1/Campbell RMBL Data/Ipomopsis 2025/VF_T21_3018bD_240709_6252025_redo_6252025_07.qgd,NA,NA
1508,NA,NA,2025-06-27T00:52:58Z,2025-06-27T00:52:58Z,NA NA,NA,NA,6,6,NA,NA,NA,mismatch,VF_T33_174N_240709_6262025_6262025_06.qgd,,Martin,C:/GCMSsolution/Data/Project1/Campbell RMBL Data/Ipomopsis 2025/VF_T33_174N_240709_6262025_6262025_06.qgd,NA,NA
1509,NA,NA,2025-07-07T19:18:26Z,2025-07-07T19:18:26Z,NA NA,NA,NA,2,2,NA,NA,NA,mismatch-found,JH_Lup_arg_BVB_24-19_772025_02.qgd,,J Heiling : Lupinus,C:/GCMSsolution/Data/Project1/Campbell RMBL Data/Lupinus argenteus/JH_Lup_arg_BVB_24-19_772025_02.qgd,NA,NA
1510,NA,NA,2025-07-07T22:59:13Z,2025-07-07T22:59:13Z,NA NA,NA,NA,8,8,NA,NA,NA,mismatch-found,JH_Lup_arg_BVB_24-5_772025_08.qgd,,J Heiling : Lupinus,C:/GCMSsolution/Data/Project1/Campbell RMBL Data/Lupinus argenteus/JH_Lup_arg_BVB_24-5_772025_08.qgd,NA,NA
1511,NA,NA,2025-07-09T18:29:14Z,2025-07-09T18:29:14Z,NA NA,NA,NA,5,5,NA,NA,NA,mismatch-found,JH_Lup_arg_BVB_24-Air2_792025_05.qgd,,J Heiling : Lupinus,C:/GCMSsolution/Data/Project1/Campbell RMBL Data/Lupinus argenteus/JH_Lup_arg_BVB_24-Air2_792025_05.qgd,NA,NA
1512,NA,NA,2025-07-10T12:10:21Z,2025-07-10T12:10:21Z,NA NA,NA,NA,27,27,NA,NA,NA,mismatch-found,DC_trapblank_196_25_792025_27.qgd,,NA,C:/GCMSsolution/Data/Project1/Campbell RMBL Data/Lupinus argenteus/DC_trapblank_196_25_792025_27.qgd,NA,NA
1513,NA,NA,2025-07-11T04:59:26Z,2025-07-11T04:59:26Z,NA NA,NA,NA,11,11,NA,NA,NA,mismatch-notfound,JH_Lup_arg_CIN23_24-Air2_7102025_11.qgd,,J Heiling : Lupinus,C:/GCMSsolution/Data/Project1/Campbell RMBL Data/Lupinus argenteus/JH_Lup_arg_CIN23_24-Air2_7102025_11.qgd,NA,NA
1514,NA,NA,2025-07-16T21:09:32Z,2025-07-16T21:09:32Z,NA NA,NA,NA,10,10,NA,NA,NA,mismatch,JB_07172024_226_7162025_10.qgd,,NA,C:/GCMSsolution/Data/Project1/Campbell RMBL Data/Rainouts 2024/JB_07172024_226_7162025_10.qgd,NA,NA
1515,NA,NA,2025-07-28T20:04:54Z,2025-07-28T20:04:54Z,NA NA,NA,NA,6,6,NA,NA,NA,mismatch,Lagg_07152025_N_320-25_7282025_06.qgd,,Martin,C:/GCMSsolution/Data/Project1/Campbell RMBL Data/Ipomopsis 2025/Lagg_07152025_N_320-25_7282025_06.qgd,NA,NA
1516,NA,NA,2025-07-30T19:41:28Z,2025-07-30T19:41:28Z,NA NA,NA,NA,9,9,NA,NA,NA,mismatch,Ihyb_07102025_N_253-25_7302025_09.qgd,,Martin,C:/GCMSsolution/Data/Project1/Campbell RMBL Data/Ipomopsis 2025/Ihyb_07102025_N_253-25_7302025_09.qgd,NA,NA
1517,NA,NA,2025-08-14T01:05:31Z,2025-08-14T01:05:31Z,NA NA,NA,NA,16,16,NA,NA,NA,mismatch,JB_060625_d6_8132025_16.qgd,,NA,C:/GCMSsolution/Data/Project1/Campbell RMBL Data/Drought-net 2025/JB_060625_d6_8132025_16.qgd,NA,NA
1518,NA,NA,2025-08-15T04:34:45Z,2025-08-15T04:34:45Z,NA NA,NA,NA,27,27,NA,NA,NA,mismatch,JB_060625_d16_8132025_27.qgd,,NA,C:/GCMSsolution/Data/Project1/Campbell RMBL Data/Drought-net 2025/JB_060625_d16_8132025_27.qgd,NA,NA
1519,NA,NA,2025-08-15T05:10:05Z,2025-08-15T05:10:05Z,NA NA,NA,NA,28,28,NA,NA,NA,mismatch,JB_060625_d8_8132025_28.qgd,,NA,C:/GCMSsolution/Data/Project1/Campbell RMBL Data/Drought-net 2025/JB_060625_d8_8132025_28.qgd,NA,NA
1520,NA,NA,2025-08-23T07:08:25Z,2025-08-23T07:08:25Z,NA NA,NA,NA,11,11,NA,NA,NA,mismatch,JB_071025_294dn_8222025_11.qgd,,NA,C:/GCMSsolution/Data/Project1/Campbell RMBL Data/Drought-net 2025/JB_071025_294dn_8222025_11.qgd,NA,NA
1521,NA,NA,2025-08-24T07:40:13Z,2025-08-24T07:40:13Z,NA NA,NA,NA,28,28,NA,NA,NA,mismatch,JB_070125_202_8232025_28.qgd,,NA,C:/GCMSsolution/Data/Project1/Campbell RMBL Data/Drought-net 2025/JB_070125_202_8232025_28.qgd,NA,NA
1522,NA,NA,2025-08-28T01:55:03Z,2025-08-28T01:55:03Z,NA NA,NA,NA,17,17,NA,NA,NA,mismatch,JB_071725_354-25_redo_8272025_17.qgd,,NA,C:/GCMSsolution/Data/Project1/Campbell RMBL Data/Drought-net 2025/JB_071725_354-25_redo_8272025_17.qgd,NA,NA
1523,NA,NA,2025-08-29T05:26:31Z,2025-08-29T05:26:31Z,NA NA,NA,NA,23,23,NA,NA,NA,mismatch,JB_072225_44-25_8282025_23.qgd,,NA,C:/GCMSsolution/Data/Project1/Campbell RMBL Data/Drought-net 2025/JB_072225_44-25_8282025_23.qgd,NA,NA
1524,NA,NA,2025-09-14T22:40:11Z,2025-09-14T22:40:11Z,NA NA,NA,NA,2,2,NA,NA,NA,mismatch,JB_071124_60-24_9142025_02.qgd,,NA,C:/GCMSsolution/Data/Project1/Campbell RMBL Data/Drought-net 2025/JB_071124_60-24_9142025_02.qgd,NA,NA
1525,NA,NA,2025-09-19T02:55:11Z,2025-09-19T02:55:11Z,NA NA,NA,NA,13,13,NA,NA,NA,mismatch,JB_071924_256_9182025_13.qgd,,NA,C:/GCMSsolution/Data/Project1/Campbell RMBL Data/Drought-net 2025/JB_071924_256_9182025_13.qgd,NA,NA
1526,NA,NA,2025-09-19T04:45:08Z,2025-09-19T04:45:08Z,NA NA,NA,NA,16,16,NA,NA,NA,mismatch,JB_071924_258_9182025_16.qgd,,NA,C:/GCMSsolution/Data/Project1/Campbell RMBL Data/Drought-net 2025/JB_071924_258_9182025_16.qgd,NA,NA
1527,NA,NA,2025-09-20T01:06:41Z,2025-09-20T01:06:41Z,NA NA,NA,NA,18,18,NA,NA,NA,mismatch,JB_071924_675_9192025_18.qgd,,NA,C:/GCMSsolution/Data/Project1/Campbell RMBL Data/Drought-net 2025/JB_071924_675_9192025_18.qgd,NA,NA